geo,time,burns_deaths_per_100000_people
afg,1990,2.97
afg,1991,2.84
afg,1992,2.75
afg,1993,2.76
afg,1994,2.79
afg,1995,2.79
afg,1996,2.79
afg,1997,2.82
afg,1998,2.83
afg,1999,2.85
afg,2000,2.84
afg,2001,2.82
afg,2002,2.68
afg,2003,2.72
afg,2004,2.71
afg,2005,2.62
afg,2006,2.55
afg,2007,2.45
afg,2008,2.35
afg,2009,2.26
afg,2010,2.21
afg,2011,2.14
afg,2012,2.08
afg,2013,2.06
afg,2014,2.02
afg,2015,1.99
afg,2016,1.97
afg,2017,1.94
afg,2018,1.91
afg,2019,1.89
ago,1990,4.83
ago,1991,4.78
ago,1992,4.76
ago,1993,4.78
ago,1994,4.78
ago,1995,4.72
ago,1996,4.55
ago,1997,4.48
ago,1998,4.51
ago,1999,4.5
ago,2000,4.43
ago,2001,4.32
ago,2002,4.19
ago,2003,4.12
ago,2004,4.57
ago,2005,4
ago,2006,3.9
ago,2007,3.78
ago,2008,3.68
ago,2009,3.57
ago,2010,3.5
ago,2011,3.41
ago,2012,3.33
ago,2013,3.23
ago,2014,3.11
ago,2015,3.05
ago,2016,2.97
ago,2017,2.92
ago,2018,2.89
ago,2019,2.88
alb,1990,1.1
alb,1991,1.17
alb,1992,1.17
alb,1993,1.11
alb,1994,1
alb,1995,0.95
alb,1996,0.91
alb,1997,0.86
alb,1998,0.81
alb,1999,0.78
alb,2000,0.74
alb,2001,0.69
alb,2002,0.68
alb,2003,0.7
alb,2004,0.67
alb,2005,0.63
alb,2006,0.6
alb,2007,0.58
alb,2008,0.57
alb,2009,0.56
alb,2010,0.56
alb,2011,0.58
alb,2012,0.58
alb,2013,0.59
alb,2014,0.6
alb,2015,0.61
alb,2016,0.6
alb,2017,0.59
alb,2018,0.58
alb,2019,0.57
and,1990,0.49
and,1991,0.48
and,1992,0.48
and,1993,0.46
and,1994,0.45
and,1995,0.44
and,1996,0.43
and,1997,0.42
and,1998,0.41
and,1999,0.4
and,2000,0.39
and,2001,0.38
and,2002,0.37
and,2003,0.36
and,2004,0.36
and,2005,0.35
and,2006,0.35
and,2007,0.34
and,2008,0.34
and,2009,0.34
and,2010,0.33
and,2011,0.33
and,2012,0.32
and,2013,0.32
and,2014,0.32
and,2015,0.31
and,2016,0.31
and,2017,0.31
and,2018,0.31
and,2019,0.3
are,1990,5.76
are,1991,5.74
are,1992,5.75
are,1993,5.79
are,1994,6.04
are,1995,5.99
are,1996,5.96
are,1997,5.92
are,1998,5.87
are,1999,5.82
are,2000,5.74
are,2001,6.3
are,2002,5.56
are,2003,5.82
are,2004,6.19
are,2005,6.09
are,2006,6.01
are,2007,5.45
are,2008,5.47
are,2009,4.97
are,2010,4.69
are,2011,4.45
are,2012,4.25
are,2013,3.88
are,2014,2.92
are,2015,2.9
are,2016,2.9
are,2017,2.89
are,2018,2.88
are,2019,2.86
arg,1990,1.99
arg,1991,2.02
arg,1992,2.05
arg,1993,2.06
arg,1994,2.03
arg,1995,2.05
arg,1996,2.1
arg,1997,2.11
arg,1998,2.09
arg,1999,2.07
arg,2000,1.94
arg,2001,1.9
arg,2002,1.87
arg,2003,1.83
arg,2004,1.76
arg,2005,1.82
arg,2006,1.73
arg,2007,1.76
arg,2008,1.7
arg,2009,1.66
arg,2010,1.63
arg,2011,1.6
arg,2012,1.55
arg,2013,1.5
arg,2014,1.43
arg,2015,1.38
arg,2016,1.4
arg,2017,1.39
arg,2018,1.35
arg,2019,1.33
arm,1990,7.38
arm,1991,7.12
arm,1992,7.53
arm,1993,7.7
arm,1994,7.35
arm,1995,6.05
arm,1996,5.12
arm,1997,4.44
arm,1998,3.89
arm,1999,3.29
arm,2000,2.96
arm,2001,2.92
arm,2002,2.63
arm,2003,2.5
arm,2004,2.21
arm,2005,1.99
arm,2006,1.74
arm,2007,1.68
arm,2008,1.6
arm,2009,1.52
arm,2010,1.46
arm,2011,1.46
arm,2012,1.48
arm,2013,1.45
arm,2014,1.42
arm,2015,1.42
arm,2016,1.37
arm,2017,1.33
arm,2018,1.31
arm,2019,1.28
asm,1990,0.97
asm,1991,0.96
asm,1992,0.95
asm,1993,0.94
asm,1994,0.93
asm,1995,0.92
asm,1996,0.92
asm,1997,0.92
asm,1998,0.89
asm,1999,0.82
asm,2000,0.79
asm,2001,0.72
asm,2002,0.7
asm,2003,0.68
asm,2004,0.67
asm,2005,0.67
asm,2006,0.67
asm,2007,0.66
asm,2008,0.66
asm,2009,0.66
asm,2010,0.67
asm,2011,0.68
asm,2012,0.69
asm,2013,0.69
asm,2014,0.7
asm,2015,0.71
asm,2016,0.74
asm,2017,0.73
asm,2018,0.72
asm,2019,0.72
atg,1990,3.77
atg,1991,3.8
atg,1992,3.73
atg,1993,3.83
atg,1994,3.8
atg,1995,3.71
atg,1996,3.63
atg,1997,3.55
atg,1998,3.38
atg,1999,3.23
atg,2000,3.08
atg,2001,2.96
atg,2002,2.85
atg,2003,2.71
atg,2004,2.65
atg,2005,2.56
atg,2006,2.51
atg,2007,2.51
atg,2008,2.52
atg,2009,2.44
atg,2010,2.45
atg,2011,2.44
atg,2012,2.39
atg,2013,2.36
atg,2014,2.34
atg,2015,2.34
atg,2016,2.31
atg,2017,2.28
atg,2018,2.24
atg,2019,2.21
aus,1990,0.84
aus,1991,0.98
aus,1992,0.82
aus,1993,0.78
aus,1994,0.94
aus,1995,0.76
aus,1996,0.83
aus,1997,0.7
aus,1998,0.67
aus,1999,0.64
aus,2000,0.66
aus,2001,0.54
aus,2002,0.69
aus,2003,0.61
aus,2004,0.5
aus,2005,0.52
aus,2006,0.45
aus,2007,0.44
aus,2008,0.43
aus,2009,1.04
aus,2010,0.39
aus,2011,0.45
aus,2012,0.35
aus,2013,0.33
aus,2014,0.33
aus,2015,0.32
aus,2016,0.31
aus,2017,0.31
aus,2018,0.31
aus,2019,0.31
aut,1990,0.63
aut,1991,0.64
aut,1992,0.63
aut,1993,0.62
aut,1994,0.6
aut,1995,0.58
aut,1996,0.56
aut,1997,0.56
aut,1998,0.53
aut,1999,0.51
aut,2000,0.5
aut,2001,0.48
aut,2002,0.46
aut,2003,0.45
aut,2004,0.44
aut,2005,0.42
aut,2006,0.39
aut,2007,0.37
aut,2008,0.54
aut,2009,0.36
aut,2010,0.35
aut,2011,0.33
aut,2012,0.32
aut,2013,0.31
aut,2014,0.3
aut,2015,0.3
aut,2016,0.29
aut,2017,0.28
aut,2018,0.28
aut,2019,0.27
aze,1990,7.19
aze,1991,7.51
aze,1992,8.2
aze,1993,8.46
aze,1994,8.87
aze,1995,8.06
aze,1996,7.64
aze,1997,7.39
aze,1998,7.19
aze,1999,6.94
aze,2000,6.69
aze,2001,6.44
aze,2002,6.24
aze,2003,6.16
aze,2004,6.04
aze,2005,6
aze,2006,5.74
aze,2007,5.45
aze,2008,5.37
aze,2009,5.27
aze,2010,5.23
aze,2011,5.1
aze,2012,4.99
aze,2013,4.93
aze,2014,4.85
aze,2015,4.9
aze,2016,4.63
aze,2017,4.58
aze,2018,4.77
aze,2019,4.41
bdi,1990,5.3
bdi,1991,5.32
bdi,1992,5.32
bdi,1993,5.29
bdi,1994,5.22
bdi,1995,5.28
bdi,1996,5.26
bdi,1997,5.17
bdi,1998,5.09
bdi,1999,4.98
bdi,2000,4.89
bdi,2001,4.73
bdi,2002,4.75
bdi,2003,4.74
bdi,2004,4.73
bdi,2005,4.71
bdi,2006,4.62
bdi,2007,4.49
bdi,2008,4.33
bdi,2009,4.25
bdi,2010,4.27
bdi,2011,4.24
bdi,2012,4.2
bdi,2013,4.16
bdi,2014,4.08
bdi,2015,3.97
bdi,2016,3.83
bdi,2017,3.75
bdi,2018,3.79
bdi,2019,3.75
bel,1990,1.16
bel,1991,1.17
bel,1992,1.2
bel,1993,1.17
bel,1994,1.35
bel,1995,1.16
bel,1996,1.09
bel,1997,1.12
bel,1998,1.12
bel,1999,1.12
bel,2000,1.08
bel,2001,1.05
bel,2002,1.02
bel,2003,1.01
bel,2004,0.96
bel,2005,0.93
bel,2006,0.92
bel,2007,0.92
bel,2008,0.91
bel,2009,0.89
bel,2010,0.85
bel,2011,0.83
bel,2012,0.81
bel,2013,0.77
bel,2014,0.73
bel,2015,0.71
bel,2016,0.69
bel,2017,0.68
bel,2018,0.67
bel,2019,0.66
ben,1990,4.32
ben,1991,4.31
ben,1992,4.3
ben,1993,4.3
ben,1994,4.34
ben,1995,4.37
ben,1996,4.4
ben,1997,4.39
ben,1998,4.41
ben,1999,4.39
ben,2000,4.4
ben,2001,4.31
ben,2002,4.34
ben,2003,4.26
ben,2004,4.24
ben,2005,4.16
ben,2006,4.11
ben,2007,4.03
ben,2008,4.07
ben,2009,4.02
ben,2010,4.03
ben,2011,4.02
ben,2012,4
ben,2013,3.96
ben,2014,3.84
ben,2015,3.82
ben,2016,3.76
ben,2017,3.7
ben,2018,3.56
ben,2019,3.48
bfa,1990,4.65
bfa,1991,4.56
bfa,1992,4.51
bfa,1993,4.51
bfa,1994,4.48
bfa,1995,4.48
bfa,1996,4.44
bfa,1997,4.43
bfa,1998,4.43
bfa,1999,4.35
bfa,2000,4.39
bfa,2001,4.22
bfa,2002,4.14
bfa,2003,4.08
bfa,2004,4.06
bfa,2005,4.03
bfa,2006,3.99
bfa,2007,3.86
bfa,2008,3.81
bfa,2009,3.77
bfa,2010,3.81
bfa,2011,3.83
bfa,2012,3.89
bfa,2013,3.97
bfa,2014,3.98
bfa,2015,4.05
bfa,2016,4.1
bfa,2017,4.11
bfa,2018,4.09
bfa,2019,4.01
bgd,1990,2.25
bgd,1991,2.18
bgd,1992,2.21
bgd,1993,2.21
bgd,1994,2.19
bgd,1995,2.17
bgd,1996,2.09
bgd,1997,1.98
bgd,1998,1.88
bgd,1999,1.8
bgd,2000,1.74
bgd,2001,1.64
bgd,2002,1.58
bgd,2003,1.51
bgd,2004,1.45
bgd,2005,1.41
bgd,2006,1.38
bgd,2007,1.34
bgd,2008,1.27
bgd,2009,1.23
bgd,2010,1.3
bgd,2011,1.09
bgd,2012,1.01
bgd,2013,0.99
bgd,2014,0.98
bgd,2015,0.95
bgd,2016,0.94
bgd,2017,0.95
bgd,2018,0.94
bgd,2019,1
bgr,1990,2.01
bgr,1991,1.96
bgr,1992,2.03
bgr,1993,2.07
bgr,1994,2.11
bgr,1995,2
bgr,1996,2
bgr,1997,2.02
bgr,1998,1.86
bgr,1999,1.73
bgr,2000,1.66
bgr,2001,1.7
bgr,2002,1.65
bgr,2003,1.61
bgr,2004,1.59
bgr,2005,1.6
bgr,2006,1.6
bgr,2007,1.6
bgr,2008,1.5
bgr,2009,1.45
bgr,2010,1.37
bgr,2011,1.34
bgr,2012,1.27
bgr,2013,1.21
bgr,2014,1.19
bgr,2015,1.16
bgr,2016,1.12
bgr,2017,1.11
bgr,2018,1.1
bgr,2019,1.08
bhr,1990,2.56
bhr,1991,2.67
bhr,1992,2.7
bhr,1993,2.7
bhr,1994,2.73
bhr,1995,2.77
bhr,1996,2.81
bhr,1997,2.84
bhr,1998,2.91
bhr,1999,2.83
bhr,2000,2.51
bhr,2001,2.28
bhr,2002,2.38
bhr,2003,2.46
bhr,2004,2.45
bhr,2005,2.37
bhr,2006,2.34
bhr,2007,2.23
bhr,2008,2.17
bhr,2009,2.11
bhr,2010,2.08
bhr,2011,2.07
bhr,2012,3.14
bhr,2013,3.38
bhr,2014,1.96
bhr,2015,1.88
bhr,2016,1.85
bhr,2017,1.83
bhr,2018,1.79
bhr,2019,1.75
bhs,1990,5.02
bhs,1991,4.98
bhs,1992,4.94
bhs,1993,4.89
bhs,1994,4.78
bhs,1995,4.61
bhs,1996,4.64
bhs,1997,4.54
bhs,1998,4.32
bhs,1999,4.16
bhs,2000,3.88
bhs,2001,3.78
bhs,2002,3.58
bhs,2003,3.5
bhs,2004,3.33
bhs,2005,3.1
bhs,2006,3.03
bhs,2007,2.85
bhs,2008,2.87
bhs,2009,2.9
bhs,2010,2.89
bhs,2011,2.87
bhs,2012,2.88
bhs,2013,2.8
bhs,2014,2.76
bhs,2015,2.8
bhs,2016,2.78
bhs,2017,2.76
bhs,2018,2.74
bhs,2019,2.73
bih,1990,1.81
bih,1991,2.01
bih,1992,2.03
bih,1993,2
bih,1994,2
bih,1995,1.96
bih,1996,1.86
bih,1997,1.77
bih,1998,1.62
bih,1999,1.53
bih,2000,1.52
bih,2001,1.5
bih,2002,1.52
bih,2003,1.46
bih,2004,1.42
bih,2005,1.48
bih,2006,1.44
bih,2007,1.49
bih,2008,1.39
bih,2009,1.34
bih,2010,1.29
bih,2011,1.27
bih,2012,1.2
bih,2013,1.17
bih,2014,1.11
bih,2015,1.18
bih,2016,1.2
bih,2017,1.16
bih,2018,1.14
bih,2019,1.13
blr,1990,4.71
blr,1991,5.06
blr,1992,5.62
blr,1993,6.34
blr,1994,6.75
blr,1995,7.47
blr,1996,7.72
blr,1997,8.35
blr,1998,8.99
blr,1999,9.54
blr,2000,9.06
blr,2001,9.23
blr,2002,8.77
blr,2003,8.56
blr,2004,7.88
blr,2005,7.87
blr,2006,7.33
blr,2007,6.7
blr,2008,6.46
blr,2009,6.39
blr,2010,6.47
blr,2011,6.71
blr,2012,6.02
blr,2013,6.1
blr,2014,6.07
blr,2015,5.53
blr,2016,5.33
blr,2017,5.27
blr,2018,5.19
blr,2019,5.13
blz,1990,2.09
blz,1991,2.13
blz,1992,2.07
blz,1993,1.96
blz,1994,1.88
blz,1995,1.92
blz,1996,1.99
blz,1997,2.1
blz,1998,2.12
blz,1999,2.09
blz,2000,2.01
blz,2001,1.91
blz,2002,1.77
blz,2003,1.65
blz,2004,1.6
blz,2005,1.53
blz,2006,1.46
blz,2007,1.36
blz,2008,1.31
blz,2009,1.29
blz,2010,1.29
blz,2011,1.26
blz,2012,1.21
blz,2013,1.19
blz,2014,1.18
blz,2015,1.19
blz,2016,1.18
blz,2017,1.17
blz,2018,1.17
blz,2019,1.16
bmu,1990,0.5
bmu,1991,0.49
bmu,1992,0.46
bmu,1993,0.45
bmu,1994,0.43
bmu,1995,0.42
bmu,1996,0.4
bmu,1997,0.39
bmu,1998,0.37
bmu,1999,0.36
bmu,2000,0.35
bmu,2001,0.33
bmu,2002,0.32
bmu,2003,0.31
bmu,2004,0.3
bmu,2005,0.29
bmu,2006,0.28
bmu,2007,0.27
bmu,2008,0.26
bmu,2009,0.26
bmu,2010,0.25
bmu,2011,0.24
bmu,2012,0.23
bmu,2013,0.23
bmu,2014,0.22
bmu,2015,0.22
bmu,2016,0.22
bmu,2017,0.22
bmu,2018,0.21
bmu,2019,0.21
bol,1990,3.93
bol,1991,3.84
bol,1992,3.74
bol,1993,3.64
bol,1994,3.53
bol,1995,3.44
bol,1996,3.32
bol,1997,3.25
bol,1998,3.15
bol,1999,3.08
bol,2000,2.93
bol,2001,2.79
bol,2002,2.68
bol,2003,2.56
bol,2004,2.45
bol,2005,2.36
bol,2006,2.29
bol,2007,2.24
bol,2008,2.18
bol,2009,2.13
bol,2010,2.08
bol,2011,2.03
bol,2012,1.98
bol,2013,1.93
bol,2014,1.9
bol,2015,1.87
bol,2016,1.84
bol,2017,1.81
bol,2018,1.78
bol,2019,1.75
bra,1990,2.32
bra,1991,2.22
bra,1992,2.09
bra,1993,2.03
bra,1994,1.93
bra,1995,1.85
bra,1996,1.77
bra,1997,1.68
bra,1998,1.62
bra,1999,1.51
bra,2000,1.47
bra,2001,1.37
bra,2002,1.32
bra,2003,1.26
bra,2004,1.21
bra,2005,1.13
bra,2006,1.09
bra,2007,1.06
bra,2008,1.03
bra,2009,0.99
bra,2010,0.98
bra,2011,0.95
bra,2012,0.92
bra,2013,1.07
bra,2014,0.86
bra,2015,0.83
bra,2016,0.82
bra,2017,0.77
bra,2018,0.78
bra,2019,0.75
brb,1990,2.14
brb,1991,2.11
brb,1992,2.07
brb,1993,2.07
brb,1994,2.03
brb,1995,1.96
brb,1996,1.95
brb,1997,1.9
brb,1998,1.84
brb,1999,1.75
brb,2000,1.67
brb,2001,1.58
brb,2002,1.57
brb,2003,1.57
brb,2004,1.54
brb,2005,1.45
brb,2006,1.39
brb,2007,1.32
brb,2008,1.3
brb,2009,1.28
brb,2010,1.25
brb,2011,1.22
brb,2012,1.19
brb,2013,1.19
brb,2014,1.19
brb,2015,1.18
brb,2016,1.17
brb,2017,1.17
brb,2018,1.17
brb,2019,1.18
brn,1990,2.67
brn,1991,2.61
brn,1992,2.54
brn,1993,2.48
brn,1994,2.38
brn,1995,2.31
brn,1996,2.24
brn,1997,2.22
brn,1998,2.15
brn,1999,2.1
brn,2000,2.04
brn,2001,1.96
brn,2002,1.92
brn,2003,1.92
brn,2004,1.86
brn,2005,1.82
brn,2006,1.76
brn,2007,1.68
brn,2008,1.6
brn,2009,1.58
brn,2010,1.58
brn,2011,1.58
brn,2012,1.6
brn,2013,1.61
brn,2014,1.61
brn,2015,1.59
brn,2016,1.57
brn,2017,1.56
brn,2018,1.54
brn,2019,1.51
btn,1990,1.94
btn,1991,1.97
btn,1992,1.96
btn,1993,1.95
btn,1994,1.92
btn,1995,1.91
btn,1996,1.89
btn,1997,1.91
btn,1998,1.91
btn,1999,1.8
btn,2000,1.81
btn,2001,1.76
btn,2002,1.69
btn,2003,1.67
btn,2004,1.63
btn,2005,1.58
btn,2006,1.49
btn,2007,1.56
btn,2008,1.53
btn,2009,1.49
btn,2010,1.47
btn,2011,1.44
btn,2012,1.4
btn,2013,1.39
btn,2014,1.37
btn,2015,1.36
btn,2016,1.35
btn,2017,1.34
btn,2018,1.33
btn,2019,1.32
bwa,1990,6.81
bwa,1991,6.93
bwa,1992,7.17
bwa,1993,7.36
bwa,1994,7.63
bwa,1995,7.93
bwa,1996,8.06
bwa,1997,8.17
bwa,1998,8.44
bwa,1999,8.55
bwa,2000,8.66
bwa,2001,8.74
bwa,2002,8.74
bwa,2003,8.52
bwa,2004,8.14
bwa,2005,7.75
bwa,2006,7.55
bwa,2007,7.27
bwa,2008,7.14
bwa,2009,6.99
bwa,2010,6.95
bwa,2011,6.82
bwa,2012,6.68
bwa,2013,6.55
bwa,2014,6.45
bwa,2015,6.36
bwa,2016,6.2
bwa,2017,6.15
bwa,2018,6.08
bwa,2019,5.98
caf,1990,5.67
caf,1991,5.68
caf,1992,5.59
caf,1993,5.61
caf,1994,5.6
caf,1995,5.58
caf,1996,5.65
caf,1997,5.61
caf,1998,5.62
caf,1999,5.61
caf,2000,5.54
caf,2001,5.5
caf,2002,5.53
caf,2003,5.47
caf,2004,5.43
caf,2005,5.39
caf,2006,5.44
caf,2007,5.4
caf,2008,5.32
caf,2009,5.29
caf,2010,5.29
caf,2011,5.23
caf,2012,5.15
caf,2013,5.14
caf,2014,5.06
caf,2015,4.97
caf,2016,4.88
caf,2017,4.82
caf,2018,4.75
caf,2019,4.66
can,1990,1.59
can,1991,1.49
can,1992,1.43
can,1993,1.38
can,1994,1.31
can,1995,1.25
can,1996,1.18
can,1997,1.14
can,1998,1.07
can,1999,1.04
can,2000,0.97
can,2001,0.93
can,2002,0.89
can,2003,0.84
can,2004,0.82
can,2005,0.79
can,2006,0.76
can,2007,0.75
can,2008,0.75
can,2009,0.71
can,2010,0.68
can,2011,0.64
can,2012,0.62
can,2013,0.63
can,2014,0.64
can,2015,0.62
can,2016,0.62
can,2017,0.61
can,2018,0.61
can,2019,0.6
che,1990,0.56
che,1991,0.58
che,1992,0.59
che,1993,0.58
che,1994,0.57
che,1995,0.54
che,1996,0.54
che,1997,0.55
che,1998,0.52
che,1999,0.51
che,2000,0.5
che,2001,0.48
che,2002,0.45
che,2003,0.43
che,2004,0.42
che,2005,0.39
che,2006,0.37
che,2007,0.35
che,2008,0.34
che,2009,0.33
che,2010,0.31
che,2011,0.31
che,2012,0.3
che,2013,0.29
che,2014,0.27
che,2015,0.27
che,2016,0.26
che,2017,0.26
che,2018,0.26
che,2019,0.26
chl,1990,5.3
chl,1991,4.74
chl,1992,4.32
chl,1993,4.09
chl,1994,3.9
chl,1995,3.75
chl,1996,3.56
chl,1997,3.46
chl,1998,2.95
chl,1999,2.73
chl,2000,2.66
chl,2001,2.62
chl,2002,2.5
chl,2003,2.47
chl,2004,2.37
chl,2005,2.28
chl,2006,2.21
chl,2007,2.35
chl,2008,2.15
chl,2009,2.31
chl,2010,2.73
chl,2011,2
chl,2012,1.92
chl,2013,1.88
chl,2014,1.96
chl,2015,1.73
chl,2016,1.68
chl,2017,1.71
chl,2018,1.62
chl,2019,1.59
chn,1990,1.9
chn,1991,1.87
chn,1992,1.82
chn,1993,1.76
chn,1994,1.75
chn,1995,1.64
chn,1996,1.55
chn,1997,1.48
chn,1998,1.4
chn,1999,1.34
chn,2000,1.32
chn,2001,1.21
chn,2002,1.17
chn,2003,1.17
chn,2004,1.19
chn,2005,1.15
chn,2006,1.08
chn,2007,1.03
chn,2008,1
chn,2009,0.97
chn,2010,0.95
chn,2011,0.91
chn,2012,0.87
chn,2013,0.84
chn,2014,0.81
chn,2015,0.79
chn,2016,0.76
chn,2017,0.74
chn,2018,0.73
chn,2019,0.72
civ,1990,4.25
civ,1991,4.26
civ,1992,4.29
civ,1993,4.35
civ,1994,4.4
civ,1995,4.45
civ,1996,4.44
civ,1997,4.41
civ,1998,4.4
civ,1999,4.36
civ,2000,4.35
civ,2001,4.27
civ,2002,4.22
civ,2003,4.14
civ,2004,4.08
civ,2005,4.01
civ,2006,3.99
civ,2007,3.89
civ,2008,3.81
civ,2009,3.78
civ,2010,3.74
civ,2011,3.68
civ,2012,3.69
civ,2013,3.72
civ,2014,3.67
civ,2015,3.63
civ,2016,3.46
civ,2017,3.34
civ,2018,3.3
civ,2019,3.2
cmr,1990,3.53
cmr,1991,3.58
cmr,1992,3.65
cmr,1993,3.73
cmr,1994,3.77
cmr,1995,3.83
cmr,1996,3.88
cmr,1997,3.96
cmr,1998,4.03
cmr,1999,4.06
cmr,2000,4.1
cmr,2001,4.04
cmr,2002,4.13
cmr,2003,4.09
cmr,2004,4.04
cmr,2005,4.01
cmr,2006,3.98
cmr,2007,3.89
cmr,2008,3.85
cmr,2009,3.84
cmr,2010,3.83
cmr,2011,3.82
cmr,2012,3.77
cmr,2013,3.74
cmr,2014,3.66
cmr,2015,3.54
cmr,2016,3.49
cmr,2017,3.41
cmr,2018,3.34
cmr,2019,3.27
cod,1990,4
cod,1991,3.98
cod,1992,3.94
cod,1993,3.88
cod,1994,3.84
cod,1995,3.83
cod,1996,3.84
cod,1997,3.74
cod,1998,3.73
cod,1999,3.69
cod,2000,3.94
cod,2001,3.67
cod,2002,3.64
cod,2003,3.63
cod,2004,3.56
cod,2005,3.51
cod,2006,3.47
cod,2007,3.42
cod,2008,3.38
cod,2009,3.34
cod,2010,3.3
cod,2011,3.25
cod,2012,3.21
cod,2013,3.17
cod,2014,3.1
cod,2015,3.03
cod,2016,2.93
cod,2017,2.86
cod,2018,2.85
cod,2019,2.79
cog,1990,4.48
cog,1991,4.37
cog,1992,4.3
cog,1993,4.27
cog,1994,4.38
cog,1995,4.39
cog,1996,4.41
cog,1997,4.42
cog,1998,4.24
cog,1999,4.14
cog,2000,3.97
cog,2001,3.75
cog,2002,3.6
cog,2003,3.58
cog,2004,3.51
cog,2005,3.46
cog,2006,3.39
cog,2007,3.34
cog,2008,3.3
cog,2009,3.24
cog,2010,3.17
cog,2011,3.09
cog,2012,3.08
cog,2013,3.03
cog,2014,2.99
cog,2015,2.93
cog,2016,2.87
cog,2017,2.82
cog,2018,2.8
cog,2019,2.77
cok,1990,0.53
cok,1991,0.51
cok,1992,0.49
cok,1993,0.47
cok,1994,0.46
cok,1995,0.45
cok,1996,0.43
cok,1997,0.42
cok,1998,0.41
cok,1999,0.41
cok,2000,0.4
cok,2001,0.38
cok,2002,0.36
cok,2003,0.35
cok,2004,0.34
cok,2005,0.33
cok,2006,0.32
cok,2007,0.32
cok,2008,0.31
cok,2009,0.3
cok,2010,0.3
cok,2011,0.3
cok,2012,0.29
cok,2013,0.29
cok,2014,0.29
cok,2015,0.28
cok,2016,0.28
cok,2017,0.28
cok,2018,0.28
cok,2019,0.27
col,1990,1.67
col,1991,1.66
col,1992,1.61
col,1993,1.52
col,1994,1.4
col,1995,1.27
col,1996,1.17
col,1997,1.02
col,1998,0.92
col,1999,0.89
col,2000,0.83
col,2001,0.8
col,2002,0.81
col,2003,0.75
col,2004,0.71
col,2005,0.67
col,2006,0.66
col,2007,0.62
col,2008,0.59
col,2009,0.58
col,2010,0.53
col,2011,0.49
col,2012,0.46
col,2013,0.44
col,2014,0.5
col,2015,0.43
col,2016,0.41
col,2017,0.4
col,2018,0.39
col,2019,0.4
com,1990,3.83
com,1991,3.82
com,1992,3.92
com,1993,3.91
com,1994,3.98
com,1995,3.98
com,1996,3.97
com,1997,3.93
com,1998,3.8
com,1999,3.69
com,2000,3.7
com,2001,3.61
com,2002,3.55
com,2003,3.44
com,2004,3.35
com,2005,3.4
com,2006,3.23
com,2007,3.45
com,2008,3.48
com,2009,3.28
com,2010,3.1
com,2011,3.15
com,2012,3.1
com,2013,3.08
com,2014,3.35
com,2015,3.31
com,2016,3.25
com,2017,3.22
com,2018,3.11
com,2019,3.04
cpv,1990,3.13
cpv,1991,3.14
cpv,1992,3.15
cpv,1993,3.21
cpv,1994,3.29
cpv,1995,3.43
cpv,1996,3.7
cpv,1997,4
cpv,1998,4.1
cpv,1999,4.13
cpv,2000,4.02
cpv,2001,3.94
cpv,2002,3.88
cpv,2003,3.81
cpv,2004,3.75
cpv,2005,3.69
cpv,2006,3.5
cpv,2007,3.38
cpv,2008,3.31
cpv,2009,3.25
cpv,2010,3.24
cpv,2011,3.23
cpv,2012,3.19
cpv,2013,3.18
cpv,2014,3.2
cpv,2015,3.2
cpv,2016,3.25
cpv,2017,3.25
cpv,2018,3.6
cpv,2019,3.53
cri,1990,0.81
cri,1991,0.81
cri,1992,0.87
cri,1993,0.85
cri,1994,0.89
cri,1995,0.88
cri,1996,0.82
cri,1997,0.79
cri,1998,0.74
cri,1999,0.74
cri,2000,1.67
cri,2001,0.62
cri,2002,0.58
cri,2003,0.59
cri,2004,0.63
cri,2005,0.58
cri,2006,0.55
cri,2007,0.46
cri,2008,0.44
cri,2009,0.42
cri,2010,0.48
cri,2011,0.44
cri,2012,0.44
cri,2013,0.43
cri,2014,0.42
cri,2015,0.43
cri,2016,0.43
cri,2017,0.43
cri,2018,0.42
cri,2019,0.41
cub,1990,1.75
cub,1991,1.71
cub,1992,1.68
cub,1993,1.68
cub,1994,1.62
cub,1995,1.53
cub,1996,1.39
cub,1997,1.28
cub,1998,1.21
cub,1999,1.13
cub,2000,1.01
cub,2001,0.95
cub,2002,0.83
cub,2003,0.78
cub,2004,0.76
cub,2005,0.73
cub,2006,0.65
cub,2007,0.61
cub,2008,0.61
cub,2009,0.61
cub,2010,0.61
cub,2011,0.58
cub,2012,0.6
cub,2013,0.61
cub,2014,0.6
cub,2015,0.63
cub,2016,0.61
cub,2017,0.61
cub,2018,0.6
cub,2019,0.58
cyp,1990,1.22
cyp,1991,1.26
cyp,1992,1.27
cyp,1993,1.27
cyp,1994,1.23
cyp,1995,1.18
cyp,1996,1.13
cyp,1997,1.09
cyp,1998,1.07
cyp,1999,1.03
cyp,2000,0.98
cyp,2001,0.95
cyp,2002,0.91
cyp,2003,0.88
cyp,2004,0.85
cyp,2005,0.81
cyp,2006,0.8
cyp,2007,0.78
cyp,2008,0.74
cyp,2009,0.7
cyp,2010,0.67
cyp,2011,0.64
cyp,2012,0.63
cyp,2013,0.62
cyp,2014,0.61
cyp,2015,0.61
cyp,2016,0.6
cyp,2017,0.58
cyp,2018,0.57
cyp,2019,0.56
cze,1990,1.19
cze,1991,1.13
cze,1992,1.08
cze,1993,0.99
cze,1994,0.94
cze,1995,0.91
cze,1996,0.84
cze,1997,0.84
cze,1998,0.78
cze,1999,0.74
cze,2000,0.73
cze,2001,0.71
cze,2002,0.69
cze,2003,0.7
cze,2004,0.66
cze,2005,0.64
cze,2006,0.61
cze,2007,0.58
cze,2008,0.56
cze,2009,0.53
cze,2010,0.52
cze,2011,0.49
cze,2012,0.48
cze,2013,0.46
cze,2014,0.45
cze,2015,0.45
cze,2016,0.45
cze,2017,0.43
cze,2018,0.52
cze,2019,0.42
deu,1990,0.95
deu,1991,0.94
deu,1992,0.89
deu,1993,0.86
deu,1994,0.81
deu,1995,0.79
deu,1996,0.87
deu,1997,0.72
deu,1998,0.68
deu,1999,0.65
deu,2000,0.61
deu,2001,0.59
deu,2002,0.58
deu,2003,0.57
deu,2004,0.54
deu,2005,0.52
deu,2006,0.5
deu,2007,0.48
deu,2008,0.48
deu,2009,0.48
deu,2010,0.47
deu,2011,0.47
deu,2012,0.46
deu,2013,0.46
deu,2014,0.45
deu,2015,0.46
deu,2016,0.45
deu,2017,0.44
deu,2018,0.43
deu,2019,0.43
dji,1990,3.84
dji,1991,3.92
dji,1992,4
dji,1993,4.11
dji,1994,4.06
dji,1995,4.19
dji,1996,4.18
dji,1997,4.12
dji,1998,4.18
dji,1999,4.16
dji,2000,4.13
dji,2001,4.09
dji,2002,4.09
dji,2003,4.05
dji,2004,4.2
dji,2005,4.17
dji,2006,4.13
dji,2007,4.11
dji,2008,4.05
dji,2009,3.97
dji,2010,3.95
dji,2011,3.88
dji,2012,3.85
dji,2013,3.81
dji,2014,3.66
dji,2015,3.62
dji,2016,3.58
dji,2017,3.56
dji,2018,3.53
dji,2019,3.49
dma,1990,3.26
dma,1991,3.27
dma,1992,3.16
dma,1993,3.11
dma,1994,3.07
dma,1995,3.02
dma,1996,2.99
dma,1997,2.94
dma,1998,2.9
dma,1999,2.91
dma,2000,2.86
dma,2001,2.78
dma,2002,2.73
dma,2003,2.68
dma,2004,2.61
dma,2005,2.57
dma,2006,2.53
dma,2007,2.49
dma,2008,2.44
dma,2009,2.44
dma,2010,2.44
dma,2011,2.42
dma,2012,2.39
dma,2013,2.39
dma,2014,2.38
dma,2015,2.37
dma,2016,2.36
dma,2017,2.36
dma,2018,2.37
dma,2019,2.37
dnk,1990,1.31
dnk,1991,1.33
dnk,1992,1.35
dnk,1993,1.34
dnk,1994,1.32
dnk,1995,1.31
dnk,1996,1.28
dnk,1997,1.23
dnk,1998,1.17
dnk,1999,1.2
dnk,2000,1.15
dnk,2001,1.19
dnk,2002,1.25
dnk,2003,1.25
dnk,2004,1.22
dnk,2005,1.18
dnk,2006,1.17
dnk,2007,1.15
dnk,2008,1.12
dnk,2009,1.06
dnk,2010,0.99
dnk,2011,0.91
dnk,2012,0.86
dnk,2013,0.82
dnk,2014,0.8
dnk,2015,0.78
dnk,2016,0.77
dnk,2017,0.77
dnk,2018,0.76
dnk,2019,0.76
dom,1990,2.3
dom,1991,2.17
dom,1992,2.03
dom,1993,1.96
dom,1994,1.89
dom,1995,1.85
dom,1996,1.83
dom,1997,1.81
dom,1998,1.75
dom,1999,1.7
dom,2000,1.65
dom,2001,1.62
dom,2002,1.93
dom,2003,1.59
dom,2004,1.64
dom,2005,3.3
dom,2006,1.63
dom,2007,1.57
dom,2008,1.52
dom,2009,1.5
dom,2010,1.49
dom,2011,1.49
dom,2012,1.55
dom,2013,1.61
dom,2014,1.6
dom,2015,1.61
dom,2016,1.59
dom,2017,1.55
dom,2018,1.5
dom,2019,1.47
dza,1990,5.35
dza,1991,5.06
dza,1992,4.92
dza,1993,4.8
dza,1994,4.83
dza,1995,4.59
dza,1996,4.46
dza,1997,4.4
dza,1998,4.26
dza,1999,4.18
dza,2000,4.02
dza,2001,3.83
dza,2002,3.73
dza,2003,3.43
dza,2004,3.29
dza,2005,3.15
dza,2006,3.02
dza,2007,2.93
dza,2008,2.79
dza,2009,2.69
dza,2010,2.6
dza,2011,2.54
dza,2012,2.48
dza,2013,2.42
dza,2014,2.39
dza,2015,2.39
dza,2016,2.27
dza,2017,2.21
dza,2018,2.19
dza,2019,2.15
ecu,1990,2.11
ecu,1991,2.16
ecu,1992,2.08
ecu,1993,2
ecu,1994,1.95
ecu,1995,1.9
ecu,1996,1.88
ecu,1997,1.76
ecu,1998,1.73
ecu,1999,1.66
ecu,2000,1.6
ecu,2001,1.55
ecu,2002,1.63
ecu,2003,1.63
ecu,2004,1.62
ecu,2005,1.63
ecu,2006,1.6
ecu,2007,1.58
ecu,2008,1.67
ecu,2009,1.53
ecu,2010,1.49
ecu,2011,1.43
ecu,2012,1.43
ecu,2013,1.36
ecu,2014,1.32
ecu,2015,1.27
ecu,2016,1.24
ecu,2017,1.23
ecu,2018,1.21
ecu,2019,1.3
egy,1990,3.11
egy,1991,2.91
egy,1992,2.77
egy,1993,2.78
egy,1994,2.75
egy,1995,2.63
egy,1996,2.57
egy,1997,2.52
egy,1998,2.43
egy,1999,2.37
egy,2000,2.24
egy,2001,2.26
egy,2002,2.26
egy,2003,2.26
egy,2004,2.2
egy,2005,2.2
egy,2006,2.11
egy,2007,2.07
egy,2008,2.06
egy,2009,2.06
egy,2010,2.06
egy,2011,2.03
egy,2012,2.05
egy,2013,1.98
egy,2014,1.94
egy,2015,1.94
egy,2016,1.91
egy,2017,1.87
egy,2018,1.83
egy,2019,1.8
eri,1990,4.89
eri,1991,4.9
eri,1992,4.81
eri,1993,4.76
eri,1994,4.79
eri,1995,4.92
eri,1996,4.88
eri,1997,4.87
eri,1998,4.82
eri,1999,4.85
eri,2000,4.86
eri,2001,4.79
eri,2002,4.88
eri,2003,4.85
eri,2004,4.91
eri,2005,4.89
eri,2006,4.83
eri,2007,4.78
eri,2008,4.73
eri,2009,4.65
eri,2010,4.6
eri,2011,4.51
eri,2012,4.47
eri,2013,4.45
eri,2014,4.41
eri,2015,4.39
eri,2016,4.35
eri,2017,4.28
eri,2018,4.24
eri,2019,4.21
esp,1990,0.77
esp,1991,0.72
esp,1992,0.68
esp,1993,0.64
esp,1994,0.72
esp,1995,0.57
esp,1996,0.55
esp,1997,0.53
esp,1998,0.52
esp,1999,0.51
esp,2000,0.49
esp,2001,0.47
esp,2002,0.46
esp,2003,0.52
esp,2004,0.5
esp,2005,0.5
esp,2006,0.42
esp,2007,0.38
esp,2008,0.37
esp,2009,0.34
esp,2010,0.32
esp,2011,0.31
esp,2012,0.33
esp,2013,0.29
esp,2014,0.28
esp,2015,0.29
esp,2016,0.28
esp,2017,0.28
esp,2018,0.27
esp,2019,0.27
est,1990,8.82
est,1991,9.39
est,1992,9.86
est,1993,11.38
est,1994,12.85
est,1995,12.89
est,1996,11.21
est,1997,11
est,1998,11.43
est,1999,10.49
est,2000,10.29
est,2001,10.73
est,2002,10
est,2003,9.29
est,2004,8.74
est,2005,8.06
est,2006,7.63
est,2007,7.16
est,2008,5.84
est,2009,4.95
est,2010,4.28
est,2011,4.15
est,2012,3.68
est,2013,3.18
est,2014,3.1
est,2015,2.88
est,2016,2.75
est,2017,2.79
est,2018,2.77
est,2019,2.73
eth,1990,6.62
eth,1991,6.49
eth,1992,6.44
eth,1993,6.29
eth,1994,6.12
eth,1995,5.97
eth,1996,5.76
eth,1997,5.59
eth,1998,5.5
eth,1999,5.37
eth,2000,5.21
eth,2001,5.07
eth,2002,4.97
eth,2003,4.86
eth,2004,4.73
eth,2005,4.69
eth,2006,4.56
eth,2007,4.45
eth,2008,4.33
eth,2009,4.22
eth,2010,4.1
eth,2011,4.02
eth,2012,3.91
eth,2013,3.8
eth,2014,3.75
eth,2015,3.65
eth,2016,3.61
eth,2017,3.55
eth,2018,3.51
eth,2019,3.45
fin,1990,1.81
fin,1991,1.77
fin,1992,1.66
fin,1993,1.62
fin,1994,1.53
fin,1995,1.48
fin,1996,1.43
fin,1997,1.4
fin,1998,1.34
fin,1999,1.3
fin,2000,1.26
fin,2001,1.19
fin,2002,1.21
fin,2003,1.24
fin,2004,1.27
fin,2005,1.24
fin,2006,1.25
fin,2007,1.21
fin,2008,1.19
fin,2009,1.15
fin,2010,1.08
fin,2011,1.01
fin,2012,0.99
fin,2013,0.92
fin,2014,0.9
fin,2015,0.85
fin,2016,0.85
fin,2017,0.84
fin,2018,0.83
fin,2019,0.82
fji,1990,3.84
fji,1991,3.82
fji,1992,3.76
fji,1993,3.77
fji,1994,3.75
fji,1995,3.75
fji,1996,3.77
fji,1997,3.76
fji,1998,3.72
fji,1999,3.77
fji,2000,3.81
fji,2001,3.71
fji,2002,3.61
fji,2003,3.57
fji,2004,3.53
fji,2005,3.59
fji,2006,3.61
fji,2007,3.63
fji,2008,3.63
fji,2009,3.5
fji,2010,3.49
fji,2011,3.46
fji,2012,3.44
fji,2013,3.4
fji,2014,3.38
fji,2015,3.36
fji,2016,3.36
fji,2017,3.34
fji,2018,3.32
fji,2019,3.28
fra,1990,1.43
fra,1991,1.52
fra,1992,1.33
fra,1993,1.3
fra,1994,1.24
fra,1995,1.19
fra,1996,1.15
fra,1997,1.09
fra,1998,1.11
fra,1999,1.04
fra,2000,0.97
fra,2001,0.96
fra,2002,0.99
fra,2003,1.02
fra,2004,0.86
fra,2005,0.9
fra,2006,0.8
fra,2007,0.77
fra,2008,0.75
fra,2009,0.73
fra,2010,0.71
fra,2011,0.66
fra,2012,0.63
fra,2013,0.6
fra,2014,0.57
fra,2015,0.57
fra,2016,0.55
fra,2017,0.54
fra,2018,0.54
fra,2019,0.54
fsm,1990,2.28
fsm,1991,2.26
fsm,1992,2.25
fsm,1993,2.22
fsm,1994,2.2
fsm,1995,2.17
fsm,1996,2.15
fsm,1997,2.12
fsm,1998,2.08
fsm,1999,2.05
fsm,2000,2.01
fsm,2001,1.98
fsm,2002,1.95
fsm,2003,1.91
fsm,2004,1.9
fsm,2005,1.88
fsm,2006,1.86
fsm,2007,1.85
fsm,2008,1.84
fsm,2009,1.83
fsm,2010,1.81
fsm,2011,1.79
fsm,2012,1.78
fsm,2013,1.77
fsm,2014,1.76
fsm,2015,1.75
fsm,2016,1.74
fsm,2017,1.73
fsm,2018,1.73
fsm,2019,1.72
gab,1990,3.81
gab,1991,3.76
gab,1992,3.72
gab,1993,3.64
gab,1994,3.63
gab,1995,3.67
gab,1996,3.62
gab,1997,3.55
gab,1998,3.49
gab,1999,3.39
gab,2000,3.39
gab,2001,3.38
gab,2002,3.32
gab,2003,3.32
gab,2004,3.3
gab,2005,3.27
gab,2006,3.26
gab,2007,3.23
gab,2008,3.22
gab,2009,3.15
gab,2010,3.04
gab,2011,2.97
gab,2012,2.88
gab,2013,2.8
gab,2014,2.76
gab,2015,2.74
gab,2016,2.71
gab,2017,2.68
gab,2018,2.65
gab,2019,2.61
gbr,1990,1.14
gbr,1991,1.08
gbr,1992,1.03
gbr,1993,0.98
gbr,1994,1.08
gbr,1995,0.91
gbr,1996,0.9
gbr,1997,0.86
gbr,1998,0.83
gbr,1999,0.8
gbr,2000,0.76
gbr,2001,0.72
gbr,2002,0.69
gbr,2003,0.66
gbr,2004,0.62
gbr,2005,0.58
gbr,2006,0.56
gbr,2007,0.53
gbr,2008,0.51
gbr,2009,0.48
gbr,2010,0.45
gbr,2011,0.42
gbr,2012,0.4
gbr,2013,0.39
gbr,2014,0.38
gbr,2015,0.38
gbr,2016,0.38
gbr,2017,0.47
gbr,2018,0.38
gbr,2019,0.38
geo,1990,6.96
geo,1991,7.08
geo,1992,7.5
geo,1993,7.14
geo,1994,7.29
geo,1995,6.86
geo,1996,6.15
geo,1997,5.83
geo,1998,6.3
geo,1999,6.43
geo,2000,5.79
geo,2001,5.38
geo,2002,5.1
geo,2003,4.47
geo,2004,4.06
geo,2005,3.82
geo,2006,3.51
geo,2007,3.38
geo,2008,3.43
geo,2009,3.34
geo,2010,3.2
geo,2011,2.98
geo,2012,2.76
geo,2013,2.7
geo,2014,2.68
geo,2015,2.62
geo,2016,2.65
geo,2017,2.86
geo,2018,2.58
geo,2019,2.53
gha,1990,3.72
gha,1991,3.69
gha,1992,3.68
gha,1993,3.67
gha,1994,3.65
gha,1995,3.63
gha,1996,3.62
gha,1997,3.66
gha,1998,3.64
gha,1999,3.63
gha,2000,3.63
gha,2001,3.64
gha,2002,3.66
gha,2003,3.68
gha,2004,3.67
gha,2005,3.76
gha,2006,3.65
gha,2007,3.59
gha,2008,3.51
gha,2009,3.46
gha,2010,3.42
gha,2011,3.4
gha,2012,3.35
gha,2013,3.31
gha,2014,3.3
gha,2015,3.92
gha,2016,3.27
gha,2017,3.23
gha,2018,3.1
gha,2019,3.03
gin,1990,4.62
gin,1991,4.57
gin,1992,4.57
gin,1993,4.56
gin,1994,4.56
gin,1995,4.58
gin,1996,4.6
gin,1997,4.58
gin,1998,4.64
gin,1999,4.68
gin,2000,4.64
gin,2001,4.61
gin,2002,4.59
gin,2003,4.6
gin,2004,4.7
gin,2005,4.69
gin,2006,4.71
gin,2007,4.69
gin,2008,4.61
gin,2009,4.53
gin,2010,4.57
gin,2011,4.53
gin,2012,4.47
gin,2013,4.51
gin,2014,4.52
gin,2015,4.5
gin,2016,4.44
gin,2017,4.34
gin,2018,4.25
gin,2019,4.1
gmb,1990,3.53
gmb,1991,3.56
gmb,1992,3.63
gmb,1993,3.55
gmb,1994,3.52
gmb,1995,3.77
gmb,1996,3.57
gmb,1997,3.59
gmb,1998,3.72
gmb,1999,3.88
gmb,2000,3.66
gmb,2001,3.56
gmb,2002,3.57
gmb,2003,3.61
gmb,2004,3.92
gmb,2005,3.95
gmb,2006,3.84
gmb,2007,3.79
gmb,2008,3.63
gmb,2009,3.61
gmb,2010,3.53
gmb,2011,3.25
gmb,2012,3.25
gmb,2013,3.27
gmb,2014,3.41
gmb,2015,3.29
gmb,2016,3.39
gmb,2017,3.52
gmb,2018,3.47
gmb,2019,3.44
gnb,1990,5.9
gnb,1991,5.87
gnb,1992,5.85
gnb,1993,5.85
gnb,1994,5.84
gnb,1995,5.84
gnb,1996,5.82
gnb,1997,5.78
gnb,1998,6.08
gnb,1999,5.72
gnb,2000,5.77
gnb,2001,5.75
gnb,2002,5.71
gnb,2003,5.66
gnb,2004,5.64
gnb,2005,5.49
gnb,2006,5.41
gnb,2007,5.58
gnb,2008,5.49
gnb,2009,5.37
gnb,2010,5.3
gnb,2011,5.15
gnb,2012,4.97
gnb,2013,4.96
gnb,2014,4.9
gnb,2015,4.8
gnb,2016,4.77
gnb,2017,4.65
gnb,2018,4.48
gnb,2019,4.37
gnq,1990,4.62
gnq,1991,4.55
gnq,1992,4.44
gnq,1993,4.37
gnq,1994,4.27
gnq,1995,4.22
gnq,1996,4.11
gnq,1997,3.8
gnq,1998,3.61
gnq,1999,3.44
gnq,2000,3.44
gnq,2001,3.18
gnq,2002,2.79
gnq,2003,2.68
gnq,2004,2.62
gnq,2005,2.56
gnq,2006,2.53
gnq,2007,2.45
gnq,2008,2.37
gnq,2009,2.33
gnq,2010,2.29
gnq,2011,2.29
gnq,2012,2.24
gnq,2013,2.18
gnq,2014,2.14
gnq,2015,2.12
gnq,2016,2.14
gnq,2017,2.13
gnq,2018,2.13
gnq,2019,2.12
grc,1990,1.19
grc,1991,1.16
grc,1992,1.11
grc,1993,1.04
grc,1994,0.99
grc,1995,0.94
grc,1996,0.89
grc,1997,0.86
grc,1998,0.82
grc,1999,0.77
grc,2000,0.77
grc,2001,0.75
grc,2002,0.71
grc,2003,0.69
grc,2004,0.67
grc,2005,0.65
grc,2006,0.61
grc,2007,1.35
grc,2008,0.62
grc,2009,0.62
grc,2010,0.61
grc,2011,0.59
grc,2012,0.58
grc,2013,0.53
grc,2014,0.48
grc,2015,0.48
grc,2016,0.49
grc,2017,0.48
grc,2018,1.16
grc,2019,0.49
grd,1990,4.04
grd,1991,3.9
grd,1992,3.73
grd,1993,3.66
grd,1994,3.48
grd,1995,3.26
grd,1996,3.17
grd,1997,2.98
grd,1998,2.85
grd,1999,2.84
grd,2000,2.75
grd,2001,2.74
grd,2002,2.68
grd,2003,2.55
grd,2004,2.52
grd,2005,2.45
grd,2006,2.39
grd,2007,2.3
grd,2008,2.27
grd,2009,2.26
grd,2010,2.23
grd,2011,2.18
grd,2012,2.05
grd,2013,2.06
grd,2014,2.05
grd,2015,2.05
grd,2016,2.08
grd,2017,2.12
grd,2018,2.04
grd,2019,1.99
grl,1990,8.88
grl,1991,8.78
grl,1992,8.53
grl,1993,9.15
grl,1994,9.14
grl,1995,8.99
grl,1996,8.8
grl,1997,8.59
grl,1998,8.24
grl,1999,7.7
grl,2000,7.42
grl,2001,6.96
grl,2002,6.51
grl,2003,5.98
grl,2004,5.21
grl,2005,5.09
grl,2006,4.9
grl,2007,4.75
grl,2008,4.52
grl,2009,4.34
grl,2010,4.2
grl,2011,4.04
grl,2012,3.95
grl,2013,3.82
grl,2014,3.72
grl,2015,3.64
grl,2016,3.63
grl,2017,3.56
grl,2018,3.5
grl,2019,3.46
gtm,1990,3.31
gtm,1991,3.36
gtm,1992,3.37
gtm,1993,3.37
gtm,1994,3.28
gtm,1995,2.98
gtm,1996,2.79
gtm,1997,2.68
gtm,1998,2.61
gtm,1999,2.53
gtm,2000,2.58
gtm,2001,2.48
gtm,2002,2.37
gtm,2003,2.29
gtm,2004,2.24
gtm,2005,2.1
gtm,2006,2.06
gtm,2007,1.9
gtm,2008,1.74
gtm,2009,1.59
gtm,2010,1.49
gtm,2011,1.52
gtm,2012,1.46
gtm,2013,1.4
gtm,2014,1.38
gtm,2015,1.39
gtm,2016,1.38
gtm,2017,1.65
gtm,2018,1.32
gtm,2019,1.29
gum,1990,0.88
gum,1991,0.88
gum,1992,0.86
gum,1993,0.85
gum,1994,0.83
gum,1995,0.8
gum,1996,0.73
gum,1997,0.71
gum,1998,0.68
gum,1999,0.63
gum,2000,0.61
gum,2001,0.56
gum,2002,0.53
gum,2003,0.51
gum,2004,0.49
gum,2005,0.47
gum,2006,0.47
gum,2007,0.47
gum,2008,0.47
gum,2009,0.48
gum,2010,0.48
gum,2011,0.48
gum,2012,0.5
gum,2013,0.52
gum,2014,0.54
gum,2015,0.55
gum,2016,0.6
gum,2017,0.58
gum,2018,0.58
gum,2019,0.58
guy,1990,4.59
guy,1991,4.36
guy,1992,4.1
guy,1993,4.27
guy,1994,4.13
guy,1995,4.03
guy,1996,4.21
guy,1997,4.16
guy,1998,4.04
guy,1999,3.92
guy,2000,4
guy,2001,3.69
guy,2002,3.54
guy,2003,3.38
guy,2004,3.35
guy,2005,3.23
guy,2006,3.11
guy,2007,2.98
guy,2008,2.92
guy,2009,2.86
guy,2010,2.83
guy,2011,2.73
guy,2012,2.74
guy,2013,2.66
guy,2014,2.69
guy,2015,2.63
guy,2016,2.57
guy,2017,2.5
guy,2018,2.49
guy,2019,2.45
hnd,1990,0.99
hnd,1991,0.97
hnd,1992,0.96
hnd,1993,0.94
hnd,1994,0.92
hnd,1995,0.93
hnd,1996,0.93
hnd,1997,0.91
hnd,1998,0.89
hnd,1999,0.86
hnd,2000,0.84
hnd,2001,0.83
hnd,2002,0.82
hnd,2003,2.4
hnd,2004,2.86
hnd,2005,0.78
hnd,2006,0.78
hnd,2007,0.77
hnd,2008,0.76
hnd,2009,0.76
hnd,2010,0.76
hnd,2011,0.78
hnd,2012,6.32
hnd,2013,0.77
hnd,2014,0.76
hnd,2015,0.75
hnd,2016,0.74
hnd,2017,0.72
hnd,2018,0.71
hnd,2019,0.7
hrv,1990,1.28
hrv,1991,1.17
hrv,1992,1.14
hrv,1993,1.11
hrv,1994,1.06
hrv,1995,1.04
hrv,1996,1.05
hrv,1997,1.02
hrv,1998,1.04
hrv,1999,0.99
hrv,2000,1.14
hrv,2001,0.95
hrv,2002,0.91
hrv,2003,0.87
hrv,2004,0.81
hrv,2005,0.8
hrv,2006,0.77
hrv,2007,1.05
hrv,2008,0.76
hrv,2009,0.71
hrv,2010,0.66
hrv,2011,0.66
hrv,2012,0.61
hrv,2013,0.56
hrv,2014,0.55
hrv,2015,0.55
hrv,2016,0.49
hrv,2017,0.49
hrv,2018,0.48
hrv,2019,0.48
hti,1990,9.57
hti,1991,9.04
hti,1992,8.77
hti,1993,8.41
hti,1994,8.02
hti,1995,7.66
hti,1996,7.27
hti,1997,7.05
hti,1998,6.55
hti,1999,6.36
hti,2000,6.11
hti,2001,5.97
hti,2002,5.81
hti,2003,5.7
hti,2004,5.63
hti,2005,5.53
hti,2006,5.44
hti,2007,5.37
hti,2008,5.29
hti,2009,5.2
hti,2010,5.13
hti,2011,5.15
hti,2012,5.13
hti,2013,5.12
hti,2014,5.05
hti,2015,5.01
hti,2016,4.92
hti,2017,4.77
hti,2018,4.66
hti,2019,4.56
hun,1990,2.52
hun,1991,2.5
hun,1992,2.52
hun,1993,2.51
hun,1994,2.39
hun,1995,2.25
hun,1996,2.04
hun,1997,1.94
hun,1998,1.87
hun,1999,1.77
hun,2000,1.62
hun,2001,1.56
hun,2002,1.5
hun,2003,1.47
hun,2004,1.4
hun,2005,1.37
hun,2006,1.28
hun,2007,1.25
hun,2008,1.16
hun,2009,1.11
hun,2010,1.05
hun,2011,1
hun,2012,0.95
hun,2013,0.89
hun,2014,0.85
hun,2015,0.86
hun,2016,0.81
hun,2017,0.81
hun,2018,0.8
hun,2019,0.78
idn,1990,1.19
idn,1991,1.22
idn,1992,1.14
idn,1993,1.12
idn,1994,1.09
idn,1995,1.07
idn,1996,1.05
idn,1997,1.25
idn,1998,1.04
idn,1999,1.06
idn,2000,0.99
idn,2001,0.97
idn,2002,0.98
idn,2003,0.93
idn,2004,0.91
idn,2005,0.89
idn,2006,0.88
idn,2007,0.86
idn,2008,0.84
idn,2009,0.83
idn,2010,0.79
idn,2011,0.78
idn,2012,0.77
idn,2013,0.76
idn,2014,0.75
idn,2015,0.75
idn,2016,0.72
idn,2017,0.71
idn,2018,0.7
idn,2019,0.68
ind,1990,3.09
ind,1991,3.09
ind,1992,3.07
ind,1993,3.01
ind,1994,2.94
ind,1995,2.93
ind,1996,2.85
ind,1997,2.95
ind,1998,2.9
ind,1999,2.88
ind,2000,2.83
ind,2001,2.79
ind,2002,2.69
ind,2003,2.56
ind,2004,2.47
ind,2005,2.47
ind,2006,2.46
ind,2007,2.42
ind,2008,2.4
ind,2009,2.31
ind,2010,2.29
ind,2011,2.28
ind,2012,2.19
ind,2013,2.17
ind,2014,2.09
ind,2015,2.05
ind,2016,2.03
ind,2017,1.99
ind,2018,2.03
ind,2019,2.03
irl,1990,1.84
irl,1991,1.76
irl,1992,1.68
irl,1993,1.65
irl,1994,1.61
irl,1995,1.57
irl,1996,1.55
irl,1997,1.46
irl,1998,1.38
irl,1999,1.4
irl,2000,1.29
irl,2001,1.2
irl,2002,1.1
irl,2003,0.98
irl,2004,0.94
irl,2005,0.9
irl,2006,0.85
irl,2007,0.82
irl,2008,0.79
irl,2009,0.79
irl,2010,0.72
irl,2011,0.69
irl,2012,0.64
irl,2013,0.6
irl,2014,0.57
irl,2015,0.53
irl,2016,0.52
irl,2017,0.52
irl,2018,0.51
irl,2019,0.51
irn,1990,6.93
irn,1991,6.83
irn,1992,6.77
irn,1993,6.68
irn,1994,6.61
irn,1995,6.52
irn,1996,6.39
irn,1997,6.33
irn,1998,6.27
irn,1999,6.21
irn,2000,6.06
irn,2001,5.87
irn,2002,5.64
irn,2003,5.25
irn,2004,4.89
irn,2005,4.65
irn,2006,4.23
irn,2007,3.96
irn,2008,3.71
irn,2009,3.47
irn,2010,3.29
irn,2011,3.09
irn,2012,2.94
irn,2013,2.8
irn,2014,2.64
irn,2015,2.48
irn,2016,2.37
irn,2017,2.32
irn,2018,2.27
irn,2019,2.23
irq,1990,5.08
irq,1991,5.14
irq,1992,5.12
irq,1993,5.13
irq,1994,5.15
irq,1995,5.15
irq,1996,5.18
irq,1997,5.12
irq,1998,5.02
irq,1999,4.88
irq,2000,4.74
irq,2001,4.6
irq,2002,4.48
irq,2003,4.44
irq,2004,4.31
irq,2005,4.31
irq,2006,4.12
irq,2007,4
irq,2008,3.85
irq,2009,3.75
irq,2010,3.74
irq,2011,3.47
irq,2012,3.33
irq,2013,3.19
irq,2014,3.08
irq,2015,2.97
irq,2016,2.91
irq,2017,2.81
irq,2018,2.75
irq,2019,2.66
isl,1990,0.9
isl,1991,0.88
isl,1992,0.84
isl,1993,0.82
isl,1994,0.8
isl,1995,0.78
isl,1996,0.76
isl,1997,0.73
isl,1998,0.7
isl,1999,0.67
isl,2000,0.65
isl,2001,0.61
isl,2002,0.59
isl,2003,0.57
isl,2004,0.55
isl,2005,0.53
isl,2006,0.52
isl,2007,0.51
isl,2008,0.49
isl,2009,0.48
isl,2010,0.46
isl,2011,0.44
isl,2012,0.44
isl,2013,0.42
isl,2014,0.39
isl,2015,0.38
isl,2016,0.38
isl,2017,0.35
isl,2018,0.34
isl,2019,0.34
isr,1990,0.82
isr,1991,0.78
isr,1992,0.77
isr,1993,0.75
isr,1994,0.75
isr,1995,0.74
isr,1996,0.72
isr,1997,0.74
isr,1998,0.72
isr,1999,0.71
isr,2000,0.72
isr,2001,0.68
isr,2002,0.67
isr,2003,0.62
isr,2004,0.6
isr,2005,0.6
isr,2006,0.58
isr,2007,0.59
isr,2008,0.58
isr,2009,0.55
isr,2010,0.71
isr,2011,0.52
isr,2012,0.51
isr,2013,0.49
isr,2014,0.49
isr,2015,0.47
isr,2016,0.46
isr,2017,0.45
isr,2018,0.45
isr,2019,0.44
ita,1990,0.64
ita,1991,0.64
ita,1992,0.62
ita,1993,0.6
ita,1994,0.58
ita,1995,0.57
ita,1996,0.56
ita,1997,0.56
ita,1998,0.55
ita,1999,0.53
ita,2000,0.51
ita,2001,0.49
ita,2002,0.47
ita,2003,0.46
ita,2004,0.44
ita,2005,0.43
ita,2006,0.42
ita,2007,0.41
ita,2008,0.41
ita,2009,0.4
ita,2010,0.4
ita,2011,0.39
ita,2012,0.39
ita,2013,0.38
ita,2014,0.37
ita,2015,0.37
ita,2016,0.36
ita,2017,0.35
ita,2018,0.35
ita,2019,0.35
jam,1990,0.93
jam,1991,0.91
jam,1992,0.92
jam,1993,0.94
jam,1994,0.96
jam,1995,0.98
jam,1996,0.98
jam,1997,1
jam,1998,1.01
jam,1999,1.05
jam,2000,1.04
jam,2001,0.99
jam,2002,0.94
jam,2003,0.9
jam,2004,0.83
jam,2005,0.76
jam,2006,0.77
jam,2007,0.77
jam,2008,0.8
jam,2009,0.8
jam,2010,0.63
jam,2011,0.63
jam,2012,0.6
jam,2013,0.57
jam,2014,0.63
jam,2015,0.63
jam,2016,0.62
jam,2017,0.62
jam,2018,0.62
jam,2019,0.62
jor,1990,4.65
jor,1991,4.57
jor,1992,4.43
jor,1993,4.49
jor,1994,4.46
jor,1995,4.45
jor,1996,4.45
jor,1997,4.35
jor,1998,4.34
jor,1999,4.25
jor,2000,4.17
jor,2001,4.09
jor,2002,3.94
jor,2003,3.83
jor,2004,3.71
jor,2005,3.44
jor,2006,3.21
jor,2007,2.94
jor,2008,2.81
jor,2009,2.66
jor,2010,2.59
jor,2011,2.52
jor,2012,2.46
jor,2013,2.34
jor,2014,2.31
jor,2015,2.3
jor,2016,2.31
jor,2017,2.29
jor,2018,2.29
jor,2019,2.26
jpn,1990,1.12
jpn,1991,1.1
jpn,1992,1.1
jpn,1993,1.09
jpn,1994,1.08
jpn,1995,1.08
jpn,1996,1.05
jpn,1997,1.02
jpn,1998,1.02
jpn,1999,1.02
jpn,2000,0.97
jpn,2001,1.06
jpn,2002,0.92
jpn,2003,0.91
jpn,2004,0.88
jpn,2005,0.87
jpn,2006,0.84
jpn,2007,0.8
jpn,2008,0.77
jpn,2009,0.74
jpn,2010,0.72
jpn,2011,0.7
jpn,2012,0.66
jpn,2013,0.69
jpn,2014,0.59
jpn,2015,0.56
jpn,2016,0.54
jpn,2017,0.52
jpn,2018,0.53
jpn,2019,0.52
kaz,1990,5.24
kaz,1991,4.88
kaz,1992,5.02
kaz,1993,5.23
kaz,1994,5.5
kaz,1995,5.77
kaz,1996,5.81
kaz,1997,5.71
kaz,1998,5.48
kaz,1999,5.35
kaz,2000,5.45
kaz,2001,5.4
kaz,2002,5.15
kaz,2003,5.05
kaz,2004,4.84
kaz,2005,4.67
kaz,2006,4.44
kaz,2007,4.15
kaz,2008,3.81
kaz,2009,3.54
kaz,2010,3.5
kaz,2011,3.44
kaz,2012,3.39
kaz,2013,3.21
kaz,2014,3.07
kaz,2015,2.91
kaz,2016,2.78
kaz,2017,2.69
kaz,2018,2.6
kaz,2019,2.53
ken,1990,3.71
ken,1991,3.67
ken,1992,3.65
ken,1993,3.6
ken,1994,3.55
ken,1995,3.5
ken,1996,3.46
ken,1997,3.43
ken,1998,3.52
ken,1999,3.39
ken,2000,3.42
ken,2001,3.67
ken,2002,3.45
ken,2003,3.52
ken,2004,3.53
ken,2005,3.52
ken,2006,3.51
ken,2007,3.5
ken,2008,3.48
ken,2009,3.63
ken,2010,3.47
ken,2011,3.48
ken,2012,3.44
ken,2013,3.39
ken,2014,3.34
ken,2015,3.28
ken,2016,3.24
ken,2017,3.21
ken,2018,3.22
ken,2019,3.17
kgz,1990,4.61
kgz,1991,4.92
kgz,1992,4.99
kgz,1993,5.42
kgz,1994,5.91
kgz,1995,6.02
kgz,1996,5.65
kgz,1997,5.36
kgz,1998,5.05
kgz,1999,4.6
kgz,2000,4.05
kgz,2001,3.79
kgz,2002,3.75
kgz,2003,3.68
kgz,2004,3.36
kgz,2005,3.27
kgz,2006,3.17
kgz,2007,2.97
kgz,2008,2.66
kgz,2009,2.4
kgz,2010,2.27
kgz,2011,2.14
kgz,2012,2.02
kgz,2013,1.88
kgz,2014,1.76
kgz,2015,1.62
kgz,2016,1.46
kgz,2017,1.42
kgz,2018,1.41
kgz,2019,1.4
khm,1990,3.23
khm,1991,3.13
khm,1992,3.04
khm,1993,2.97
khm,1994,2.91
khm,1995,2.85
khm,1996,2.76
khm,1997,2.68
khm,1998,2.61
khm,1999,2.52
khm,2000,2.42
khm,2001,2.36
khm,2002,2.33
khm,2003,2.26
khm,2004,2.2
khm,2005,2.14
khm,2006,2.05
khm,2007,2
khm,2008,1.93
khm,2009,1.88
khm,2010,1.85
khm,2011,1.8
khm,2012,1.78
khm,2013,1.74
khm,2014,1.72
khm,2015,1.7
khm,2016,1.68
khm,2017,1.65
khm,2018,1.63
khm,2019,1.6
kir,1990,1.59
kir,1991,1.58
kir,1992,1.57
kir,1993,1.55
kir,1994,1.53
kir,1995,1.51
kir,1996,1.49
kir,1997,1.49
kir,1998,1.49
kir,1999,1.5
kir,2000,1.5
kir,2001,1.48
kir,2002,1.47
kir,2003,1.46
kir,2004,1.43
kir,2005,1.42
kir,2006,1.42
kir,2007,1.45
kir,2008,1.45
kir,2009,1.45
kir,2010,1.44
kir,2011,1.43
kir,2012,1.41
kir,2013,1.4
kir,2014,1.39
kir,2015,1.37
kir,2016,1.37
kir,2017,1.35
kir,2018,1.35
kir,2019,1.34
kna,1990,8.6
kna,1991,7.76
kna,1992,7.35
kna,1993,7.14
kna,1994,7.05
kna,1995,6.79
kna,1996,6.59
kna,1997,6.25
kna,1998,6.08
kna,1999,5.67
kna,2000,5.31
kna,2001,5.07
kna,2002,4.81
kna,2003,4.44
kna,2004,4.19
kna,2005,4.03
kna,2006,3.93
kna,2007,3.73
kna,2008,3.88
kna,2009,3.83
kna,2010,3.76
kna,2011,3.64
kna,2012,3.64
kna,2013,3.63
kna,2014,3.63
kna,2015,3.63
kna,2016,3.53
kna,2017,3.5
kna,2018,3.42
kna,2019,3.12
kor,1990,2.39
kor,1991,2.34
kor,1992,2.3
kor,1993,2.25
kor,1994,2.23
kor,1995,2.13
kor,1996,2.05
kor,1997,1.96
kor,1998,1.88
kor,1999,1.96
kor,2000,1.7
kor,2001,1.6
kor,2002,1.52
kor,2003,2.38
kor,2004,1.34
kor,2005,1.25
kor,2006,1.17
kor,2007,1.1
kor,2008,1.05
kor,2009,1.01
kor,2010,0.99
kor,2011,0.93
kor,2012,0.9
kor,2013,0.86
kor,2014,0.82
kor,2015,0.8
kor,2016,0.76
kor,2017,0.8
kor,2018,0.81
kor,2019,0.76
kwt,1990,1.56
kwt,1991,1.27
kwt,1992,1.17
kwt,1993,1.19
kwt,1994,1.12
kwt,1995,0.88
kwt,1996,0.77
kwt,1997,0.83
kwt,1998,0.96
kwt,1999,0.93
kwt,2000,1.27
kwt,2001,1.19
kwt,2002,1.32
kwt,2003,1.35
kwt,2004,1.34
kwt,2005,1.41
kwt,2006,1.5
kwt,2007,1.5
kwt,2008,1.62
kwt,2009,3.53
kwt,2010,1.22
kwt,2011,1.13
kwt,2012,1.12
kwt,2013,1.05
kwt,2014,1.05
kwt,2015,1.02
kwt,2016,1
kwt,2017,0.98
kwt,2018,0.97
kwt,2019,0.97
lao,1990,3.72
lao,1991,3.61
lao,1992,3.49
lao,1993,3.39
lao,1994,3.29
lao,1995,3.19
lao,1996,3.08
lao,1997,2.98
lao,1998,2.9
lao,1999,2.79
lao,2000,2.66
lao,2001,2.59
lao,2002,2.51
lao,2003,2.42
lao,2004,2.32
lao,2005,2.25
lao,2006,2.16
lao,2007,2.06
lao,2008,2.04
lao,2009,1.98
lao,2010,1.9
lao,2011,1.81
lao,2012,1.75
lao,2013,1.7
lao,2014,1.65
lao,2015,1.62
lao,2016,1.58
lao,2017,1.53
lao,2018,1.5
lao,2019,1.47
lbn,1990,4.79
lbn,1991,3.25
lbn,1992,3.18
lbn,1993,3.14
lbn,1994,3.06
lbn,1995,2.99
lbn,1996,2.93
lbn,1997,2.87
lbn,1998,2.83
lbn,1999,2.75
lbn,2000,2.62
lbn,2001,2.51
lbn,2002,2.4
lbn,2003,2.3
lbn,2004,2.22
lbn,2005,2.16
lbn,2006,2.09
lbn,2007,2.07
lbn,2008,2.02
lbn,2009,2
lbn,2010,1.97
lbn,2011,1.93
lbn,2012,1.89
lbn,2013,1.86
lbn,2014,1.84
lbn,2015,1.82
lbn,2016,1.8
lbn,2017,1.78
lbn,2018,1.76
lbn,2019,1.74
lbr,1990,4.69
lbr,1991,4.53
lbr,1992,4.52
lbr,1993,4.52
lbr,1994,4.47
lbr,1995,4.31
lbr,1996,4.37
lbr,1997,4.26
lbr,1998,4.19
lbr,1999,4.03
lbr,2000,3.91
lbr,2001,3.74
lbr,2002,3.63
lbr,2003,3.52
lbr,2004,3.43
lbr,2005,3.42
lbr,2006,3.4
lbr,2007,3.36
lbr,2008,3.35
lbr,2009,3.39
lbr,2010,3.39
lbr,2011,3.36
lbr,2012,3.39
lbr,2013,3.33
lbr,2014,3.19
lbr,2015,3.12
lbr,2016,3.02
lbr,2017,2.92
lbr,2018,2.88
lbr,2019,3.58
lby,1990,3.74
lby,1991,3.63
lby,1992,3.53
lby,1993,3.45
lby,1994,3.38
lby,1995,3.31
lby,1996,3.2
lby,1997,3.21
lby,1998,3.17
lby,1999,3.12
lby,2000,3.05
lby,2001,2.95
lby,2002,2.86
lby,2003,2.72
lby,2004,2.51
lby,2005,2.39
lby,2006,2.34
lby,2007,2.48
lby,2008,2.51
lby,2009,2.54
lby,2010,2.47
lby,2011,2.42
lby,2012,2.32
lby,2013,2.29
lby,2014,2.27
lby,2015,2.25
lby,2016,2.24
lby,2017,2.23
lby,2018,2.21
lby,2019,2.19
lca,1990,3.57
lca,1991,3.53
lca,1992,3.45
lca,1993,3.41
lca,1994,3.29
lca,1995,3.14
lca,1996,3.04
lca,1997,2.95
lca,1998,2.76
lca,1999,2.59
lca,2000,2.41
lca,2001,2.36
lca,2002,2.29
lca,2003,2.17
lca,2004,2.1
lca,2005,2
lca,2006,1.91
lca,2007,1.84
lca,2008,1.79
lca,2009,1.7
lca,2010,1.62
lca,2011,1.58
lca,2012,1.57
lca,2013,1.59
lca,2014,1.59
lca,2015,1.59
lca,2016,1.63
lca,2017,1.63
lca,2018,1.61
lca,2019,1.59
lka,1990,3.12
lka,1991,2.91
lka,1992,2.82
lka,1993,2.65
lka,1994,2.69
lka,1995,2.71
lka,1996,2.82
lka,1997,2.98
lka,1998,2.85
lka,1999,2.85
lka,2000,2.89
lka,2001,2.71
lka,2002,2.6
lka,2003,2.57
lka,2004,2.49
lka,2005,2.53
lka,2006,2.32
lka,2007,2.17
lka,2008,2.09
lka,2009,1.99
lka,2010,1.9
lka,2011,1.88
lka,2012,1.81
lka,2013,1.75
lka,2014,1.73
lka,2015,1.72
lka,2016,1.72
lka,2017,1.7
lka,2018,1.69
lka,2019,1.68
lso,1990,6.19
lso,1991,6.08
lso,1992,6.02
lso,1993,5.93
lso,1994,5.87
lso,1995,5.81
lso,1996,5.72
lso,1997,5.73
lso,1998,5.93
lso,1999,6.17
lso,2000,6.56
lso,2001,6.79
lso,2002,7.1
lso,2003,7.45
lso,2004,7.74
lso,2005,7.94
lso,2006,8.02
lso,2007,8.12
lso,2008,8.24
lso,2009,8.23
lso,2010,8.3
lso,2011,8.31
lso,2012,8.38
lso,2013,8.4
lso,2014,8.37
lso,2015,8.3
lso,2016,8.1
lso,2017,7.9
lso,2018,7.82
lso,2019,7.75
ltu,1990,4.34
ltu,1991,4.72
ltu,1992,4.78
ltu,1993,5.16
ltu,1994,5.56
ltu,1995,5.6
ltu,1996,5.08
ltu,1997,4.43
ltu,1998,4.41
ltu,1999,4.13
ltu,2000,4.06
ltu,2001,4.2
ltu,2002,3.98
ltu,2003,3.91
ltu,2004,3.81
ltu,2005,4.05
ltu,2006,4
ltu,2007,3.82
ltu,2008,3.34
ltu,2009,2.75
ltu,2010,2.58
ltu,2011,2.33
ltu,2012,2.24
ltu,2013,2.12
ltu,2014,1.9
ltu,2015,1.79
ltu,2016,1.64
ltu,2017,1.41
ltu,2018,1.44
ltu,2019,1.43
lux,1990,0.82
lux,1991,0.81
lux,1992,0.78
lux,1993,0.76
lux,1994,0.73
lux,1995,0.69
lux,1996,0.67
lux,1997,0.64
lux,1998,0.61
lux,1999,0.59
lux,2000,0.56
lux,2001,0.53
lux,2002,0.52
lux,2003,0.51
lux,2004,0.48
lux,2005,0.46
lux,2006,0.45
lux,2007,0.43
lux,2008,0.41
lux,2009,0.4
lux,2010,0.39
lux,2011,0.38
lux,2012,0.37
lux,2013,0.36
lux,2014,0.34
lux,2015,0.34
lux,2016,0.32
lux,2017,0.32
lux,2018,0.31
lux,2019,0.31
lva,1990,8.72
lva,1991,9.5
lva,1992,10.54
lva,1993,12.88
lva,1994,14.78
lva,1995,13.84
lva,1996,11.03
lva,1997,9.85
lva,1998,10.41
lva,1999,9.97
lva,2000,9.4
lva,2001,9.74
lva,2002,9.49
lva,2003,8.89
lva,2004,8.35
lva,2005,8.39
lva,2006,8.4
lva,2007,7.68
lva,2008,6.53
lva,2009,5.89
lva,2010,5.66
lva,2011,5.18
lva,2012,4.9
lva,2013,4.81
lva,2014,4.61
lva,2015,4.38
lva,2016,4.06
lva,2017,4.02
lva,2018,3.97
lva,2019,3.93
mar,1990,4.6
mar,1991,4.53
mar,1992,4.72
mar,1993,4.73
mar,1994,4.65
mar,1995,4.6
mar,1996,4.5
mar,1997,4.57
mar,1998,4.33
mar,1999,4.28
mar,2000,4.06
mar,2001,3.89
mar,2002,3.92
mar,2003,3.65
mar,2004,3.53
mar,2005,3.44
mar,2006,3.36
mar,2007,3.31
mar,2008,3.26
mar,2009,3.21
mar,2010,3.13
mar,2011,3.04
mar,2012,2.96
mar,2013,2.91
mar,2014,2.87
mar,2015,2.8
mar,2016,2.73
mar,2017,2.66
mar,2018,2.59
mar,2019,2.51
mco,1990,0.65
mco,1991,0.63
mco,1992,0.61
mco,1993,0.6
mco,1994,0.59
mco,1995,0.58
mco,1996,0.57
mco,1997,0.56
mco,1998,0.54
mco,1999,0.53
mco,2000,0.52
mco,2001,0.5
mco,2002,0.5
mco,2003,0.49
mco,2004,0.48
mco,2005,0.48
mco,2006,0.48
mco,2007,0.47
mco,2008,0.46
mco,2009,0.46
mco,2010,0.46
mco,2011,0.45
mco,2012,0.45
mco,2013,0.44
mco,2014,0.44
mco,2015,0.43
mco,2016,0.43
mco,2017,0.42
mco,2018,0.41
mco,2019,0.4
mda,1990,5.29
mda,1991,5.11
mda,1992,4.67
mda,1993,4.7
mda,1994,5.08
mda,1995,5.33
mda,1996,5.06
mda,1997,4.59
mda,1998,4.24
mda,1999,3.94
mda,2000,3.89
mda,2001,3.82
mda,2002,3.86
mda,2003,3.91
mda,2004,4.01
mda,2005,4.38
mda,2006,4.33
mda,2007,4.18
mda,2008,4.07
mda,2009,4.06
mda,2010,4.14
mda,2011,3.59
mda,2012,3.46
mda,2013,3.13
mda,2014,2.89
mda,2015,2.6
mda,2016,2.36
mda,2017,2.08
mda,2018,2.06
mda,2019,2.01
mdg,1990,3.98
mdg,1991,3.9
mdg,1992,3.83
mdg,1993,3.84
mdg,1994,3.7
mdg,1995,3.63
mdg,1996,3.6
mdg,1997,3.57
mdg,1998,3.56
mdg,1999,3.48
mdg,2000,3.41
mdg,2001,3.35
mdg,2002,3.34
mdg,2003,3.31
mdg,2004,3.25
mdg,2005,3.22
mdg,2006,3.15
mdg,2007,3.1
mdg,2008,3.1
mdg,2009,3.09
mdg,2010,3.04
mdg,2011,3
mdg,2012,2.95
mdg,2013,2.89
mdg,2014,2.85
mdg,2015,2.81
mdg,2016,2.97
mdg,2017,2.74
mdg,2018,2.71
mdg,2019,2.67
mdv,1990,3.77
mdv,1991,3.6
mdv,1992,3.43
mdv,1993,3.25
mdv,1994,3.1
mdv,1995,2.97
mdv,1996,2.86
mdv,1997,2.75
mdv,1998,2.59
mdv,1999,2.47
mdv,2000,2.33
mdv,2001,2.2
mdv,2002,2.04
mdv,2003,1.91
mdv,2004,1.8
mdv,2005,1.71
mdv,2006,1.69
mdv,2007,1.63
mdv,2008,1.57
mdv,2009,1.52
mdv,2010,1.47
mdv,2011,1.43
mdv,2012,1.39
mdv,2013,1.36
mdv,2014,1.34
mdv,2015,1.31
mdv,2016,1.31
mdv,2017,1.29
mdv,2018,1.29
mdv,2019,1.27
mex,1990,2.29
mex,1991,2.2
mex,1992,2.06
mex,1993,1.95
mex,1994,1.82
mex,1995,1.75
mex,1996,1.68
mex,1997,1.61
mex,1998,1.59
mex,1999,1.42
mex,2000,1.32
mex,2001,1.25
mex,2002,1.22
mex,2003,1.18
mex,2004,1.13
mex,2005,1.13
mex,2006,1.07
mex,2007,1.04
mex,2008,1.05
mex,2009,1.12
mex,2010,1.01
mex,2011,0.98
mex,2012,0.93
mex,2013,0.93
mex,2014,0.92
mex,2015,0.9
mex,2016,0.89
mex,2017,0.92
mex,2018,0.91
mex,2019,0.99
mhl,1990,2.14
mhl,1991,2.16
mhl,1992,2.17
mhl,1993,2.15
mhl,1994,2.04
mhl,1995,2.04
mhl,1996,2.04
mhl,1997,2.06
mhl,1998,2.07
mhl,1999,2.08
mhl,2000,2.09
mhl,2001,2.09
mhl,2002,2.1
mhl,2003,2.11
mhl,2004,2.11
mhl,2005,2.1
mhl,2006,2.09
mhl,2007,2.07
mhl,2008,2.04
mhl,2009,2.02
mhl,2010,1.99
mhl,2011,1.96
mhl,2012,1.93
mhl,2013,1.89
mhl,2014,1.86
mhl,2015,1.84
mhl,2016,1.82
mhl,2017,1.79
mhl,2018,1.77
mhl,2019,1.75
mkd,1990,0.81
mkd,1991,0.79
mkd,1992,0.81
mkd,1993,0.79
mkd,1994,0.77
mkd,1995,0.74
mkd,1996,0.7
mkd,1997,0.68
mkd,1998,0.7
mkd,1999,0.69
mkd,2000,0.7
mkd,2001,0.7
mkd,2002,0.71
mkd,2003,0.71
mkd,2004,0.68
mkd,2005,0.66
mkd,2006,0.66
mkd,2007,0.72
mkd,2008,0.64
mkd,2009,0.63
mkd,2010,0.6
mkd,2011,0.57
mkd,2012,0.58
mkd,2013,0.57
mkd,2014,0.57
mkd,2015,0.57
mkd,2016,0.57
mkd,2017,0.55
mkd,2018,0.55
mkd,2019,0.53
mli,1990,5.76
mli,1991,5.67
mli,1992,5.63
mli,1993,5.58
mli,1994,5.49
mli,1995,5.43
mli,1996,5.33
mli,1997,5.19
mli,1998,5.04
mli,1999,4.92
mli,2000,4.88
mli,2001,4.79
mli,2002,4.91
mli,2003,4.84
mli,2004,4.76
mli,2005,4.71
mli,2006,4.66
mli,2007,4.61
mli,2008,4.64
mli,2009,4.63
mli,2010,4.56
mli,2011,4.48
mli,2012,4.44
mli,2013,4.38
mli,2014,4.32
mli,2015,4.33
mli,2016,4.49
mli,2017,4.49
mli,2018,4.41
mli,2019,4.32
mlt,1990,0.66
mlt,1991,0.65
mlt,1992,0.65
mlt,1993,0.63
mlt,1994,0.6
mlt,1995,0.59
mlt,1996,0.58
mlt,1997,0.56
mlt,1998,0.54
mlt,1999,0.52
mlt,2000,0.5
mlt,2001,0.49
mlt,2002,0.48
mlt,2003,0.47
mlt,2004,0.45
mlt,2005,0.44
mlt,2006,0.43
mlt,2007,0.43
mlt,2008,0.42
mlt,2009,0.41
mlt,2010,0.39
mlt,2011,0.38
mlt,2012,0.37
mlt,2013,0.36
mlt,2014,0.35
mlt,2015,0.33
mlt,2016,0.33
mlt,2017,0.32
mlt,2018,0.31
mlt,2019,0.31
mmr,1990,1.26
mmr,1991,1.33
mmr,1992,1.24
mmr,1993,1.22
mmr,1994,1.19
mmr,1995,1.18
mmr,1996,1.15
mmr,1997,1.13
mmr,1998,1.11
mmr,1999,1.09
mmr,2000,1.07
mmr,2001,1.06
mmr,2002,1.03
mmr,2003,1.01
mmr,2004,1.07
mmr,2005,0.97
mmr,2006,0.93
mmr,2007,0.88
mmr,2008,0.84
mmr,2009,0.81
mmr,2010,0.77
mmr,2011,0.74
mmr,2012,0.7
mmr,2013,0.71
mmr,2014,0.67
mmr,2015,0.65
mmr,2016,0.64
mmr,2017,0.66
mmr,2018,0.61
mmr,2019,0.59
mne,1990,2.02
mne,1991,2
mne,1992,2
mne,1993,1.98
mne,1994,2.01
mne,1995,1.99
mne,1996,1.99
mne,1997,2.04
mne,1998,2.08
mne,1999,2.16
mne,2000,2.12
mne,2001,2.01
mne,2002,1.94
mne,2003,1.94
mne,2004,1.92
mne,2005,1.92
mne,2006,1.92
mne,2007,1.88
mne,2008,1.82
mne,2009,1.76
mne,2010,1.7
mne,2011,1.65
mne,2012,1.62
mne,2013,1.61
mne,2014,1.61
mne,2015,1.58
mne,2016,1.56
mne,2017,1.54
mne,2018,1.51
mne,2019,1.47
mng,1990,3.31
mng,1991,3.27
mng,1992,3.37
mng,1993,3.41
mng,1994,3.38
mng,1995,3.42
mng,1996,4.74
mng,1997,3.36
mng,1998,3.29
mng,1999,3.3
mng,2000,3.41
mng,2001,3.6
mng,2002,3.85
mng,2003,4.06
mng,2004,4.27
mng,2005,4.32
mng,2006,4.33
mng,2007,4.33
mng,2008,4.21
mng,2009,4.1
mng,2010,4.01
mng,2011,3.84
mng,2012,3.69
mng,2013,3.56
mng,2014,3.42
mng,2015,3.2
mng,2016,3.05
mng,2017,3.08
mng,2018,3.02
mng,2019,2.97
mnp,1990,1.51
mnp,1991,1.48
mnp,1992,1.45
mnp,1993,1.42
mnp,1994,1.39
mnp,1995,1.37
mnp,1996,1.34
mnp,1997,1.33
mnp,1998,1.36
mnp,1999,1.17
mnp,2000,1.17
mnp,2001,1.14
mnp,2002,1.13
mnp,2003,1.12
mnp,2004,1.1
mnp,2005,1.1
mnp,2006,1.06
mnp,2007,1.03
mnp,2008,1.01
mnp,2009,0.99
mnp,2010,1.01
mnp,2011,1.03
mnp,2012,1.05
mnp,2013,1.07
mnp,2014,1.09
mnp,2015,1.1
mnp,2016,1.2
mnp,2017,1.16
mnp,2018,1.13
mnp,2019,1.1
moz,1990,4.69
moz,1991,4.61
moz,1992,4.56
moz,1993,4.46
moz,1994,4.36
moz,1995,4.32
moz,1996,4.27
moz,1997,4.24
moz,1998,4.23
moz,1999,4.22
moz,2000,4.22
moz,2001,4.09
moz,2002,4.05
moz,2003,3.98
moz,2004,3.98
moz,2005,4.01
moz,2006,4.18
moz,2007,4.22
moz,2008,4.52
moz,2009,4.25
moz,2010,4.25
moz,2011,4.2
moz,2012,4.22
moz,2013,4.21
moz,2014,4.17
moz,2015,4.14
moz,2016,4.03
moz,2017,3.94
moz,2018,3.89
moz,2019,3.9
mrt,1990,3.66
mrt,1991,3.59
mrt,1992,3.56
mrt,1993,3.53
mrt,1994,3.42
mrt,1995,3.34
mrt,1996,3.37
mrt,1997,3.33
mrt,1998,3.34
mrt,1999,3.23
mrt,2000,3.21
mrt,2001,3.18
mrt,2002,3.12
mrt,2003,3.01
mrt,2004,2.98
mrt,2005,2.96
mrt,2006,2.95
mrt,2007,2.84
mrt,2008,2.76
mrt,2009,2.79
mrt,2010,2.72
mrt,2011,2.69
mrt,2012,2.72
mrt,2013,2.69
mrt,2014,2.57
mrt,2015,2.54
mrt,2016,2.45
mrt,2017,2.44
mrt,2018,2.38
mrt,2019,2.34
mus,1990,6.41
mus,1991,5.83
mus,1992,5.72
mus,1993,5.48
mus,1994,5.18
mus,1995,4.85
mus,1996,4.53
mus,1997,4.46
mus,1998,3.79
mus,1999,3.63
mus,2000,3.38
mus,2001,3.18
mus,2002,3.11
mus,2003,2.97
mus,2004,2.71
mus,2005,2.43
mus,2006,2.27
mus,2007,2.06
mus,2008,1.99
mus,2009,1.96
mus,2010,1.92
mus,2011,1.84
mus,2012,1.72
mus,2013,1.64
mus,2014,1.64
mus,2015,1.59
mus,2016,1.56
mus,2017,1.49
mus,2018,1.51
mus,2019,1.49
mwi,1990,4.54
mwi,1991,4.48
mwi,1992,4.46
mwi,1993,4.45
mwi,1994,4.47
mwi,1995,4.42
mwi,1996,4.31
mwi,1997,4.24
mwi,1998,4.21
mwi,1999,4.21
mwi,2000,4.15
mwi,2001,4.02
mwi,2002,3.94
mwi,2003,3.87
mwi,2004,3.77
mwi,2005,3.66
mwi,2006,3.58
mwi,2007,3.48
mwi,2008,3.39
mwi,2009,3.38
mwi,2010,3.4
mwi,2011,3.41
mwi,2012,3.36
mwi,2013,3.29
mwi,2014,3.22
mwi,2015,3.18
mwi,2016,3.1
mwi,2017,3.02
mwi,2018,3.01
mwi,2019,2.98
mys,1990,1.65
mys,1991,1.6
mys,1992,1.57
mys,1993,1.57
mys,1994,1.69
mys,1995,1.68
mys,1996,1.67
mys,1997,1.55
mys,1998,1.46
mys,1999,1.54
mys,2000,1.43
mys,2001,1.39
mys,2002,1.37
mys,2003,1.38
mys,2004,1.34
mys,2005,1.31
mys,2006,1.29
mys,2007,1.26
mys,2008,1.28
mys,2009,1.31
mys,2010,1.3
mys,2011,1.27
mys,2012,1.22
mys,2013,1.14
mys,2014,1.16
mys,2015,1.16
mys,2016,1.17
mys,2017,1.25
mys,2018,1.15
mys,2019,1.17
nam,1990,6.19
nam,1991,6.14
nam,1992,6.13
nam,1993,6.05
nam,1994,6.08
nam,1995,6.1
nam,1996,6.12
nam,1997,6.21
nam,1998,6.45
nam,1999,6.67
nam,2000,6.89
nam,2001,6.8
nam,2002,6.91
nam,2003,6.82
nam,2004,6.61
nam,2005,6.47
nam,2006,6.18
nam,2007,6
nam,2008,5.83
nam,2009,5.69
nam,2010,5.61
nam,2011,5.42
nam,2012,5.28
nam,2013,5.3
nam,2014,5.31
nam,2015,5.3
nam,2016,5.26
nam,2017,5.19
nam,2018,5.16
nam,2019,5.07
ner,1990,5.54
ner,1991,5.47
ner,1992,5.47
ner,1993,5.47
ner,1994,5.37
ner,1995,5.33
ner,1996,5.16
ner,1997,5.14
ner,1998,5.09
ner,1999,5.06
ner,2000,5.01
ner,2001,4.95
ner,2002,4.86
ner,2003,4.81
ner,2004,4.62
ner,2005,4.7
ner,2006,4.57
ner,2007,4.45
ner,2008,4.25
ner,2009,4.22
ner,2010,4.13
ner,2011,4.13
ner,2012,4.12
ner,2013,4.18
ner,2014,4.21
ner,2015,4.21
ner,2016,4.23
ner,2017,4.2
ner,2018,4.08
ner,2019,3.98
nga,1990,3.51
nga,1991,3.5
nga,1992,3.51
nga,1993,3.51
nga,1994,3.5
nga,1995,3.47
nga,1996,3.42
nga,1997,3.39
nga,1998,3.37
nga,1999,3.34
nga,2000,3.32
nga,2001,3.32
nga,2002,3.3
nga,2003,3.27
nga,2004,3.26
nga,2005,3.22
nga,2006,3.24
nga,2007,3.27
nga,2008,3.12
nga,2009,3.08
nga,2010,3.04
nga,2011,3
nga,2012,2.99
nga,2013,2.96
nga,2014,2.91
nga,2015,2.86
nga,2016,2.84
nga,2017,2.77
nga,2018,2.73
nga,2019,2.65
nic,1990,1.01
nic,1991,1.04
nic,1992,1
nic,1993,0.97
nic,1994,0.95
nic,1995,1.02
nic,1996,1.02
nic,1997,0.96
nic,1998,0.93
nic,1999,0.88
nic,2000,0.82
nic,2001,0.79
nic,2002,0.76
nic,2003,0.73
nic,2004,0.7
nic,2005,0.69
nic,2006,0.64
nic,2007,0.63
nic,2008,0.63
nic,2009,0.61
nic,2010,0.59
nic,2011,0.59
nic,2012,0.58
nic,2013,0.56
nic,2014,0.55
nic,2015,0.53
nic,2016,0.54
nic,2017,0.53
nic,2018,0.52
nic,2019,0.51
niu,1990,1.52
niu,1991,1.53
niu,1992,1.55
niu,1993,1.54
niu,1994,1.54
niu,1995,1.55
niu,1996,1.56
niu,1997,1.55
niu,1998,1.55
niu,1999,1.53
niu,2000,1.52
niu,2001,1.51
niu,2002,1.48
niu,2003,1.46
niu,2004,1.43
niu,2005,1.39
niu,2006,1.37
niu,2007,1.34
niu,2008,1.31
niu,2009,1.27
niu,2010,1.24
niu,2011,1.22
niu,2012,1.21
niu,2013,1.19
niu,2014,1.17
niu,2015,1.16
niu,2016,1.14
niu,2017,1.13
niu,2018,1.12
niu,2019,1.1
nld,1990,0.75
nld,1991,0.73
nld,1992,0.73
nld,1993,0.75
nld,1994,0.74
nld,1995,0.72
nld,1996,0.71
nld,1997,0.68
nld,1998,0.67
nld,1999,0.67
nld,2000,0.65
nld,2001,0.66
nld,2002,0.59
nld,2003,0.58
nld,2004,0.54
nld,2005,0.59
nld,2006,0.5
nld,2007,0.47
nld,2008,0.46
nld,2009,0.43
nld,2010,0.41
nld,2011,0.39
nld,2012,0.38
nld,2013,0.36
nld,2014,0.35
nld,2015,0.34
nld,2016,0.34
nld,2017,0.34
nld,2018,0.34
nld,2019,0.34
nor,1990,1.51
nor,1991,1.45
nor,1992,1.42
nor,1993,1.35
nor,1994,1.3
nor,1995,1.27
nor,1996,1.25
nor,1997,1.24
nor,1998,1.2
nor,1999,1.19
nor,2000,1.19
nor,2001,1.18
nor,2002,1.18
nor,2003,1.14
nor,2004,1.13
nor,2005,1.11
nor,2006,1.08
nor,2007,1.07
nor,2008,1.05
nor,2009,1
nor,2010,0.94
nor,2011,0.87
nor,2012,0.82
nor,2013,0.81
nor,2014,0.76
nor,2015,0.7
nor,2016,0.67
nor,2017,0.63
nor,2018,0.64
nor,2019,0.64
npl,1990,1.32
npl,1991,1.53
npl,1992,1.58
npl,1993,1.23
npl,1994,1.2
npl,1995,1.17
npl,1996,1.14
npl,1997,1.11
npl,1998,1.09
npl,1999,1.24
npl,2000,1.05
npl,2001,1.04
npl,2002,1.02
npl,2003,1.02
npl,2004,1.02
npl,2005,1.04
npl,2006,1.05
npl,2007,1.05
npl,2008,1.05
npl,2009,1.05
npl,2010,1.04
npl,2011,1.04
npl,2012,1.05
npl,2013,1.06
npl,2014,1.06
npl,2015,1.07
npl,2016,1.11
npl,2017,1.07
npl,2018,1.07
npl,2019,1.07
nru,1990,2.35
nru,1991,2.37
nru,1992,2.39
nru,1993,2.42
nru,1994,2.47
nru,1995,2.54
nru,1996,2.6
nru,1997,2.67
nru,1998,2.75
nru,1999,2.78
nru,2000,2.81
nru,2001,2.83
nru,2002,2.83
nru,2003,2.79
nru,2004,2.77
nru,2005,2.74
nru,2006,2.71
nru,2007,2.69
nru,2008,2.63
nru,2009,2.59
nru,2010,2.51
nru,2011,2.41
nru,2012,2.34
nru,2013,2.25
nru,2014,2.14
nru,2015,2.07
nru,2016,2
nru,2017,1.95
nru,2018,1.9
nru,2019,1.87
nzl,1990,1.05
nzl,1991,1.01
nzl,1992,1
nzl,1993,1
nzl,1994,0.93
nzl,1995,0.92
nzl,1996,0.91
nzl,1997,0.86
nzl,1998,0.76
nzl,1999,0.72
nzl,2000,0.69
nzl,2001,0.69
nzl,2002,0.67
nzl,2003,0.6
nzl,2004,0.59
nzl,2005,0.56
nzl,2006,0.53
nzl,2007,0.54
nzl,2008,0.54
nzl,2009,0.51
nzl,2010,0.46
nzl,2011,0.43
nzl,2012,0.42
nzl,2013,0.41
nzl,2014,0.41
nzl,2015,0.4
nzl,2016,0.39
nzl,2017,0.39
nzl,2018,0.39
nzl,2019,0.39
omn,1990,1.62
omn,1991,1.58
omn,1992,1.55
omn,1993,1.53
omn,1994,1.52
omn,1995,1.52
omn,1996,1.5
omn,1997,1.47
omn,1998,1.46
omn,1999,1.43
omn,2000,1.41
omn,2001,1.37
omn,2002,1.36
omn,2003,1.33
omn,2004,1.29
omn,2005,1.28
omn,2006,1.28
omn,2007,1.41
omn,2008,1.44
omn,2009,1.44
omn,2010,1.41
omn,2011,1.36
omn,2012,1.3
omn,2013,1.31
omn,2014,1.32
omn,2015,1.36
omn,2016,1.39
omn,2017,1.34
omn,2018,1.2
omn,2019,1.15
pak,1990,1.86
pak,1991,1.86
pak,1992,1.87
pak,1993,1.89
pak,1994,1.92
pak,1995,1.96
pak,1996,1.97
pak,1997,1.98
pak,1998,1.96
pak,1999,1.95
pak,2000,1.93
pak,2001,1.91
pak,2002,1.89
pak,2003,1.89
pak,2004,1.83
pak,2005,1.81
pak,2006,1.77
pak,2007,1.69
pak,2008,1.71
pak,2009,1.71
pak,2010,1.63
pak,2011,1.61
pak,2012,1.6
pak,2013,1.61
pak,2014,1.61
pak,2015,1.59
pak,2016,1.6
pak,2017,1.57
pak,2018,1.54
pak,2019,1.49
pan,1990,0.8
pan,1991,0.76
pan,1992,0.75
pan,1993,0.75
pan,1994,0.71
pan,1995,0.69
pan,1996,0.63
pan,1997,0.64
pan,1998,0.65
pan,1999,0.62
pan,2000,0.6
pan,2001,0.56
pan,2002,0.61
pan,2003,0.63
pan,2004,0.6
pan,2005,0.62
pan,2006,0.62
pan,2007,0.75
pan,2008,0.62
pan,2009,0.62
pan,2010,0.64
pan,2011,0.65
pan,2012,0.68
pan,2013,0.65
pan,2014,0.66
pan,2015,0.63
pan,2016,0.62
pan,2017,0.59
pan,2018,0.57
pan,2019,0.56
per,1990,2.3
per,1991,2.17
per,1992,2.25
per,1993,2.2
per,1994,2.14
per,1995,2.1
per,1996,2.03
per,1997,2.01
per,1998,1.96
per,1999,1.86
per,2000,1.81
per,2001,2.95
per,2002,1.67
per,2003,1.51
per,2004,1.4
per,2005,1.27
per,2006,1.15
per,2007,1.03
per,2008,1
per,2009,1.04
per,2010,1.03
per,2011,0.99
per,2012,1.03
per,2013,0.92
per,2014,0.88
per,2015,0.86
per,2016,0.85
per,2017,0.84
per,2018,0.84
per,2019,0.83
phl,1990,1.8
phl,1991,1.71
phl,1992,1.67
phl,1993,1.63
phl,1994,1.59
phl,1995,1.58
phl,1996,1.78
phl,1997,1.53
phl,1998,1.54
phl,1999,1.4
phl,2000,1.36
phl,2001,1.45
phl,2002,1.32
phl,2003,1.33
phl,2004,1.25
phl,2005,1.26
phl,2006,1.29
phl,2007,1.24
phl,2008,1.25
phl,2009,1.25
phl,2010,1.25
phl,2011,1.23
phl,2012,1.25
phl,2013,1.22
phl,2014,1.21
phl,2015,1.21
phl,2016,1.21
phl,2017,1.23
phl,2018,1.16
phl,2019,1.14
plw,1990,5.41
plw,1991,5.28
plw,1992,5.16
plw,1993,5.09
plw,1994,4.92
plw,1995,4.84
plw,1996,4.77
plw,1997,4.71
plw,1998,4.67
plw,1999,4.63
plw,2000,4.57
plw,2001,4.49
plw,2002,4.43
plw,2003,4.36
plw,2004,4.34
plw,2005,4.38
plw,2006,4.36
plw,2007,4.33
plw,2008,4.32
plw,2009,4.3
plw,2010,4.28
plw,2011,4.26
plw,2012,4.23
plw,2013,4.19
plw,2014,4.14
plw,2015,4.08
plw,2016,4.04
plw,2017,4
plw,2018,3.96
plw,2019,3.92
png,1990,7.73
png,1991,7.92
png,1992,8.08
png,1993,8.1
png,1994,8.09
png,1995,8.1
png,1996,8.16
png,1997,8.21
png,1998,8.54
png,1999,8.64
png,2000,8.61
png,2001,8.57
png,2002,8.58
png,2003,8.49
png,2004,8.54
png,2005,8.8
png,2006,8.93
png,2007,8.9
png,2008,8.75
png,2009,8.51
png,2010,8.52
png,2011,8.4
png,2012,8.24
png,2013,8.07
png,2014,7.92
png,2015,7.78
png,2016,7.7
png,2017,7.66
png,2018,7.6
png,2019,7.49
pol,1990,1.82
pol,1991,1.93
pol,1992,1.88
pol,1993,1.77
pol,1994,1.78
pol,1995,1.77
pol,1996,1.72
pol,1997,1.68
pol,1998,1.64
pol,1999,1.63
pol,2000,1.51
pol,2001,1.48
pol,2002,1.47
pol,2003,1.47
pol,2004,1.48
pol,2005,1.51
pol,2006,1.52
pol,2007,1.51
pol,2008,1.47
pol,2009,1.41
pol,2010,1.34
pol,2011,1.31
pol,2012,1.28
pol,2013,1.19
pol,2014,1.1
pol,2015,1.08
pol,2016,1.04
pol,2017,1.02
pol,2018,1.01
pol,2019,0.99
pri,1990,1.07
pri,1991,1.04
pri,1992,1.05
pri,1993,1.07
pri,1994,1.12
pri,1995,1.18
pri,1996,1.18
pri,1997,1.16
pri,1998,1.13
pri,1999,0.99
pri,2000,0.96
pri,2001,0.94
pri,2002,0.87
pri,2003,0.83
pri,2004,0.81
pri,2005,0.77
pri,2006,0.71
pri,2007,0.69
pri,2008,0.67
pri,2009,0.63
pri,2010,0.57
pri,2011,0.59
pri,2012,0.54
pri,2013,0.52
pri,2014,0.51
pri,2015,0.49
pri,2016,0.5
pri,2017,0.51
pri,2018,0.51
pri,2019,0.51
prk,1990,1.99
prk,1991,1.93
prk,1992,1.87
prk,1993,1.98
prk,1994,1.77
prk,1995,1.72
prk,1996,1.69
prk,1997,1.66
prk,1998,1.62
prk,1999,1.59
prk,2000,1.56
prk,2001,1.54
prk,2002,1.51
prk,2003,1.48
prk,2004,1.46
prk,2005,1.43
prk,2006,1.41
prk,2007,1.39
prk,2008,1.41
prk,2009,1.38
prk,2010,1.35
prk,2011,1.32
prk,2012,1.29
prk,2013,1.26
prk,2014,1.23
prk,2015,1.2
prk,2016,1.17
prk,2017,1.15
prk,2018,1.12
prk,2019,1.1
prt,1990,1.66
prt,1991,1.64
prt,1992,1.53
prt,1993,1.5
prt,1994,1.37
prt,1995,1.37
prt,1996,1.38
prt,1997,1.36
prt,1998,1.31
prt,1999,1.29
prt,2000,1.22
prt,2001,1.09
prt,2002,1.06
prt,2003,1.42
prt,2004,1.26
prt,2005,0.98
prt,2006,0.95
prt,2007,0.96
prt,2008,0.94
prt,2009,0.91
prt,2010,0.87
prt,2011,0.83
prt,2012,0.79
prt,2013,0.77
prt,2014,0.7
prt,2015,0.66
prt,2016,0.72
prt,2017,1.37
prt,2018,0.72
prt,2019,0.64
pry,1990,1.19
pry,1991,1.15
pry,1992,1.18
pry,1993,1.2
pry,1994,1.2
pry,1995,1.24
pry,1996,1.27
pry,1997,1.25
pry,1998,1.23
pry,1999,1.27
pry,2000,1.29
pry,2001,1.26
pry,2002,1.27
pry,2003,1.31
pry,2004,1.4
pry,2005,1.28
pry,2006,1.23
pry,2007,1.33
pry,2008,1.13
pry,2009,1.12
pry,2010,1.09
pry,2011,1.04
pry,2012,1.02
pry,2013,1.01
pry,2014,0.98
pry,2015,0.98
pry,2016,1.01
pry,2017,1.01
pry,2018,1
pry,2019,0.99
pse,1990,2.95
pse,1991,2.91
pse,1992,2.84
pse,1993,2.79
pse,1994,2.73
pse,1995,2.67
pse,1996,2.62
pse,1997,2.56
pse,1998,2.47
pse,1999,2.37
pse,2000,2.26
pse,2001,2.17
pse,2002,2.09
pse,2003,2
pse,2004,1.93
pse,2005,1.87
pse,2006,1.81
pse,2007,1.74
pse,2008,1.68
pse,2009,1.62
pse,2010,1.59
pse,2011,1.56
pse,2012,1.55
pse,2013,1.53
pse,2014,1.5
pse,2015,1.47
pse,2016,1.45
pse,2017,1.43
pse,2018,1.43
pse,2019,1.41
qat,1990,4.28
qat,1991,4.32
qat,1992,4.29
qat,1993,4.21
qat,1994,3.86
qat,1995,3.7
qat,1996,3.97
qat,1997,4.07
qat,1998,4.01
qat,1999,3.82
qat,2000,3.54
qat,2001,3.41
qat,2002,3.39
qat,2003,3.26
qat,2004,3.08
qat,2005,3.06
qat,2006,3.02
qat,2007,2.98
qat,2008,2.98
qat,2009,2.86
qat,2010,2.74
qat,2011,2.62
qat,2012,3.9
qat,2013,2.44
qat,2014,2.43
qat,2015,2.48
qat,2016,3.15
qat,2017,2.39
qat,2018,2.32
qat,2019,2.27
rou,1990,3.16
rou,1991,3.05
rou,1992,3.2
rou,1993,3.24
rou,1994,3.38
rou,1995,3.39
rou,1996,3.45
rou,1997,3.32
rou,1998,2.99
rou,1999,2.64
rou,2000,2.45
rou,2001,2.34
rou,2002,2.24
rou,2003,2.15
rou,2004,2
rou,2005,1.93
rou,2006,1.86
rou,2007,1.79
rou,2008,1.76
rou,2009,1.71
rou,2010,1.68
rou,2011,1.57
rou,2012,1.55
rou,2013,1.46
rou,2014,1.5
rou,2015,1.63
rou,2016,1.47
rou,2017,1.47
rou,2018,1.43
rou,2019,1.4
rus,1990,4.54
rus,1991,4.77
rus,1992,5.43
rus,1993,6.8
rus,1994,7.69
rus,1995,7.45
rus,1996,6.97
rus,1997,6.49
rus,1998,6.51
rus,1999,7.37
rus,2000,7.95
rus,2001,8.32
rus,2002,8.6
rus,2003,8.83
rus,2004,8.55
rus,2005,8.82
rus,2006,7.83
rus,2007,7.1
rus,2008,6.83
rus,2009,6.22
rus,2010,5.97
rus,2011,5.3
rus,2012,4.95
rus,2013,4.58
rus,2014,4.44
rus,2015,4.04
rus,2016,3.72
rus,2017,3.37
rus,2018,3.47
rus,2019,3.42
rwa,1990,4.59
rwa,1991,4.67
rwa,1992,4.84
rwa,1993,5.02
rwa,1994,5.04
rwa,1995,4.96
rwa,1996,4.79
rwa,1997,4.66
rwa,1998,4.58
rwa,1999,4.41
rwa,2000,4.21
rwa,2001,3.99
rwa,2002,3.89
rwa,2003,3.78
rwa,2004,3.76
rwa,2005,3.64
rwa,2006,3.49
rwa,2007,3.4
rwa,2008,3.3
rwa,2009,3.14
rwa,2010,3.1
rwa,2011,3.04
rwa,2012,3
rwa,2013,2.91
rwa,2014,2.93
rwa,2015,2.91
rwa,2016,2.85
rwa,2017,2.8
rwa,2018,2.81
rwa,2019,2.78
sau,1990,3.36
sau,1991,3.35
sau,1992,3.3
sau,1993,3.26
sau,1994,3.23
sau,1995,3.2
sau,1996,3.25
sau,1997,5.39
sau,1998,3.04
sau,1999,3.24
sau,2000,2.94
sau,2001,2.87
sau,2002,2.89
sau,2003,3.38
sau,2004,2.65
sau,2005,2.61
sau,2006,2.57
sau,2007,2.63
sau,2008,2.57
sau,2009,2.59
sau,2010,2.63
sau,2011,2.65
sau,2012,2.74
sau,2013,2.56
sau,2014,2.56
sau,2015,2.56
sau,2016,2.37
sau,2017,2.35
sau,2018,2.26
sau,2019,2.21
scg,2002,0.5205
scg,2004,0.5918
sdn,1990,8.58
sdn,1991,8.29
sdn,1992,8.06
sdn,1993,7.85
sdn,1994,7.65
sdn,1995,7.57
sdn,1996,7.22
sdn,1997,6.98
sdn,1998,6.97
sdn,1999,6.51
sdn,2000,6.24
sdn,2001,5.92
sdn,2002,5.67
sdn,2003,5.37
sdn,2004,5.17
sdn,2005,5.15
sdn,2006,5.01
sdn,2007,4.83
sdn,2008,4.67
sdn,2009,4.52
sdn,2010,4.32
sdn,2011,4.13
sdn,2012,4.02
sdn,2013,3.9
sdn,2014,3.85
sdn,2015,3.7
sdn,2016,3.57
sdn,2017,3.44
sdn,2018,3.35
sdn,2019,3.25
sen,1990,3.95
sen,1991,3.91
sen,1992,3.84
sen,1993,3.79
sen,1994,3.76
sen,1995,3.63
sen,1996,3.51
sen,1997,3.41
sen,1998,3.39
sen,1999,3.34
sen,2000,3.21
sen,2001,3.72
sen,2002,3.67
sen,2003,3.43
sen,2004,3.57
sen,2005,3.52
sen,2006,3.55
sen,2007,3.37
sen,2008,3.36
sen,2009,3.37
sen,2010,3.1
sen,2011,3.1
sen,2012,3.01
sen,2013,3.04
sen,2014,3.14
sen,2015,3.12
sen,2016,3.14
sen,2017,3.32
sen,2018,2.98
sen,2019,2.94
sgp,1990,0.49
sgp,1991,0.47
sgp,1992,0.45
sgp,1993,0.42
sgp,1994,0.41
sgp,1995,0.41
sgp,1996,0.4
sgp,1997,0.38
sgp,1998,0.37
sgp,1999,0.35
sgp,2000,0.34
sgp,2001,0.32
sgp,2002,0.31
sgp,2003,0.3
sgp,2004,0.29
sgp,2005,0.28
sgp,2006,0.28
sgp,2007,0.27
sgp,2008,0.26
sgp,2009,0.25
sgp,2010,0.24
sgp,2011,0.24
sgp,2012,0.23
sgp,2013,0.23
sgp,2014,0.22
sgp,2015,0.21
sgp,2016,0.2
sgp,2017,0.19
sgp,2018,0.19
sgp,2019,0.19
slb,1990,4.84
slb,1991,4.8
slb,1992,4.73
slb,1993,4.67
slb,1994,4.62
slb,1995,4.56
slb,1996,4.51
slb,1997,4.48
slb,1998,4.53
slb,1999,4.52
slb,2000,4.52
slb,2001,4.5
slb,2002,4.47
slb,2003,4.43
slb,2004,4.36
slb,2005,4.33
slb,2006,4.33
slb,2007,4.31
slb,2008,4.15
slb,2009,4.18
slb,2010,4.14
slb,2011,4.18
slb,2012,4.15
slb,2013,4.13
slb,2014,4.11
slb,2015,4.1
slb,2016,4.02
slb,2017,3.95
slb,2018,3.92
slb,2019,3.88
sle,1990,4.56
sle,1991,4.6
sle,1992,4.59
sle,1993,4.52
sle,1994,4.45
sle,1995,4.42
sle,1996,4.42
sle,1997,4.49
sle,1998,4.5
sle,1999,4.43
sle,2000,4.4
sle,2001,4.36
sle,2002,4.38
sle,2003,4.4
sle,2004,4.5
sle,2005,4.56
sle,2006,4.55
sle,2007,4.52
sle,2008,4.36
sle,2009,4.28
sle,2010,4.3
sle,2011,4.24
sle,2012,4.19
sle,2013,4.13
sle,2014,4.04
sle,2015,3.96
sle,2016,3.88
sle,2017,3.85
sle,2018,3.82
sle,2019,3.74
slv,1990,1.58
slv,1991,1.49
slv,1992,1.43
slv,1993,1.38
slv,1994,1.33
slv,1995,1.24
slv,1996,1.15
slv,1997,1.14
slv,1998,1.16
slv,1999,1.06
slv,2000,1.03
slv,2001,0.97
slv,2002,0.91
slv,2003,0.9
slv,2004,0.9
slv,2005,0.88
slv,2006,0.87
slv,2007,0.82
slv,2008,0.78
slv,2009,0.79
slv,2010,1.22
slv,2011,0.72
slv,2012,0.65
slv,2013,0.66
slv,2014,0.7
slv,2015,0.7
slv,2016,0.69
slv,2017,0.68
slv,2018,0.67
slv,2019,0.67
smr,1990,0.44
smr,1991,0.42
smr,1992,0.42
smr,1993,0.4
smr,1994,0.4
smr,1995,0.38
smr,1996,0.37
smr,1997,0.37
smr,1998,0.36
smr,1999,0.35
smr,2000,0.35
smr,2001,0.34
smr,2002,0.34
smr,2003,0.33
smr,2004,0.33
smr,2005,0.33
smr,2006,0.33
smr,2007,0.32
smr,2008,0.32
smr,2009,0.32
smr,2010,0.31
smr,2011,0.31
smr,2012,0.31
smr,2013,0.31
smr,2014,0.31
smr,2015,0.31
smr,2016,0.31
smr,2017,0.31
smr,2018,0.31
smr,2019,0.31
som,1990,5.78
som,1991,5.66
som,1992,5.56
som,1993,5.49
som,1994,5.45
som,1995,5.45
som,1996,5.44
som,1997,5.45
som,1998,5.45
som,1999,5.4
som,2000,5.36
som,2001,5.29
som,2002,5.41
som,2003,5.27
som,2004,5.25
som,2005,5.2
som,2006,5.13
som,2007,5.21
som,2008,5.31
som,2009,5.34
som,2010,5.34
som,2011,5.3
som,2012,5.23
som,2013,5.17
som,2014,5.11
som,2015,5.04
som,2016,5
som,2017,4.91
som,2018,4.9
som,2019,4.86
srb,1990,1.37
srb,1991,1.26
srb,1992,1.28
srb,1993,1.28
srb,1994,1.33
srb,1995,1.31
srb,1996,1.31
srb,1997,1.33
srb,1998,1.23
srb,1999,1.19
srb,2000,1.22
srb,2001,1.18
srb,2002,1.17
srb,2003,1.16
srb,2004,1.15
srb,2005,1.12
srb,2006,1.08
srb,2007,1.04
srb,2008,1
srb,2009,0.98
srb,2010,0.93
srb,2011,0.9
srb,2012,0.86
srb,2013,0.87
srb,2014,0.86
srb,2015,0.86
srb,2016,0.81
srb,2017,0.8
srb,2018,0.8
srb,2019,0.79
ssd,1990,4.42
ssd,1991,4.34
ssd,1992,4.31
ssd,1993,4.28
ssd,1994,4.22
ssd,1995,4.27
ssd,1996,4.18
ssd,1997,4.03
ssd,1998,3.96
ssd,1999,3.86
ssd,2000,3.79
ssd,2001,3.65
ssd,2002,3.59
ssd,2003,3.57
ssd,2004,3.57
ssd,2005,3.59
ssd,2006,3.61
ssd,2007,3.6
ssd,2008,3.58
ssd,2009,3.54
ssd,2010,3.47
ssd,2011,3.41
ssd,2012,3.4
ssd,2013,3.41
ssd,2014,3.4
ssd,2015,3.42
ssd,2016,3.41
ssd,2017,3.31
ssd,2018,3.23
ssd,2019,3.79
stp,1990,0.54
stp,1991,0.54
stp,1992,0.54
stp,1993,0.53
stp,1994,0.53
stp,1995,0.53
stp,1996,0.54
stp,1997,0.55
stp,1998,0.55
stp,1999,0.55
stp,2000,0.52
stp,2001,0.52
stp,2002,0.53
stp,2003,0.5
stp,2004,0.53
stp,2005,0.49
stp,2006,0.51
stp,2007,0.51
stp,2008,0.5
stp,2009,0.5
stp,2010,0.51
stp,2011,0.49
stp,2012,0.48
stp,2013,0.49
stp,2014,0.51
stp,2015,0.51
stp,2016,0.5
stp,2017,0.5
stp,2018,0.5
stp,2019,0.49
sur,1990,3.41
sur,1991,3.51
sur,1992,3.54
sur,1993,3.63
sur,1994,3.37
sur,1995,2.97
sur,1996,2.82
sur,1997,2.78
sur,1998,2.84
sur,1999,2.89
sur,2000,2.74
sur,2001,2.69
sur,2002,2.68
sur,2003,2.64
sur,2004,2.59
sur,2005,2.5
sur,2006,2.43
sur,2007,2.37
sur,2008,2.32
sur,2009,2.26
sur,2010,2.2
sur,2011,2.12
sur,2012,2.06
sur,2013,2.08
sur,2014,2.09
sur,2015,2.14
sur,2016,2.15
sur,2017,2.13
sur,2018,2.12
sur,2019,2.11
svk,1990,1.4
svk,1991,1.36
svk,1992,1.32
svk,1993,1.24
svk,1994,1.18
svk,1995,1.17
svk,1996,1.13
svk,1997,1.15
svk,1998,1.17
svk,1999,1.14
svk,2000,1.23
svk,2001,1.09
svk,2002,1.12
svk,2003,1.15
svk,2004,1.14
svk,2005,1.19
svk,2006,1.23
svk,2007,1.43
svk,2008,1.17
svk,2009,1.1
svk,2010,1.02
svk,2011,0.99
svk,2012,0.95
svk,2013,0.9
svk,2014,0.89
svk,2015,0.89
svk,2016,0.84
svk,2017,0.83
svk,2018,0.82
svk,2019,0.82
svn,1990,0.79
svn,1991,0.77
svn,1992,0.73
svn,1993,0.67
svn,1994,0.63
svn,1995,0.64
svn,1996,0.67
svn,1997,0.65
svn,1998,0.61
svn,1999,0.55
svn,2000,0.52
svn,2001,0.56
svn,2002,0.52
svn,2003,0.51
svn,2004,0.47
svn,2005,0.44
svn,2006,0.44
svn,2007,0.45
svn,2008,0.44
svn,2009,0.42
svn,2010,0.4
svn,2011,0.38
svn,2012,0.36
svn,2013,0.35
svn,2014,0.32
svn,2015,0.34
svn,2016,0.32
svn,2017,0.31
svn,2018,0.31
svn,2019,0.3
swe,1990,1.04
swe,1991,1.05
swe,1992,1
swe,1993,0.99
swe,1994,0.96
swe,1995,0.94
swe,1996,0.93
swe,1997,0.9
swe,1998,1.58
swe,1999,0.84
swe,2000,0.83
swe,2001,0.82
swe,2002,0.81
swe,2003,0.78
swe,2004,0.75
swe,2005,0.72
swe,2006,0.69
swe,2007,0.69
swe,2008,0.68
swe,2009,0.68
swe,2010,0.65
swe,2011,0.62
swe,2012,0.6
swe,2013,0.58
swe,2014,0.56
swe,2015,0.56
swe,2016,0.55
swe,2017,0.54
swe,2018,0.53
swe,2019,0.52
swz,1990,6.8
swz,1991,6.78
swz,1992,6.67
swz,1993,6.51
swz,1994,6.46
swz,1995,6.57
swz,1996,6.7
swz,1997,6.7
swz,1998,6.93
swz,1999,7.18
swz,2000,7.6
swz,2001,7.95
swz,2002,8.26
swz,2003,8.46
swz,2004,8.58
swz,2005,8.6
swz,2006,8.42
swz,2007,8.59
swz,2008,8.25
swz,2009,8.11
swz,2010,7.89
swz,2011,7.64
swz,2012,7.48
swz,2013,7.27
swz,2014,7.09
swz,2015,6.93
swz,2016,6.75
swz,2017,6.64
swz,2018,6.53
swz,2019,6.45
syc,1990,3.29
syc,1991,3.12
syc,1992,3
syc,1993,2.89
syc,1994,2.9
syc,1995,2.79
syc,1996,2.67
syc,1997,2.54
syc,1998,2.44
syc,1999,2.33
syc,2000,2.23
syc,2001,2.18
syc,2002,2.2
syc,2003,2.22
syc,2004,2.15
syc,2005,2.08
syc,2006,2.02
syc,2007,1.94
syc,2008,1.85
syc,2009,1.83
syc,2010,1.83
syc,2011,1.8
syc,2012,1.77
syc,2013,1.75
syc,2014,1.75
syc,2015,1.77
syc,2016,1.79
syc,2017,1.76
syc,2018,1.75
syc,2019,1.74
syr,1990,2.36
syr,1991,2.36
syr,1992,2.38
syr,1993,2.29
syr,1994,2.27
syr,1995,2.23
syr,1996,2.23
syr,1997,2.21
syr,1998,2.23
syr,1999,2.2
syr,2000,2.02
syr,2001,1.75
syr,2002,1.76
syr,2003,1.6
syr,2004,1.52
syr,2005,1.43
syr,2006,1.38
syr,2007,1.36
syr,2008,1.38
syr,2009,1.33
syr,2010,1.3
syr,2011,1.32
syr,2012,1.32
syr,2013,1.33
syr,2014,1.34
syr,2015,1.58
syr,2016,1.31
syr,2017,1.29
syr,2018,1.27
syr,2019,1.24
tcd,1990,4.17
tcd,1991,4.13
tcd,1992,4.19
tcd,1993,4.28
tcd,1994,4.31
tcd,1995,4.38
tcd,1996,4.54
tcd,1997,4.66
tcd,1998,4.76
tcd,1999,4.82
tcd,2000,4.85
tcd,2001,4.85
tcd,2002,4.85
tcd,2003,4.85
tcd,2004,4.77
tcd,2005,4.67
tcd,2006,4.65
tcd,2007,4.66
tcd,2008,4.63
tcd,2009,4.59
tcd,2010,4.57
tcd,2011,4.5
tcd,2012,4.43
tcd,2013,4.38
tcd,2014,4.29
tcd,2015,4.23
tcd,2016,4.16
tcd,2017,4.1
tcd,2018,4.06
tcd,2019,4
tgo,1990,3.79
tgo,1991,3.8
tgo,1992,3.82
tgo,1993,3.86
tgo,1994,3.9
tgo,1995,3.93
tgo,1996,3.96
tgo,1997,3.99
tgo,1998,4.02
tgo,1999,3.98
tgo,2000,3.96
tgo,2001,3.91
tgo,2002,3.93
tgo,2003,3.9
tgo,2004,3.82
tgo,2005,3.78
tgo,2006,3.75
tgo,2007,3.71
tgo,2008,3.74
tgo,2009,3.76
tgo,2010,3.72
tgo,2011,3.67
tgo,2012,3.58
tgo,2013,3.49
tgo,2014,3.45
tgo,2015,3.41
tgo,2016,3.38
tgo,2017,3.36
tgo,2018,3.28
tgo,2019,3.23
tha,1990,1.16
tha,1991,1.21
tha,1992,1.16
tha,1993,1.18
tha,1994,1.21
tha,1995,1.24
tha,1996,1.25
tha,1997,1.31
tha,1998,1.11
tha,1999,1.15
tha,2000,1.14
tha,2001,1.11
tha,2002,1.12
tha,2003,1.12
tha,2004,1.05
tha,2005,0.98
tha,2006,0.96
tha,2007,0.94
tha,2008,0.93
tha,2009,1.03
tha,2010,0.94
tha,2011,0.91
tha,2012,0.89
tha,2013,0.92
tha,2014,0.86
tha,2015,0.86
tha,2016,0.89
tha,2017,0.85
tha,2018,0.84
tha,2019,0.83
tjk,1990,6.33
tjk,1991,6.53
tjk,1992,7.1
tjk,1993,7.59
tjk,1994,8.11
tjk,1995,7.78
tjk,1996,7.42
tjk,1997,7.11
tjk,1998,6.79
tjk,1999,6.5
tjk,2000,6.24
tjk,2001,6.02
tjk,2002,5.84
tjk,2003,5.65
tjk,2004,5.6
tjk,2005,5.5
tjk,2006,5.69
tjk,2007,5.2
tjk,2008,5
tjk,2009,4.78
tjk,2010,4.58
tjk,2011,4.34
tjk,2012,4.08
tjk,2013,3.8
tjk,2014,3.58
tjk,2015,3.4
tjk,2016,3.21
tjk,2017,3.23
tjk,2018,3.18
tjk,2019,3.16
tkl,1990,1.36
tkl,1991,1.34
tkl,1992,1.33
tkl,1993,1.31
tkl,1994,1.3
tkl,1995,1.29
tkl,1996,1.27
tkl,1997,1.25
tkl,1998,1.24
tkl,1999,1.25
tkl,2000,1.23
tkl,2001,1.22
tkl,2002,1.2
tkl,2003,1.18
tkl,2004,1.16
tkl,2005,1.14
tkl,2006,1.11
tkl,2007,1.08
tkl,2008,1.06
tkl,2009,1.02
tkl,2010,1.01
tkl,2011,1
tkl,2012,0.99
tkl,2013,0.97
tkl,2014,0.95
tkl,2015,0.93
tkl,2016,0.91
tkl,2017,0.9
tkl,2018,0.88
tkl,2019,0.87
tkm,1990,6.38
tkm,1991,6.57
tkm,1992,7.04
tkm,1993,8.03
tkm,1994,8.6
tkm,1995,8.53
tkm,1996,8.91
tkm,1997,9.19
tkm,1998,9.13
tkm,1999,8.48
tkm,2000,7.2
tkm,2001,6.68
tkm,2002,6.43
tkm,2003,6.11
tkm,2004,5.92
tkm,2005,5.66
tkm,2006,5.38
tkm,2007,4.85
tkm,2008,4.23
tkm,2009,3.5
tkm,2010,3.07
tkm,2011,2.85
tkm,2012,2.66
tkm,2013,2.66
tkm,2014,2.55
tkm,2015,2.41
tkm,2016,2.43
tkm,2017,2.4
tkm,2018,2.37
tkm,2019,2.34
tls,1990,2.45
tls,1991,2.36
tls,1992,2.33
tls,1993,2.28
tls,1994,2.19
tls,1995,2.09
tls,1996,1.98
tls,1997,1.86
tls,1998,1.82
tls,1999,1.77
tls,2000,1.74
tls,2001,1.68
tls,2002,1.61
tls,2003,1.6
tls,2004,1.48
tls,2005,1.45
tls,2006,1.36
tls,2007,1.33
tls,2008,1.26
tls,2009,1.28
tls,2010,1.27
tls,2011,1.32
tls,2012,1.36
tls,2013,1.36
tls,2014,1.37
tls,2015,1.36
tls,2016,1.37
tls,2017,1.36
tls,2018,1.35
tls,2019,1.35
ton,1990,3.82
ton,1991,3.77
ton,1992,3.71
ton,1993,3.73
ton,1994,3.74
ton,1995,3.69
ton,1996,3.69
ton,1997,3.74
ton,1998,3.89
ton,1999,4.12
ton,2000,4.1
ton,2001,3.99
ton,2002,3.97
ton,2003,3.96
ton,2004,3.8
ton,2005,3.59
ton,2006,3.57
ton,2007,3.56
ton,2008,3.54
ton,2009,3.51
ton,2010,3.48
ton,2011,3.44
ton,2012,3.4
ton,2013,3.37
ton,2014,3.33
ton,2015,3.29
ton,2016,3.26
ton,2017,3.22
ton,2018,3.18
ton,2019,3.13
tto,1990,2.61
tto,1991,2.55
tto,1992,2.32
tto,1993,2.16
tto,1994,2.08
tto,1995,1.89
tto,1996,1.75
tto,1997,1.6
tto,1998,1.74
tto,1999,1.91
tto,2000,2.1
tto,2001,2.26
tto,2002,2.14
tto,2003,2.1
tto,2004,2.06
tto,2005,1.9
tto,2006,1.9
tto,2007,1.92
tto,2008,1.9
tto,2009,1.75
tto,2010,1.65
tto,2011,1.54
tto,2012,1.42
tto,2013,1.46
tto,2014,1.46
tto,2015,1.44
tto,2016,1.45
tto,2017,1.44
tto,2018,1.42
tto,2019,1.41
tun,1990,3.63
tun,1991,3.62
tun,1992,3.56
tun,1993,3.53
tun,1994,3.45
tun,1995,3.43
tun,1996,3.33
tun,1997,3.24
tun,1998,3.16
tun,1999,3.13
tun,2000,3.04
tun,2001,2.93
tun,2002,2.82
tun,2003,2.74
tun,2004,2.62
tun,2005,2.54
tun,2006,2.47
tun,2007,2.39
tun,2008,2.33
tun,2009,2.27
tun,2010,2.23
tun,2011,2.17
tun,2012,2.11
tun,2013,2.06
tun,2014,2.02
tun,2015,1.97
tun,2016,1.93
tun,2017,1.9
tun,2018,1.86
tun,2019,1.81
tur,1990,1.22
tur,1991,1.16
tur,1992,1.13
tur,1993,1.12
tur,1994,1.08
tur,1995,1.05
tur,1996,1.04
tur,1997,0.98
tur,1998,0.95
tur,1999,0.92
tur,2000,0.86
tur,2001,0.83
tur,2002,0.8
tur,2003,0.76
tur,2004,0.72
tur,2005,0.69
tur,2006,0.67
tur,2007,0.65
tur,2008,0.64
tur,2009,0.63
tur,2010,0.63
tur,2011,0.61
tur,2012,0.6
tur,2013,0.61
tur,2014,0.61
tur,2015,0.59
tur,2016,0.6
tur,2017,0.57
tur,2018,0.55
tur,2019,0.53
tuv,1990,2.38
tuv,1991,2.3
tuv,1992,2.23
tuv,1993,2.16
tuv,1994,2.08
tuv,1995,2.04
tuv,1996,2
tuv,1997,1.97
tuv,1998,1.91
tuv,1999,1.89
tuv,2000,241.45
tuv,2001,1.79
tuv,2002,1.74
tuv,2003,1.7
tuv,2004,1.65
tuv,2005,1.63
tuv,2006,1.64
tuv,2007,1.63
tuv,2008,1.6
tuv,2009,1.59
tuv,2010,1.57
tuv,2011,1.54
tuv,2012,1.52
tuv,2013,1.5
tuv,2014,1.48
tuv,2015,1.46
tuv,2016,1.44
tuv,2017,1.43
tuv,2018,1.41
tuv,2019,1.39
twn,1990,2.31
twn,1991,2.22
twn,1992,2.22
twn,1993,2.21
twn,1994,2.11
twn,1995,2
twn,1996,1.87
twn,1997,1.63
twn,1998,1.48
twn,1999,1.28
twn,2000,1.18
twn,2001,1.05
twn,2002,0.93
twn,2003,0.85
twn,2004,0.79
twn,2005,0.75
twn,2006,0.69
twn,2007,0.63
twn,2008,0.6
twn,2009,0.56
twn,2010,0.53
twn,2011,0.56
twn,2012,0.55
twn,2013,0.51
twn,2014,0.52
twn,2015,0.5
twn,2016,0.5
twn,2017,0.49
twn,2018,0.49
twn,2019,0.48
tza,1990,3.82
tza,1991,3.74
tza,1992,3.68
tza,1993,3.63
tza,1994,3.74
tza,1995,3.52
tza,1996,3.48
tza,1997,3.46
tza,1998,3.46
tza,1999,3.43
tza,2000,3.37
tza,2001,3.31
tza,2002,3.32
tza,2003,3.36
tza,2004,3.37
tza,2005,3.35
tza,2006,3.36
tza,2007,3.35
tza,2008,3.3
tza,2009,3.35
tza,2010,3.28
tza,2011,3.25
tza,2012,3.27
tza,2013,3.25
tza,2014,3.14
tza,2015,3.16
tza,2016,3.12
tza,2017,3.07
tza,2018,3.03
tza,2019,2.97
uga,1990,3.38
uga,1991,3.45
uga,1992,3.46
uga,1993,3.51
uga,1994,3.53
uga,1995,3.56
uga,1996,3.57
uga,1997,3.56
uga,1998,3.57
uga,1999,3.54
uga,2000,3.53
uga,2001,3.66
uga,2002,3.45
uga,2003,3.37
uga,2004,3.35
uga,2005,3.31
uga,2006,3.27
uga,2007,3.12
uga,2008,3.08
uga,2009,2.94
uga,2010,2.91
uga,2011,2.89
uga,2012,2.87
uga,2013,2.94
uga,2014,2.95
uga,2015,2.87
uga,2016,2.84
uga,2017,2.71
uga,2018,2.73
uga,2019,2.64
ukr,1990,4.24
ukr,1991,4.65
ukr,1992,5.13
ukr,1993,5.59
ukr,1994,6.18
ukr,1995,7.01
ukr,1996,7.14
ukr,1997,7
ukr,1998,6.7
ukr,1999,7.2
ukr,2000,7.67
ukr,2001,7.67
ukr,2002,7.78
ukr,2003,7.44
ukr,2004,7.2
ukr,2005,6.45
ukr,2006,5.69
ukr,2007,5.6
ukr,2008,5.22
ukr,2009,4.18
ukr,2010,3.67
ukr,2011,3.4
ukr,2012,3.25
ukr,2013,3.18
ukr,2014,3.01
ukr,2015,3.98
ukr,2016,3.86
ukr,2017,3.8
ukr,2018,3.79
ukr,2019,3.78
ury,1990,1.51
ury,1991,1.47
ury,1992,1.59
ury,1993,1.71
ury,1994,1.78
ury,1995,1.84
ury,1996,1.95
ury,1997,1.94
ury,1998,1.88
ury,1999,1.94
ury,2000,1.8
ury,2001,1.78
ury,2002,1.77
ury,2003,1.8
ury,2004,1.8
ury,2005,1.71
ury,2006,1.61
ury,2007,1.67
ury,2008,1.61
ury,2009,1.61
ury,2010,2.01
ury,2011,1.65
ury,2012,1.62
ury,2013,1.63
ury,2014,1.54
ury,2015,1.54
ury,2016,1.57
ury,2017,1.51
ury,2018,1.47
ury,2019,1.43
usa,1990,1.99
usa,1991,1.91
usa,1992,1.76
usa,1993,1.8
usa,1994,1.66
usa,1995,1.59
usa,1996,1.66
usa,1997,1.46
usa,1998,1.41
usa,1999,1.37
usa,2000,1.34
usa,2001,1.37
usa,2002,1.26
usa,2003,1.33
usa,2004,1.18
usa,2005,1.16
usa,2006,1.2
usa,2007,1.2
usa,2008,1.07
usa,2009,1.01
usa,2010,0.92
usa,2011,0.96
usa,2012,0.86
usa,2013,0.96
usa,2014,0.93
usa,2015,0.92
usa,2016,0.93
usa,2017,0.84
usa,2018,0.85
usa,2019,0.82
uzb,1990,4.59
uzb,1991,4.68
uzb,1992,4.76
uzb,1993,5.04
uzb,1994,5.32
uzb,1995,5.62
uzb,1996,5.94
uzb,1997,5.93
uzb,1998,5.78
uzb,1999,5.6
uzb,2000,5.68
uzb,2001,5.57
uzb,2002,5.45
uzb,2003,5.2
uzb,2004,4.81
uzb,2005,4.64
uzb,2006,4.25
uzb,2007,3.91
uzb,2008,3.55
uzb,2009,3.18
uzb,2010,3
uzb,2011,2.92
uzb,2012,2.86
uzb,2013,2.77
uzb,2014,2.67
uzb,2015,2.61
uzb,2016,2.53
uzb,2017,2.48
uzb,2018,2.41
uzb,2019,2.36
vct,1990,4.99
vct,1991,5
vct,1992,4.88
vct,1993,4.78
vct,1994,4.69
vct,1995,4.56
vct,1996,4.55
vct,1997,4.45
vct,1998,4.28
vct,1999,4.15
vct,2000,3.89
vct,2001,3.72
vct,2002,3.52
vct,2003,3.33
vct,2004,3.16
vct,2005,3.04
vct,2006,2.92
vct,2007,2.74
vct,2008,2.8
vct,2009,2.78
vct,2010,2.67
vct,2011,2.56
vct,2012,2.58
vct,2013,2.62
vct,2014,2.58
vct,2015,2.57
vct,2016,2.54
vct,2017,2.51
vct,2018,2.47
vct,2019,2.42
ven,1990,0.95
ven,1991,0.91
ven,1992,0.9
ven,1993,0.9
ven,1994,0.92
ven,1995,0.89
ven,1996,0.82
ven,1997,0.78
ven,1998,0.82
ven,1999,0.78
ven,2000,0.77
ven,2001,0.76
ven,2002,0.75
ven,2003,0.8
ven,2004,0.75
ven,2005,0.79
ven,2006,0.71
ven,2007,0.71
ven,2008,0.72
ven,2009,0.72
ven,2010,0.69
ven,2011,0.7
ven,2012,0.72
ven,2013,0.71
ven,2014,0.7
ven,2015,0.69
ven,2016,0.69
ven,2017,0.69
ven,2018,0.7
ven,2019,0.7
vir,1990,1.77
vir,1991,1.73
vir,1992,1.69
vir,1993,1.67
vir,1994,1.67
vir,1995,1.66
vir,1996,1.64
vir,1997,1.6
vir,1998,1.56
vir,1999,1.54
vir,2000,1.52
vir,2001,1.49
vir,2002,1.44
vir,2003,1.38
vir,2004,1.34
vir,2005,1.31
vir,2006,1.28
vir,2007,1.23
vir,2008,1.22
vir,2009,1.21
vir,2010,1.19
vir,2011,1.18
vir,2012,1.18
vir,2013,1.17
vir,2014,1.16
vir,2015,1.15
vir,2016,1.13
vir,2017,1.13
vir,2018,1.12
vir,2019,1.12
vnm,1990,1.07
vnm,1991,1.05
vnm,1992,1.03
vnm,1993,1.01
vnm,1994,0.99
vnm,1995,0.97
vnm,1996,0.95
vnm,1997,0.93
vnm,1998,0.91
vnm,1999,0.89
vnm,2000,0.86
vnm,2001,0.85
vnm,2002,0.92
vnm,2003,0.83
vnm,2004,0.83
vnm,2005,0.82
vnm,2006,0.79
vnm,2007,0.78
vnm,2008,0.76
vnm,2009,0.74
vnm,2010,0.73
vnm,2011,0.72
vnm,2012,0.72
vnm,2013,0.71
vnm,2014,0.7
vnm,2015,0.7
vnm,2016,0.71
vnm,2017,0.69
vnm,2018,0.69
vnm,2019,0.67
vut,1990,1.8
vut,1991,1.87
vut,1992,1.91
vut,1993,1.94
vut,1994,1.97
vut,1995,1.95
vut,1996,1.96
vut,1997,1.95
vut,1998,1.95
vut,1999,1.99
vut,2000,1.95
vut,2001,1.95
vut,2002,1.88
vut,2003,1.82
vut,2004,1.79
vut,2005,1.82
vut,2006,1.82
vut,2007,1.86
vut,2008,1.86
vut,2009,1.84
vut,2010,1.82
vut,2011,1.82
vut,2012,1.79
vut,2013,1.77
vut,2014,1.76
vut,2015,1.74
vut,2016,1.75
vut,2017,1.73
vut,2018,1.71
vut,2019,1.7
wsm,1990,1.57
wsm,1991,1.55
wsm,1992,1.53
wsm,1993,1.51
wsm,1994,1.49
wsm,1995,1.47
wsm,1996,1.45
wsm,1997,1.43
wsm,1998,1.41
wsm,1999,1.41
wsm,2000,1.39
wsm,2001,1.37
wsm,2002,1.35
wsm,2003,1.33
wsm,2004,1.32
wsm,2005,1.31
wsm,2006,1.3
wsm,2007,1.29
wsm,2008,1.28
wsm,2009,1.27
wsm,2010,1.27
wsm,2011,1.26
wsm,2012,1.25
wsm,2013,1.24
wsm,2014,1.23
wsm,2015,1.22
wsm,2016,1.21
wsm,2017,1.2
wsm,2018,1.19
wsm,2019,1.15
yem,1990,6.26
yem,1991,6.09
yem,1992,5.95
yem,1993,5.83
yem,1994,5.73
yem,1995,5.61
yem,1996,5.49
yem,1997,5.38
yem,1998,5.26
yem,1999,5.18
yem,2000,5.03
yem,2001,4.82
yem,2002,4.75
yem,2003,4.61
yem,2004,4.48
yem,2005,4.34
yem,2006,4.22
yem,2007,4.19
yem,2008,4.17
yem,2009,4.02
yem,2010,3.8
yem,2011,3.72
yem,2012,3.6
yem,2013,3.57
yem,2014,3.48
yem,2015,3.49
yem,2016,3.49
yem,2017,3.49
yem,2018,3.52
yem,2019,3.49
zaf,1990,7.14
zaf,1991,7.09
zaf,1992,7.31
zaf,1993,6.82
zaf,1994,6.89
zaf,1995,6.78
zaf,1996,6.71
zaf,1997,7.3
zaf,1998,7.42
zaf,1999,7.07
zaf,2000,7.17
zaf,2001,6.99
zaf,2002,6.89
zaf,2003,6.89
zaf,2004,6.72
zaf,2005,6.52
zaf,2006,6.41
zaf,2007,6.15
zaf,2008,5.89
zaf,2009,5.57
zaf,2010,5.44
zaf,2011,5.08
zaf,2012,4.85
zaf,2013,4.71
zaf,2014,4.7
zaf,2015,4.66
zaf,2016,4.48
zaf,2017,4.46
zaf,2018,4.38
zaf,2019,4.36
zmb,1990,4.79
zmb,1991,4.81
zmb,1992,4.81
zmb,1993,4.78
zmb,1994,4.78
zmb,1995,4.78
zmb,1996,4.75
zmb,1997,4.7
zmb,1998,4.67
zmb,1999,4.59
zmb,2000,4.55
zmb,2001,4.47
zmb,2002,4.42
zmb,2003,4.39
zmb,2004,4.39
zmb,2005,4.36
zmb,2006,4.3
zmb,2007,4.18
zmb,2008,4.08
zmb,2009,3.95
zmb,2010,3.91
zmb,2011,3.83
zmb,2012,3.69
zmb,2013,3.6
zmb,2014,3.5
zmb,2015,3.42
zmb,2016,3.33
zmb,2017,3.29
zmb,2018,3.23
zmb,2019,3.18
zwe,1990,6.67
zwe,1991,6.5
zwe,1992,6.48
zwe,1993,6.25
zwe,1994,6.22
zwe,1995,6.15
zwe,1996,5.93
zwe,1997,5.89
zwe,1998,6.09
zwe,1999,6.34
zwe,2000,6.68
zwe,2001,6.81
zwe,2002,7.04
zwe,2003,7.19
zwe,2004,7.39
zwe,2005,7.5
zwe,2006,7.66
zwe,2007,7.83
zwe,2008,8.29
zwe,2009,8.42
zwe,2010,8.41
zwe,2011,8.28
zwe,2012,8.14
zwe,2013,7.93
zwe,2014,7.84
zwe,2015,7.84
zwe,2016,7.81
zwe,2017,7.71
zwe,2018,7.62
zwe,2019,7.54
