geo,time,poisonings_deaths_per_100000_people
afg,1990,4.84
afg,1991,4.79
afg,1992,4.7
afg,1993,4.63
afg,1994,4.62
afg,1995,4.63
afg,1996,4.68
afg,1997,4.71
afg,1998,4.73
afg,1999,4.75
afg,2000,4.82
afg,2001,4.86
afg,2002,4.56
afg,2003,4.63
afg,2004,4.61
afg,2005,4.49
afg,2006,4.32
afg,2007,4.15
afg,2008,3.98
afg,2009,3.8
afg,2010,3.67
afg,2011,3.55
afg,2012,3.45
afg,2013,3.37
afg,2014,3.29
afg,2015,3.23
afg,2016,3.18
afg,2017,3.13
afg,2018,3.06
afg,2019,3.03
afg,2020,2.96
afg,2021,2.89
ago,1990,2.94
ago,1991,2.9
ago,1992,2.86
ago,1993,2.88
ago,1994,2.88
ago,1995,2.83
ago,1996,2.7
ago,1997,2.63
ago,1998,2.64
ago,1999,2.62
ago,2000,2.57
ago,2001,2.5
ago,2002,2.41
ago,2003,2.34
ago,2004,2.33
ago,2005,2.22
ago,2006,2.16
ago,2007,2.12
ago,2008,2.01
ago,2009,1.96
ago,2010,1.9
ago,2011,1.84
ago,2012,1.8
ago,2013,1.74
ago,2014,1.65
ago,2015,1.61
ago,2016,1.56
ago,2017,1.52
ago,2018,1.47
ago,2019,1.45
ago,2020,1.41
ago,2021,1.4
alb,1990,0.78
alb,1991,0.82
alb,1992,0.78
alb,1993,0.75
alb,1994,0.71
alb,1995,0.7
alb,1996,0.66
alb,1997,0.65
alb,1998,0.64
alb,1999,0.61
alb,2000,0.57
alb,2001,0.54
alb,2002,0.52
alb,2003,0.51
alb,2004,0.49
alb,2005,0.46
alb,2006,0.42
alb,2007,0.39
alb,2008,0.37
alb,2009,0.34
alb,2010,0.34
alb,2011,0.34
alb,2012,0.34
alb,2013,0.33
alb,2014,0.32
alb,2015,0.31
alb,2016,0.31
alb,2017,0.31
alb,2018,0.3
alb,2019,0.29
alb,2020,0.24
alb,2021,0.24
and,1990,0.01
and,1991,0.01
and,1992,0.01
and,1993,0.01
and,1994,0.01
and,1995,0.01
and,1996,0.01
and,1997,0.01
and,1998,0.01
and,1999,0.01
and,2000,0.01
and,2001,0
and,2002,0
and,2003,0
and,2004,0
and,2005,0
and,2006,0
and,2007,0
and,2008,0
and,2009,0
and,2010,0
and,2011,0
and,2012,0
and,2013,0
and,2014,0
and,2015,0
and,2016,0
and,2017,0
and,2018,0
and,2019,0
and,2020,0
and,2021,0
are,1990,0.75
are,1991,0.73
are,1992,0.7
are,1993,0.67
are,1994,0.65
are,1995,0.63
are,1996,0.61
are,1997,0.6
are,1998,0.61
are,1999,0.62
are,2000,0.62
are,2001,0.61
are,2002,0.58
are,2003,0.57
are,2004,0.58
are,2005,0.58
are,2006,0.56
are,2007,0.56
are,2008,0.53
are,2009,0.49
are,2010,0.47
are,2011,0.45
are,2012,0.43
are,2013,0.45
are,2014,0.45
are,2015,0.44
are,2016,0.44
are,2017,0.41
are,2018,0.39
are,2019,0.37
are,2020,0.34
are,2021,0.28
arg,1990,0.87
arg,1991,0.85
arg,1992,0.83
arg,1993,0.8
arg,1994,0.76
arg,1995,0.74
arg,1996,0.73
arg,1997,0.71
arg,1998,0.64
arg,1999,0.67
arg,2000,0.67
arg,2001,0.61
arg,2002,0.66
arg,2003,0.65
arg,2004,0.72
arg,2005,0.84
arg,2006,0.68
arg,2007,0.75
arg,2008,0.67
arg,2009,0.64
arg,2010,0.64
arg,2011,0.66
arg,2012,0.66
arg,2013,0.66
arg,2014,0.6
arg,2015,0.57
arg,2016,0.53
arg,2017,0.52
arg,2018,0.53
arg,2019,0.52
arg,2020,0.48
arg,2021,0.45
arm,1990,1.01
arm,1991,1.38
arm,1992,1.87
arm,1993,2.53
arm,1994,2.66
arm,1995,2.25
arm,1996,2.11
arm,1997,1.96
arm,1998,1.96
arm,1999,2.2
arm,2000,2.4
arm,2001,2.53
arm,2002,2.43
arm,2003,2.24
arm,2004,1.58
arm,2005,0.66
arm,2006,0.47
arm,2007,0.44
arm,2008,0.41
arm,2009,0.4
arm,2010,0.39
arm,2011,0.4
arm,2012,0.42
arm,2013,0.39
arm,2014,0.4
arm,2015,0.4
arm,2016,0.48
arm,2017,0.4
arm,2018,0.51
arm,2019,0.54
arm,2020,0.52
arm,2021,0.5
asm,1990,0.38
asm,1991,0.38
asm,1992,0.38
asm,1993,0.38
asm,1994,0.38
asm,1995,0.38
asm,1996,0.37
asm,1997,0.37
asm,1998,0.35
asm,1999,0.37
asm,2000,0.33
asm,2001,0.3
asm,2002,0.33
asm,2003,0.34
asm,2004,0.34
asm,2005,0.33
asm,2006,0.31
asm,2007,0.29
asm,2008,0.28
asm,2009,0.27
asm,2010,0.25
asm,2011,0.24
asm,2012,0.22
asm,2013,0.2
asm,2014,0.2
asm,2015,0.2
asm,2016,0.21
asm,2017,0.24
asm,2018,0.23
asm,2019,0.23
asm,2020,0.24
asm,2021,0.22
atg,1990,1.47
atg,1991,1.54
atg,1992,1.69
atg,1993,1.79
atg,1994,1.16
atg,1995,0.97
atg,1996,0.85
atg,1997,0.73
atg,1998,0.59
atg,1999,0.54
atg,2000,0.41
atg,2001,0.35
atg,2002,0.32
atg,2003,0.29
atg,2004,0.32
atg,2005,0.3
atg,2006,0.25
atg,2007,0.22
atg,2008,0.24
atg,2009,0.3
atg,2010,0.29
atg,2011,0.27
atg,2012,0.26
atg,2013,0.29
atg,2014,0.27
atg,2015,0.27
atg,2016,0.23
atg,2017,0.22
atg,2018,0.22
atg,2019,0.21
atg,2020,0.2
atg,2021,0.18
aus,1990,0.25
aus,1991,0.25
aus,1992,0.19
aus,1993,0.23
aus,1994,0.24
aus,1995,0.26
aus,1996,0.27
aus,1997,0.23
aus,1998,0.22
aus,1999,0.23
aus,2000,0.23
aus,2001,0.15
aus,2002,0.18
aus,2003,0.25
aus,2004,0.22
aus,2005,0.18
aus,2006,0.16
aus,2007,0.18
aus,2008,0.19
aus,2009,0.17
aus,2010,0.18
aus,2011,0.16
aus,2012,0.14
aus,2013,0.11
aus,2014,0.1
aus,2015,0.11
aus,2016,0.09
aus,2017,0.11
aus,2018,0.12
aus,2019,0.12
aus,2020,0.11
aus,2021,0.11
aut,1990,0.55
aut,1991,0.55
aut,1992,0.48
aut,1993,0.46
aut,1994,0.42
aut,1995,0.38
aut,1996,0.32
aut,1997,0.29
aut,1998,0.27
aut,1999,0.23
aut,2000,0.22
aut,2001,0.21
aut,2002,0.2
aut,2003,0.19
aut,2004,0.17
aut,2005,0.18
aut,2006,0.19
aut,2007,0.19
aut,2008,0.18
aut,2009,0.17
aut,2010,0.18
aut,2011,0.17
aut,2012,0.17
aut,2013,0.16
aut,2014,0.15
aut,2015,0.16
aut,2016,0.17
aut,2017,0.17
aut,2018,0.17
aut,2019,0.18
aut,2020,0.16
aut,2021,0.16
aze,1990,1.2
aze,1991,1.33
aze,1992,1.56
aze,1993,1.69
aze,1994,1.79
aze,1995,1.74
aze,1996,1.69
aze,1997,1.67
aze,1998,1.67
aze,1999,1.67
aze,2000,1.66
aze,2001,1.59
aze,2002,1.48
aze,2003,1.37
aze,2004,1.19
aze,2005,1.16
aze,2006,1.04
aze,2007,0.92
aze,2008,0.9
aze,2009,0.87
aze,2010,0.85
aze,2011,0.82
aze,2012,0.79
aze,2013,0.77
aze,2014,0.74
aze,2015,0.72
aze,2016,0.7
aze,2017,0.7
aze,2018,0.68
aze,2019,0.66
aze,2020,0.6
aze,2021,0.6
bdi,1990,3.22
bdi,1991,3.21
bdi,1992,3.2
bdi,1993,3.25
bdi,1994,3.25
bdi,1995,3.21
bdi,1996,3.21
bdi,1997,3.19
bdi,1998,3.14
bdi,1999,3.08
bdi,2000,3.03
bdi,2001,2.95
bdi,2002,2.94
bdi,2003,2.91
bdi,2004,2.93
bdi,2005,2.88
bdi,2006,2.82
bdi,2007,2.75
bdi,2008,2.67
bdi,2009,2.65
bdi,2010,2.63
bdi,2011,2.63
bdi,2012,2.6
bdi,2013,2.57
bdi,2014,2.52
bdi,2015,2.46
bdi,2016,2.39
bdi,2017,2.34
bdi,2018,2.28
bdi,2019,2.25
bdi,2020,2.21
bdi,2021,2.19
bel,1990,0.86
bel,1991,0.85
bel,1992,0.77
bel,1993,0.74
bel,1994,0.67
bel,1995,0.61
bel,1996,0.54
bel,1997,0.49
bel,1998,0.44
bel,1999,0.41
bel,2000,0.39
bel,2001,0.37
bel,2002,0.34
bel,2003,0.31
bel,2004,0.29
bel,2005,0.28
bel,2006,0.28
bel,2007,0.28
bel,2008,0.27
bel,2009,0.26
bel,2010,0.26
bel,2011,0.25
bel,2012,0.25
bel,2013,0.24
bel,2014,0.22
bel,2015,0.21
bel,2016,0.2
bel,2017,0.2
bel,2018,0.2
bel,2019,0.19
bel,2020,0.17
bel,2021,0.18
ben,1990,1.31
ben,1991,1.35
ben,1992,1.39
ben,1993,1.43
ben,1994,1.48
ben,1995,1.53
ben,1996,1.57
ben,1997,1.61
ben,1998,1.63
ben,1999,1.64
ben,2000,1.65
ben,2001,1.6
ben,2002,1.58
ben,2003,1.53
ben,2004,1.49
ben,2005,1.45
ben,2006,1.43
ben,2007,1.39
ben,2008,1.36
ben,2009,1.36
ben,2010,1.37
ben,2011,1.37
ben,2012,1.38
ben,2013,1.36
ben,2014,1.32
ben,2015,1.3
ben,2016,1.27
ben,2017,1.22
ben,2018,1.15
ben,2019,1.11
ben,2020,1.12
ben,2021,1.08
bfa,1990,2.59
bfa,1991,2.56
bfa,1992,2.54
bfa,1993,2.54
bfa,1994,2.53
bfa,1995,2.53
bfa,1996,2.51
bfa,1997,2.49
bfa,1998,2.46
bfa,1999,2.42
bfa,2000,2.43
bfa,2001,2.34
bfa,2002,2.3
bfa,2003,2.23
bfa,2004,2.18
bfa,2005,2.13
bfa,2006,2.09
bfa,2007,2.01
bfa,2008,1.97
bfa,2009,1.92
bfa,2010,1.91
bfa,2011,1.91
bfa,2012,1.93
bfa,2013,1.95
bfa,2014,1.94
bfa,2015,1.95
bfa,2016,1.96
bfa,2017,1.92
bfa,2018,1.84
bfa,2019,1.77
bfa,2020,1.7
bfa,2021,1.66
bgd,1990,0.5
bgd,1991,0.48
bgd,1992,0.46
bgd,1993,0.43
bgd,1994,0.41
bgd,1995,0.39
bgd,1996,0.43
bgd,1997,0.35
bgd,1998,0.33
bgd,1999,0.32
bgd,2000,0.31
bgd,2001,0.3
bgd,2002,0.26
bgd,2003,0.23
bgd,2004,0.22
bgd,2005,0.22
bgd,2006,0.22
bgd,2007,0.22
bgd,2008,0.22
bgd,2009,0.21
bgd,2010,0.21
bgd,2011,0.2
bgd,2012,0.2
bgd,2013,0.18
bgd,2014,0.17
bgd,2015,0.16
bgd,2016,0.16
bgd,2017,0.15
bgd,2018,0.14
bgd,2019,0.13
bgd,2020,0.12
bgd,2021,0.12
bgr,1990,1.8
bgr,1991,1.78
bgr,1992,1.66
bgr,1993,1.77
bgr,1994,1.95
bgr,1995,1.88
bgr,1996,1.54
bgr,1997,1.39
bgr,1998,1.23
bgr,1999,1.2
bgr,2000,1.16
bgr,2001,1.15
bgr,2002,1.12
bgr,2003,1.08
bgr,2004,0.99
bgr,2005,0.88
bgr,2006,0.81
bgr,2007,0.73
bgr,2008,0.69
bgr,2009,0.64
bgr,2010,0.6
bgr,2011,0.52
bgr,2012,0.5
bgr,2013,0.45
bgr,2014,0.41
bgr,2015,0.41
bgr,2016,0.38
bgr,2017,0.41
bgr,2018,0.38
bgr,2019,0.37
bgr,2020,0.34
bgr,2021,0.34
bhr,1990,0.49
bhr,1991,0.49
bhr,1992,0.48
bhr,1993,0.48
bhr,1994,0.48
bhr,1995,0.48
bhr,1996,0.47
bhr,1997,0.48
bhr,1998,0.44
bhr,1999,0.41
bhr,2000,0.4
bhr,2001,0.37
bhr,2002,0.35
bhr,2003,0.35
bhr,2004,0.36
bhr,2005,0.35
bhr,2006,0.34
bhr,2007,0.33
bhr,2008,0.31
bhr,2009,0.3
bhr,2010,0.28
bhr,2011,0.28
bhr,2012,0.27
bhr,2013,0.25
bhr,2014,0.24
bhr,2015,0.23
bhr,2016,0.23
bhr,2017,0.23
bhr,2018,0.22
bhr,2019,0.21
bhr,2020,0.21
bhr,2021,0.21
bhs,1990,1.13
bhs,1991,1.23
bhs,1992,1.25
bhs,1993,1.24
bhs,1994,0.71
bhs,1995,0.56
bhs,1996,0.5
bhs,1997,0.43
bhs,1998,0.35
bhs,1999,0.32
bhs,2000,0.24
bhs,2001,0.2
bhs,2002,0.19
bhs,2003,0.17
bhs,2004,0.19
bhs,2005,0.17
bhs,2006,0.14
bhs,2007,0.13
bhs,2008,0.14
bhs,2009,0.16
bhs,2010,0.16
bhs,2011,0.13
bhs,2012,0.12
bhs,2013,0.14
bhs,2014,0.14
bhs,2015,0.14
bhs,2016,0.14
bhs,2017,0.13
bhs,2018,0.13
bhs,2019,0.13
bhs,2020,0.13
bhs,2021,0.12
bih,1990,4.25
bih,1991,4.51
bih,1992,4.4
bih,1993,4.13
bih,1994,3.99
bih,1995,3.86
bih,1996,3.5
bih,1997,3.15
bih,1998,2.82
bih,1999,2.56
bih,2000,2.4
bih,2001,2.23
bih,2002,2.15
bih,2003,2.04
bih,2004,1.95
bih,2005,1.93
bih,2006,1.86
bih,2007,1.9
bih,2008,1.78
bih,2009,1.73
bih,2010,1.68
bih,2011,1.65
bih,2012,1.57
bih,2013,1.54
bih,2014,1.47
bih,2015,1.51
bih,2016,1.49
bih,2017,1.45
bih,2018,1.41
bih,2019,1.41
bih,2020,1.33
bih,2021,1.22
blr,1990,4.25
blr,1991,4.59
blr,1992,5.1
blr,1993,6
blr,1994,6.14
blr,1995,6.4
blr,1996,6.46
blr,1997,6.65
blr,1998,7.05
blr,1999,7.03
blr,2000,6.67
blr,2001,6.94
blr,2002,6.93
blr,2003,6.65
blr,2004,6.25
blr,2005,6.05
blr,2006,5.39
blr,2007,4.76
blr,2008,3.44
blr,2009,3.33
blr,2010,4.19
blr,2011,3.25
blr,2012,3.03
blr,2013,3.24
blr,2014,2.96
blr,2015,2.6
blr,2016,2.05
blr,2017,1.53
blr,2018,1.45
blr,2019,1.45
blr,2020,1.43
blr,2021,1.44
blz,1990,2.78
blz,1991,2.84
blz,1992,3.1
blz,1993,3.26
blz,1994,1.98
blz,1995,1.71
blz,1996,1.6
blz,1997,1.37
blz,1998,1.15
blz,1999,1.07
blz,2000,0.84
blz,2001,0.72
blz,2002,0.66
blz,2003,0.57
blz,2004,0.62
blz,2005,0.59
blz,2006,0.48
blz,2007,0.42
blz,2008,0.44
blz,2009,0.49
blz,2010,0.49
blz,2011,0.41
blz,2012,0.39
blz,2013,0.43
blz,2014,0.4
blz,2015,0.4
blz,2016,0.32
blz,2017,0.32
blz,2018,0.31
blz,2019,0.3
blz,2020,0.27
blz,2021,0.26
bmu,1990,1.43
bmu,1991,1.46
bmu,1992,1.57
bmu,1993,1.52
bmu,1994,0.87
bmu,1995,0.63
bmu,1996,0.54
bmu,1997,0.43
bmu,1998,0.33
bmu,1999,0.29
bmu,2000,0.22
bmu,2001,0.18
bmu,2002,0.17
bmu,2003,0.15
bmu,2004,0.17
bmu,2005,0.16
bmu,2006,0.13
bmu,2007,0.11
bmu,2008,0.12
bmu,2009,0.13
bmu,2010,0.12
bmu,2011,0.1
bmu,2012,0.1
bmu,2013,0.11
bmu,2014,0.1
bmu,2015,0.09
bmu,2016,0.08
bmu,2017,0.08
bmu,2018,0.08
bmu,2019,0.08
bmu,2020,0.07
bmu,2021,0.07
bol,1990,1.62
bol,1991,1.57
bol,1992,1.52
bol,1993,1.47
bol,1994,1.41
bol,1995,1.36
bol,1996,1.31
bol,1997,1.26
bol,1998,1.21
bol,1999,1.15
bol,2000,1.09
bol,2001,1.03
bol,2002,0.98
bol,2003,0.92
bol,2004,0.87
bol,2005,0.84
bol,2006,0.8
bol,2007,0.78
bol,2008,0.75
bol,2009,0.72
bol,2010,0.7
bol,2011,0.68
bol,2012,0.66
bol,2013,0.64
bol,2014,0.62
bol,2015,0.61
bol,2016,0.6
bol,2017,0.58
bol,2018,0.57
bol,2019,0.55
bol,2020,0.54
bol,2021,0.53
bra,1990,0.2
bra,1991,0.18
bra,1992,0.18
bra,1993,0.19
bra,1994,0.18
bra,1995,0.16
bra,1996,0.15
bra,1997,0.15
bra,1998,0.15
bra,1999,0.13
bra,2000,0.11
bra,2001,0.1
bra,2002,0.1
bra,2003,0.1
bra,2004,0.1
bra,2005,0.1
bra,2006,0.1
bra,2007,0.09
bra,2008,0.09
bra,2009,0.09
bra,2010,0.09
bra,2011,0.08
bra,2012,0.09
bra,2013,0.09
bra,2014,0.08
bra,2015,0.08
bra,2016,0.08
bra,2017,0.07
bra,2018,0.06
bra,2019,0.06
bra,2020,0.06
bra,2021,0.06
brb,1990,0.83
brb,1991,0.85
brb,1992,0.95
brb,1993,0.99
brb,1994,0.62
brb,1995,0.51
brb,1996,0.5
brb,1997,0.41
brb,1998,0.25
brb,1999,0.21
brb,2000,0.19
brb,2001,0.16
brb,2002,0.16
brb,2003,0.16
brb,2004,0.17
brb,2005,0.16
brb,2006,0.12
brb,2007,0.11
brb,2008,0.12
brb,2009,0.14
brb,2010,0.13
brb,2011,0.12
brb,2012,0.11
brb,2013,0.12
brb,2014,0.12
brb,2015,0.12
brb,2016,0.12
brb,2017,0.12
brb,2018,0.12
brb,2019,0.12
brb,2020,0.11
brb,2021,0.11
brn,1990,0.49
brn,1991,0.49
brn,1992,0.47
brn,1993,0.46
brn,1994,0.45
brn,1995,0.43
brn,1996,0.42
brn,1997,0.4
brn,1998,0.38
brn,1999,0.36
brn,2000,0.34
brn,2001,0.32
brn,2002,0.32
brn,2003,0.32
brn,2004,0.31
brn,2005,0.31
brn,2006,0.3
brn,2007,0.29
brn,2008,0.28
brn,2009,0.28
brn,2010,0.27
brn,2011,0.27
brn,2012,0.26
brn,2013,0.26
brn,2014,0.26
brn,2015,0.25
brn,2016,0.25
brn,2017,0.24
brn,2018,0.23
brn,2019,0.22
brn,2020,0.22
brn,2021,0.2
btn,1990,0.17
btn,1991,0.17
btn,1992,0.17
btn,1993,0.17
btn,1994,0.17
btn,1995,0.17
btn,1996,0.17
btn,1997,0.17
btn,1998,0.16
btn,1999,0.14
btn,2000,0.15
btn,2001,0.15
btn,2002,0.14
btn,2003,0.14
btn,2004,0.13
btn,2005,0.13
btn,2006,0.13
btn,2007,0.12
btn,2008,0.12
btn,2009,0.11
btn,2010,0.11
btn,2011,0.1
btn,2012,0.1
btn,2013,0.1
btn,2014,0.09
btn,2015,0.09
btn,2016,0.09
btn,2017,0.09
btn,2018,0.08
btn,2019,0.08
btn,2020,0.08
btn,2021,0.08
bwa,1990,2.12
bwa,1991,2.11
bwa,1992,2.12
bwa,1993,2.11
bwa,1994,2.11
bwa,1995,2.11
bwa,1996,2.08
bwa,1997,2.01
bwa,1998,1.93
bwa,1999,1.92
bwa,2000,1.95
bwa,2001,1.94
bwa,2002,1.92
bwa,2003,1.83
bwa,2004,1.72
bwa,2005,1.63
bwa,2006,1.58
bwa,2007,1.6
bwa,2008,1.63
bwa,2009,1.64
bwa,2010,1.67
bwa,2011,1.65
bwa,2012,1.58
bwa,2013,1.53
bwa,2014,1.47
bwa,2015,1.41
bwa,2016,1.31
bwa,2017,1.25
bwa,2018,1.2
bwa,2019,1.16
bwa,2020,1.14
bwa,2021,1.12
caf,1990,3.69
caf,1991,3.7
caf,1992,3.66
caf,1993,3.68
caf,1994,3.66
caf,1995,3.6
caf,1996,3.63
caf,1997,3.58
caf,1998,3.58
caf,1999,3.56
caf,2000,3.48
caf,2001,3.43
caf,2002,3.39
caf,2003,3.34
caf,2004,3.28
caf,2005,3.24
caf,2006,3.26
caf,2007,3.21
caf,2008,3.14
caf,2009,3.12
caf,2010,3.12
caf,2011,3.08
caf,2012,3.01
caf,2013,3.02
caf,2014,2.99
caf,2015,2.98
caf,2016,2.96
caf,2017,2.94
caf,2018,2.89
caf,2019,2.83
caf,2020,2.79
caf,2021,2.73
can,1990,0.56
can,1991,0.54
can,1992,0.51
can,1993,0.5
can,1994,0.48
can,1995,0.43
can,1996,0.41
can,1997,0.4
can,1998,0.37
can,1999,0.35
can,2000,0.32
can,2001,0.3
can,2002,0.31
can,2003,0.33
can,2004,0.31
can,2005,0.32
can,2006,0.31
can,2007,0.32
can,2008,0.32
can,2009,0.32
can,2010,0.31
can,2011,0.31
can,2012,0.31
can,2013,0.31
can,2014,0.31
can,2015,0.3
can,2016,0.27
can,2017,0.28
can,2018,0.27
can,2019,0.26
can,2020,0.26
can,2021,0.25
che,1990,0.1
che,1991,0.09
che,1992,0.09
che,1993,0.08
che,1994,0.07
che,1995,0.07
che,1996,0.06
che,1997,0.05
che,1998,0.05
che,1999,0.04
che,2000,0.04
che,2001,0.04
che,2002,0.03
che,2003,0.03
che,2004,0.03
che,2005,0.03
che,2006,0.03
che,2007,0.03
che,2008,0.03
che,2009,0.03
che,2010,0.02
che,2011,0.02
che,2012,0.02
che,2013,0.02
che,2014,0.02
che,2015,0.02
che,2016,0.02
che,2017,0.02
che,2018,0.02
che,2019,0.02
che,2020,0.02
che,2021,0.02
chl,1990,0.71
chl,1991,0.62
chl,1992,0.61
chl,1993,0.58
chl,1994,0.55
chl,1995,0.51
chl,1996,0.49
chl,1997,0.39
chl,1998,0.33
chl,1999,0.34
chl,2000,0.33
chl,2001,0.31
chl,2002,0.31
chl,2003,0.3
chl,2004,0.33
chl,2005,0.38
chl,2006,0.32
chl,2007,0.33
chl,2008,0.3
chl,2009,0.29
chl,2010,0.27
chl,2011,0.28
chl,2012,0.26
chl,2013,0.26
chl,2014,0.23
chl,2015,0.23
chl,2016,0.22
chl,2017,0.22
chl,2018,0.22
chl,2019,0.22
chl,2020,0.2
chl,2021,0.2
chn,1990,1.78
chn,1991,1.72
chn,1992,1.67
chn,1993,1.64
chn,1994,1.58
chn,1995,1.57
chn,1996,1.57
chn,1997,1.57
chn,1998,1.6
chn,1999,1.61
chn,2000,1.68
chn,2001,1.76
chn,2002,1.85
chn,2003,1.97
chn,2004,2.05
chn,2005,2.05
chn,2006,1.96
chn,2007,1.93
chn,2008,1.96
chn,2009,2
chn,2010,1.98
chn,2011,1.92
chn,2012,1.85
chn,2013,1.79
chn,2014,1.73
chn,2015,1.67
chn,2016,1.62
chn,2017,1.54
chn,2018,1.47
chn,2019,1.4
chn,2020,1.31
chn,2021,1.26
civ,1990,1.13
civ,1991,1.17
civ,1992,1.22
civ,1993,1.29
civ,1994,1.36
civ,1995,1.42
civ,1996,1.46
civ,1997,1.49
civ,1998,1.52
civ,1999,1.54
civ,2000,1.55
civ,2001,1.52
civ,2002,1.5
civ,2003,1.47
civ,2004,1.44
civ,2005,1.42
civ,2006,1.48
civ,2007,1.38
civ,2008,1.34
civ,2009,1.31
civ,2010,1.28
civ,2011,1.25
civ,2012,1.27
civ,2013,1.31
civ,2014,1.3
civ,2015,1.29
civ,2016,1.25
civ,2017,1.21
civ,2018,1.15
civ,2019,1.09
civ,2020,1.05
civ,2021,1.02
cmr,1990,1.12
cmr,1991,1.17
cmr,1992,1.23
cmr,1993,1.29
cmr,1994,1.35
cmr,1995,1.4
cmr,1996,1.46
cmr,1997,1.52
cmr,1998,1.56
cmr,1999,1.57
cmr,2000,1.59
cmr,2001,1.56
cmr,2002,1.56
cmr,2003,1.52
cmr,2004,1.47
cmr,2005,1.44
cmr,2006,1.42
cmr,2007,1.4
cmr,2008,1.38
cmr,2009,1.37
cmr,2010,1.36
cmr,2011,1.33
cmr,2012,1.31
cmr,2013,1.29
cmr,2014,1.26
cmr,2015,1.21
cmr,2016,1.18
cmr,2017,1.14
cmr,2018,1.1
cmr,2019,1.05
cmr,2020,1.01
cmr,2021,0.97
cod,1990,2.38
cod,1991,2.38
cod,1992,2.36
cod,1993,2.34
cod,1994,2.33
cod,1995,2.35
cod,1996,2.38
cod,1997,2.33
cod,1998,2.33
cod,1999,2.33
cod,2000,2.35
cod,2001,2.34
cod,2002,2.3
cod,2003,2.31
cod,2004,2.26
cod,2005,2.22
cod,2006,2.19
cod,2007,2.15
cod,2008,2.13
cod,2009,2.12
cod,2010,2.1
cod,2011,2.09
cod,2012,2.07
cod,2013,2.06
cod,2014,2.03
cod,2015,1.99
cod,2016,1.93
cod,2017,1.87
cod,2018,1.82
cod,2019,1.76
cod,2020,1.73
cod,2021,1.69
cog,1990,2.25
cog,1991,2.21
cog,1992,2.19
cog,1993,2.18
cog,1994,2.25
cog,1995,2.25
cog,1996,2.24
cog,1997,2.26
cog,1998,2.14
cog,1999,2.12
cog,2000,2.05
cog,2001,1.92
cog,2002,1.85
cog,2003,1.82
cog,2004,1.76
cog,2005,1.73
cog,2006,1.68
cog,2007,1.66
cog,2008,1.62
cog,2009,1.58
cog,2010,1.53
cog,2011,1.47
cog,2012,1.45
cog,2013,1.42
cog,2014,1.4
cog,2015,1.37
cog,2016,1.34
cog,2017,1.31
cog,2018,1.28
cog,2019,1.27
cog,2020,1.26
cog,2021,1.22
cok,1990,0.25
cok,1991,0.24
cok,1992,0.23
cok,1993,0.22
cok,1994,0.21
cok,1995,0.2
cok,1996,0.19
cok,1997,0.18
cok,1998,0.18
cok,1999,0.17
cok,2000,0.16
cok,2001,0.17
cok,2002,0.17
cok,2003,0.17
cok,2004,0.17
cok,2005,0.16
cok,2006,0.15
cok,2007,0.14
cok,2008,0.13
cok,2009,0.13
cok,2010,0.12
cok,2011,0.1
cok,2012,0.09
cok,2013,0.08
cok,2014,0.07
cok,2015,0.07
cok,2016,0.07
cok,2017,0.07
cok,2018,0.06
cok,2019,0.06
cok,2020,0.07
cok,2021,0.06
col,1990,0.63
col,1991,0.69
col,1992,0.68
col,1993,0.61
col,1994,0.5
col,1995,0.43
col,1996,0.38
col,1997,0.31
col,1998,0.27
col,1999,0.26
col,2000,0.24
col,2001,0.23
col,2002,0.21
col,2003,0.21
col,2004,0.22
col,2005,0.23
col,2006,0.23
col,2007,0.21
col,2008,0.21
col,2009,0.2
col,2010,0.2
col,2011,0.19
col,2012,0.18
col,2013,0.18
col,2014,0.17
col,2015,0.17
col,2016,0.17
col,2017,0.17
col,2018,0.17
col,2019,0.16
col,2020,0.15
col,2021,0.14
com,1990,2.38
com,1991,2.38
com,1992,2.37
com,1993,2.35
com,1994,2.35
com,1995,2.32
com,1996,2.31
com,1997,2.27
com,1998,2.22
com,1999,2.13
com,2000,2.1
com,2001,2.03
com,2002,2
com,2003,1.97
com,2004,1.88
com,2005,1.91
com,2006,1.82
com,2007,1.92
com,2008,1.93
com,2009,1.81
com,2010,1.71
com,2011,1.73
com,2012,1.69
com,2013,1.66
com,2014,1.79
com,2015,1.76
com,2016,1.72
com,2017,1.69
com,2018,1.63
com,2019,1.61
com,2020,1.62
com,2021,1.6
cpv,1990,0.03
cpv,1991,0.04
cpv,1992,0.04
cpv,1993,0.06
cpv,1994,0.08
cpv,1995,0.12
cpv,1996,0.18
cpv,1997,0.28
cpv,1998,0.36
cpv,1999,0.43
cpv,2000,0.45
cpv,2001,0.45
cpv,2002,0.44
cpv,2003,0.43
cpv,2004,0.42
cpv,2005,0.41
cpv,2006,0.38
cpv,2007,0.37
cpv,2008,0.36
cpv,2009,0.35
cpv,2010,0.34
cpv,2011,0.34
cpv,2012,0.34
cpv,2013,0.33
cpv,2014,0.33
cpv,2015,0.33
cpv,2016,0.32
cpv,2017,0.32
cpv,2018,0.35
cpv,2019,0.34
cpv,2020,0.33
cpv,2021,0.33
cri,1990,0.41
cri,1991,0.4
cri,1992,0.4
cri,1993,0.38
cri,1994,0.38
cri,1995,0.39
cri,1996,0.36
cri,1997,0.37
cri,1998,0.32
cri,1999,0.32
cri,2000,0.29
cri,2001,0.29
cri,2002,0.28
cri,2003,0.27
cri,2004,0.28
cri,2005,0.27
cri,2006,0.29
cri,2007,0.24
cri,2008,0.24
cri,2009,0.23
cri,2010,0.25
cri,2011,0.25
cri,2012,0.24
cri,2013,0.23
cri,2014,0.21
cri,2015,0.25
cri,2016,0.26
cri,2017,0.25
cri,2018,0.25
cri,2019,0.24
cri,2020,0.23
cri,2021,0.24
cub,1990,0.41
cub,1991,0.4
cub,1992,0.4
cub,1993,0.41
cub,1994,0.42
cub,1995,0.41
cub,1996,0.39
cub,1997,0.38
cub,1998,0.31
cub,1999,0.29
cub,2000,0.21
cub,2001,0.17
cub,2002,0.15
cub,2003,0.14
cub,2004,0.15
cub,2005,0.14
cub,2006,0.11
cub,2007,0.1
cub,2008,0.1
cub,2009,0.12
cub,2010,0.12
cub,2011,0.1
cub,2012,0.1
cub,2013,0.11
cub,2014,0.1
cub,2015,0.11
cub,2016,0.09
cub,2017,0.09
cub,2018,0.09
cub,2019,0.09
cub,2020,0.08
cub,2021,0.08
cyp,1990,0.54
cyp,1991,0.54
cyp,1992,0.53
cyp,1993,0.52
cyp,1994,0.49
cyp,1995,0.47
cyp,1996,0.46
cyp,1997,0.44
cyp,1998,0.43
cyp,1999,0.42
cyp,2000,0.41
cyp,2001,0.39
cyp,2002,0.37
cyp,2003,0.35
cyp,2004,0.32
cyp,2005,0.32
cyp,2006,0.3
cyp,2007,0.28
cyp,2008,0.27
cyp,2009,0.26
cyp,2010,0.25
cyp,2011,0.24
cyp,2012,0.23
cyp,2013,0.22
cyp,2014,0.21
cyp,2015,0.2
cyp,2016,0.19
cyp,2017,0.19
cyp,2018,0.19
cyp,2019,0.19
cyp,2020,0.17
cyp,2021,0.16
cze,1990,2.42
cze,1991,2.38
cze,1992,2.14
cze,1993,2.03
cze,1994,1.98
cze,1995,1.81
cze,1996,1.36
cze,1997,1.15
cze,1998,1
cze,1999,1.01
cze,2000,1
cze,2001,1.04
cze,2002,1.02
cze,2003,1.01
cze,2004,0.91
cze,2005,0.86
cze,2006,0.77
cze,2007,0.73
cze,2008,0.7
cze,2009,0.66
cze,2010,0.65
cze,2011,0.59
cze,2012,0.56
cze,2013,0.51
cze,2014,0.42
cze,2015,0.43
cze,2016,0.4
cze,2017,0.41
cze,2018,0.35
cze,2019,0.31
cze,2020,0.29
cze,2021,0.28
deu,1990,0.3
deu,1991,0.29
deu,1992,0.28
deu,1993,0.26
deu,1994,0.25
deu,1995,0.24
deu,1996,0.21
deu,1997,0.2
deu,1998,0.18
deu,1999,0.17
deu,2000,0.16
deu,2001,0.15
deu,2002,0.13
deu,2003,0.13
deu,2004,0.12
deu,2005,0.12
deu,2006,0.12
deu,2007,0.12
deu,2008,0.13
deu,2009,0.12
deu,2010,0.12
deu,2011,0.12
deu,2012,0.12
deu,2013,0.11
deu,2014,0.11
deu,2015,0.1
deu,2016,0.11
deu,2017,0.12
deu,2018,0.11
deu,2019,0.11
deu,2020,0.11
deu,2021,0.1
dji,1990,1.94
dji,1991,1.91
dji,1992,1.96
dji,1993,2.09
dji,1994,2.07
dji,1995,2.16
dji,1996,2.18
dji,1997,2.14
dji,1998,2.17
dji,1999,2.15
dji,2000,2.15
dji,2001,2.14
dji,2002,2.15
dji,2003,2.15
dji,2004,2.22
dji,2005,2.21
dji,2006,2.19
dji,2007,2.18
dji,2008,2.12
dji,2009,2.08
dji,2010,2.06
dji,2011,2.01
dji,2012,1.97
dji,2013,1.94
dji,2014,1.87
dji,2015,1.84
dji,2016,1.81
dji,2017,1.78
dji,2018,1.72
dji,2019,1.68
dji,2020,1.63
dji,2021,1.59
dma,1990,3.35
dma,1991,3.29
dma,1992,3.17
dma,1993,2.99
dma,1994,2.7
dma,1995,2.44
dma,1996,2.2
dma,1997,1.95
dma,1998,1.71
dma,1999,1.53
dma,2000,1.32
dma,2001,1.17
dma,2002,1.07
dma,2003,1.01
dma,2004,0.96
dma,2005,0.94
dma,2006,0.9
dma,2007,0.88
dma,2008,0.86
dma,2009,0.88
dma,2010,0.89
dma,2011,0.89
dma,2012,0.89
dma,2013,0.92
dma,2014,0.91
dma,2015,0.91
dma,2016,0.89
dma,2017,0.89
dma,2018,0.88
dma,2019,0.88
dma,2020,0.87
dma,2021,0.87
dnk,1990,0.2
dnk,1991,0.19
dnk,1992,0.17
dnk,1993,0.17
dnk,1994,0.17
dnk,1995,0.16
dnk,1996,0.13
dnk,1997,0.13
dnk,1998,0.12
dnk,1999,0.11
dnk,2000,0.1
dnk,2001,0.09
dnk,2002,0.08
dnk,2003,0.08
dnk,2004,0.08
dnk,2005,0.07
dnk,2006,0.07
dnk,2007,0.07
dnk,2008,0.07
dnk,2009,0.06
dnk,2010,0.06
dnk,2011,0.06
dnk,2012,0.05
dnk,2013,0.05
dnk,2014,0.05
dnk,2015,0.05
dnk,2016,0.04
dnk,2017,0.04
dnk,2018,0.04
dnk,2019,0.04
dnk,2020,0.04
dnk,2021,0.04
dom,1990,0.72
dom,1991,0.67
dom,1992,0.61
dom,1993,0.56
dom,1994,0.51
dom,1995,0.48
dom,1996,0.44
dom,1997,0.41
dom,1998,0.38
dom,1999,0.35
dom,2000,0.33
dom,2001,0.31
dom,2002,0.3
dom,2003,0.29
dom,2004,0.29
dom,2005,0.29
dom,2006,0.29
dom,2007,0.28
dom,2008,0.27
dom,2009,0.27
dom,2010,0.26
dom,2011,0.26
dom,2012,0.27
dom,2013,0.28
dom,2014,0.29
dom,2015,0.29
dom,2016,0.3
dom,2017,0.31
dom,2018,0.31
dom,2019,0.31
dom,2020,0.28
dom,2021,0.28
dza,1990,1.48
dza,1991,1.42
dza,1992,1.39
dza,1993,1.36
dza,1994,1.33
dza,1995,1.3
dza,1996,1.27
dza,1997,1.26
dza,1998,1.22
dza,1999,1.21
dza,2000,1.18
dza,2001,1.15
dza,2002,1.12
dza,2003,1.07
dza,2004,1.04
dza,2005,1.01
dza,2006,0.97
dza,2007,0.94
dza,2008,0.91
dza,2009,0.88
dza,2010,0.85
dza,2011,0.83
dza,2012,0.8
dza,2013,0.79
dza,2014,0.77
dza,2015,0.75
dza,2016,0.72
dza,2017,0.69
dza,2018,0.68
dza,2019,0.67
dza,2020,0.65
dza,2021,0.64
ecu,1990,1.84
ecu,1991,1.92
ecu,1992,1.84
ecu,1993,1.74
ecu,1994,1.68
ecu,1995,1.59
ecu,1996,1.56
ecu,1997,1.03
ecu,1998,0.95
ecu,1999,0.84
ecu,2000,0.8
ecu,2001,0.83
ecu,2002,0.83
ecu,2003,0.82
ecu,2004,0.82
ecu,2005,0.7
ecu,2006,0.68
ecu,2007,0.67
ecu,2008,0.68
ecu,2009,0.52
ecu,2010,0.49
ecu,2011,0.5
ecu,2012,0.46
ecu,2013,0.51
ecu,2014,0.51
ecu,2015,0.48
ecu,2016,0.48
ecu,2017,0.51
ecu,2018,0.54
ecu,2019,0.55
ecu,2020,0.48
ecu,2021,0.48
egy,1990,0.74
egy,1991,0.7
egy,1992,0.66
egy,1993,0.65
egy,1994,0.63
egy,1995,0.6
egy,1996,0.58
egy,1997,0.56
egy,1998,0.53
egy,1999,0.51
egy,2000,0.48
egy,2001,0.48
egy,2002,0.46
egy,2003,0.45
egy,2004,0.43
egy,2005,0.42
egy,2006,0.41
egy,2007,0.4
egy,2008,0.4
egy,2009,0.4
egy,2010,0.4
egy,2011,0.39
egy,2012,0.39
egy,2013,0.37
egy,2014,0.37
egy,2015,0.36
egy,2016,0.34
egy,2017,0.32
egy,2018,0.32
egy,2019,0.31
egy,2020,0.3
egy,2021,0.29
eri,1990,3.28
eri,1991,3.28
eri,1992,3.26
eri,1993,3.2
eri,1994,3.14
eri,1995,3.14
eri,1996,3.06
eri,1997,2.99
eri,1998,2.93
eri,1999,2.89
eri,2000,2.87
eri,2001,2.83
eri,2002,2.85
eri,2003,2.83
eri,2004,2.86
eri,2005,2.85
eri,2006,2.83
eri,2007,2.81
eri,2008,2.81
eri,2009,2.79
eri,2010,2.76
eri,2011,2.7
eri,2012,2.66
eri,2013,2.64
eri,2014,2.58
eri,2015,2.55
eri,2016,2.52
eri,2017,2.5
eri,2018,2.46
eri,2019,2.43
eri,2020,2.4
eri,2021,2.37
esp,1990,0.53
esp,1991,0.51
esp,1992,0.47
esp,1993,0.44
esp,1994,0.4
esp,1995,0.37
esp,1996,0.33
esp,1997,0.3
esp,1998,0.28
esp,1999,0.25
esp,2000,0.23
esp,2001,0.21
esp,2002,0.19
esp,2003,0.19
esp,2004,0.18
esp,2005,0.19
esp,2006,0.17
esp,2007,0.16
esp,2008,0.15
esp,2009,0.14
esp,2010,0.14
esp,2011,0.13
esp,2012,0.13
esp,2013,0.13
esp,2014,0.12
esp,2015,0.11
esp,2016,0.11
esp,2017,0.11
esp,2018,0.11
esp,2019,0.11
esp,2020,0.1
esp,2021,0.1
est,1990,2.37
est,1991,2.63
est,1992,2.81
est,1993,3.12
est,1994,3.08
est,1995,2.83
est,1996,2.41
est,1997,2.44
est,1998,2.52
est,1999,2.22
est,2000,2.18
est,2001,2.23
est,2002,2.12
est,2003,1.99
est,2004,1.85
est,2005,1.64
est,2006,1.54
est,2007,1.43
est,2008,1.21
est,2009,1.1
est,2010,0.99
est,2011,0.97
est,2012,0.96
est,2013,0.79
est,2014,0.76
est,2015,0.71
est,2016,0.7
est,2017,0.64
est,2018,0.61
est,2019,0.56
est,2020,0.56
est,2021,0.55
eth,1990,4.55
eth,1991,4.51
eth,1992,4.48
eth,1993,4.41
eth,1994,4.35
eth,1995,4.29
eth,1996,4.17
eth,1997,4.05
eth,1998,3.93
eth,1999,3.81
eth,2000,3.68
eth,2001,3.53
eth,2002,3.4
eth,2003,3.29
eth,2004,3.16
eth,2005,3.05
eth,2006,2.91
eth,2007,2.79
eth,2008,2.66
eth,2009,2.54
eth,2010,2.41
eth,2011,2.33
eth,2012,2.28
eth,2013,2.18
eth,2014,2.2
eth,2015,2.14
eth,2016,2.03
eth,2017,1.99
eth,2018,1.95
eth,2019,1.9
eth,2020,1.85
eth,2021,1.82
fin,1990,1.42
fin,1991,1.25
fin,1992,1.08
fin,1993,1.01
fin,1994,0.95
fin,1995,0.91
fin,1996,0.87
fin,1997,0.82
fin,1998,0.76
fin,1999,0.7
fin,2000,0.66
fin,2001,0.59
fin,2002,0.54
fin,2003,0.5
fin,2004,0.5
fin,2005,0.48
fin,2006,0.51
fin,2007,0.5
fin,2008,0.49
fin,2009,0.48
fin,2010,0.46
fin,2011,0.44
fin,2012,0.43
fin,2013,0.42
fin,2014,0.4
fin,2015,0.36
fin,2016,0.34
fin,2017,0.35
fin,2018,0.34
fin,2019,0.33
fin,2020,0.33
fin,2021,0.31
fji,1990,0.42
fji,1991,0.42
fji,1992,0.41
fji,1993,0.42
fji,1994,0.42
fji,1995,0.42
fji,1996,0.43
fji,1997,0.42
fji,1998,0.41
fji,1999,0.42
fji,2000,0.42
fji,2001,0.41
fji,2002,0.38
fji,2003,0.37
fji,2004,0.35
fji,2005,0.33
fji,2006,0.31
fji,2007,0.29
fji,2008,0.28
fji,2009,0.26
fji,2010,0.26
fji,2011,0.25
fji,2012,0.26
fji,2013,0.25
fji,2014,0.25
fji,2015,0.24
fji,2016,0.24
fji,2017,0.24
fji,2018,0.24
fji,2019,0.23
fji,2020,0.23
fji,2021,0.22
fra,1990,0.42
fra,1991,0.4
fra,1992,0.36
fra,1993,0.35
fra,1994,0.32
fra,1995,0.3
fra,1996,0.28
fra,1997,0.26
fra,1998,0.25
fra,1999,0.22
fra,2000,0.21
fra,2001,0.2
fra,2002,0.18
fra,2003,0.17
fra,2004,0.16
fra,2005,0.15
fra,2006,0.15
fra,2007,0.15
fra,2008,0.14
fra,2009,0.14
fra,2010,0.14
fra,2011,0.14
fra,2012,0.14
fra,2013,0.13
fra,2014,0.12
fra,2015,0.12
fra,2016,0.11
fra,2017,0.11
fra,2018,0.1
fra,2019,0.1
fra,2020,0.1
fra,2021,0.09
fsm,1990,0.9
fsm,1991,0.89
fsm,1992,0.88
fsm,1993,0.87
fsm,1994,0.85
fsm,1995,0.84
fsm,1996,0.82
fsm,1997,0.81
fsm,1998,0.79
fsm,1999,0.78
fsm,2000,0.76
fsm,2001,0.74
fsm,2002,0.72
fsm,2003,0.69
fsm,2004,0.68
fsm,2005,0.67
fsm,2006,0.66
fsm,2007,0.64
fsm,2008,0.63
fsm,2009,0.62
fsm,2010,0.61
fsm,2011,0.6
fsm,2012,0.59
fsm,2013,0.58
fsm,2014,0.57
fsm,2015,0.56
fsm,2016,0.55
fsm,2017,0.54
fsm,2018,0.53
fsm,2019,0.53
fsm,2020,0.52
fsm,2021,0.51
gab,1990,1.8
gab,1991,1.78
gab,1992,1.76
gab,1993,1.72
gab,1994,1.73
gab,1995,1.75
gab,1996,1.73
gab,1997,1.7
gab,1998,1.66
gab,1999,1.62
gab,2000,1.62
gab,2001,1.6
gab,2002,1.57
gab,2003,1.56
gab,2004,1.54
gab,2005,1.52
gab,2006,1.5
gab,2007,1.47
gab,2008,1.45
gab,2009,1.41
gab,2010,1.36
gab,2011,1.32
gab,2012,1.28
gab,2013,1.25
gab,2014,1.23
gab,2015,1.21
gab,2016,1.18
gab,2017,1.16
gab,2018,1.13
gab,2019,1.1
gab,2020,1.07
gab,2021,1.03
gbr,1990,0.42
gbr,1991,0.44
gbr,1992,0.46
gbr,1993,0.55
gbr,1994,0.53
gbr,1995,0.52
gbr,1996,0.54
gbr,1997,0.53
gbr,1998,0.49
gbr,1999,0.46
gbr,2000,0.39
gbr,2001,0.28
gbr,2002,0.24
gbr,2003,0.22
gbr,2004,0.19
gbr,2005,0.18
gbr,2006,0.18
gbr,2007,0.18
gbr,2008,0.17
gbr,2009,0.18
gbr,2010,0.17
gbr,2011,0.16
gbr,2012,0.15
gbr,2013,0.15
gbr,2014,0.13
gbr,2015,0.12
gbr,2016,0.1
gbr,2017,0.11
gbr,2018,0.11
gbr,2019,0.12
gbr,2020,0.1
gbr,2021,0.11
geo,1990,1.02
geo,1991,1.41
geo,1992,1.88
geo,1993,2.1
geo,1994,2.39
geo,1995,2.37
geo,1996,2.36
geo,1997,2.28
geo,1998,2.35
geo,1999,2.66
geo,2000,2.94
geo,2001,2.97
geo,2002,1.98
geo,2003,0.71
geo,2004,0.48
geo,2005,0.49
geo,2006,0.47
geo,2007,0.47
geo,2008,0.55
geo,2009,0.52
geo,2010,0.51
geo,2011,0.54
geo,2012,0.54
geo,2013,0.5
geo,2014,0.5
geo,2015,0.49
geo,2016,0.62
geo,2017,0.58
geo,2018,0.75
geo,2019,0.79
geo,2020,0.72
geo,2021,0.71
gha,1990,1.46
gha,1991,1.44
gha,1992,1.43
gha,1993,1.41
gha,1994,1.4
gha,1995,1.39
gha,1996,1.38
gha,1997,1.37
gha,1998,1.35
gha,1999,1.33
gha,2000,1.32
gha,2001,1.32
gha,2002,1.33
gha,2003,1.36
gha,2004,1.36
gha,2005,1.36
gha,2006,1.35
gha,2007,1.31
gha,2008,1.27
gha,2009,1.24
gha,2010,1.22
gha,2011,1.2
gha,2012,1.18
gha,2013,1.16
gha,2014,1.16
gha,2015,1.15
gha,2016,1.13
gha,2017,1.12
gha,2018,1.07
gha,2019,1.03
gha,2020,0.99
gha,2021,0.95
gin,1990,1.35
gin,1991,1.37
gin,1992,1.41
gin,1993,1.45
gin,1994,1.51
gin,1995,1.55
gin,1996,1.6
gin,1997,1.66
gin,1998,1.73
gin,1999,1.77
gin,2000,1.77
gin,2001,1.77
gin,2002,1.76
gin,2003,1.76
gin,2004,1.79
gin,2005,1.77
gin,2006,1.77
gin,2007,1.75
gin,2008,1.72
gin,2009,1.66
gin,2010,1.67
gin,2011,1.64
gin,2012,1.6
gin,2013,1.6
gin,2014,1.59
gin,2015,1.57
gin,2016,1.54
gin,2017,1.48
gin,2018,1.43
gin,2019,1.37
gin,2020,1.32
gin,2021,1.27
gmb,1990,1.53
gmb,1991,1.55
gmb,1992,1.59
gmb,1993,1.58
gmb,1994,1.57
gmb,1995,1.67
gmb,1996,1.63
gmb,1997,1.62
gmb,1998,1.67
gmb,1999,1.71
gmb,2000,1.62
gmb,2001,1.55
gmb,2002,1.52
gmb,2003,1.52
gmb,2004,1.61
gmb,2005,1.59
gmb,2006,1.54
gmb,2007,1.51
gmb,2008,1.44
gmb,2009,1.41
gmb,2010,1.35
gmb,2011,1.22
gmb,2012,1.21
gmb,2013,1.24
gmb,2014,1.3
gmb,2015,1.24
gmb,2016,1.28
gmb,2017,1.33
gmb,2018,1.3
gmb,2019,1.3
gmb,2020,1.25
gmb,2021,1.22
gnb,1990,1.99
gnb,1991,2.03
gnb,1992,2.07
gnb,1993,2.12
gnb,1994,2.17
gnb,1995,2.21
gnb,1996,2.26
gnb,1997,2.3
gnb,1998,2.35
gnb,1999,2.38
gnb,2000,2.44
gnb,2001,2.44
gnb,2002,2.4
gnb,2003,2.36
gnb,2004,2.34
gnb,2005,2.25
gnb,2006,2.2
gnb,2007,2.26
gnb,2008,2.21
gnb,2009,2.16
gnb,2010,2.11
gnb,2011,2.05
gnb,2012,1.96
gnb,2013,1.96
gnb,2014,1.93
gnb,2015,1.86
gnb,2016,1.83
gnb,2017,1.78
gnb,2018,1.72
gnb,2019,1.66
gnb,2020,1.61
gnb,2021,1.56
gnq,1990,2.95
gnq,1991,2.9
gnq,1992,2.82
gnq,1993,2.76
gnq,1994,2.69
gnq,1995,2.66
gnq,1996,2.56
gnq,1997,2.28
gnq,1998,2.09
gnq,1999,1.94
gnq,2000,1.79
gnq,2001,1.6
gnq,2002,1.46
gnq,2003,1.38
gnq,2004,1.31
gnq,2005,1.24
gnq,2006,1.19
gnq,2007,1.13
gnq,2008,1.08
gnq,2009,1.05
gnq,2010,1.02
gnq,2011,1
gnq,2012,0.95
gnq,2013,0.89
gnq,2014,0.86
gnq,2015,0.86
gnq,2016,0.87
gnq,2017,0.88
gnq,2018,0.87
gnq,2019,0.87
gnq,2020,0.86
gnq,2021,0.85
grc,1990,0.39
grc,1991,0.39
grc,1992,0.36
grc,1993,0.33
grc,1994,0.29
grc,1995,0.28
grc,1996,0.24
grc,1997,0.23
grc,1998,0.22
grc,1999,0.21
grc,2000,0.2
grc,2001,0.19
grc,2002,0.17
grc,2003,0.16
grc,2004,0.15
grc,2005,0.15
grc,2006,0.15
grc,2007,0.16
grc,2008,0.15
grc,2009,0.16
grc,2010,0.16
grc,2011,0.15
grc,2012,0.14
grc,2013,0.13
grc,2014,0.12
grc,2015,0.11
grc,2016,0.11
grc,2017,0.12
grc,2018,0.11
grc,2019,0.11
grc,2020,0.11
grc,2021,0.11
grd,1990,2.23
grd,1991,2.15
grd,1992,2.35
grd,1993,2.53
grd,1994,1.57
grd,1995,1.36
grd,1996,1.2
grd,1997,1.13
grd,1998,0.9
grd,1999,0.55
grd,2000,0.44
grd,2001,0.42
grd,2002,0.41
grd,2003,0.37
grd,2004,0.41
grd,2005,0.39
grd,2006,0.33
grd,2007,0.3
grd,2008,0.31
grd,2009,0.37
grd,2010,0.37
grd,2011,0.31
grd,2012,0.31
grd,2013,0.34
grd,2014,0.31
grd,2015,0.31
grd,2016,0.25
grd,2017,0.2
grd,2018,0.1
grd,2019,0.1
grd,2020,0.09
grd,2021,0.09
grl,1990,1.66
grl,1991,1.65
grl,1992,1.63
grl,1993,1.62
grl,1994,1.61
grl,1995,1.61
grl,1996,1.53
grl,1997,1.4
grl,1998,1.25
grl,1999,1.14
grl,2000,0.99
grl,2001,1.01
grl,2002,0.96
grl,2003,0.94
grl,2004,0.9
grl,2005,0.84
grl,2006,0.82
grl,2007,0.82
grl,2008,0.83
grl,2009,0.82
grl,2010,0.79
grl,2011,0.79
grl,2012,0.75
grl,2013,0.74
grl,2014,0.73
grl,2015,0.72
grl,2016,0.71
grl,2017,0.69
grl,2018,0.68
grl,2019,0.67
grl,2020,0.67
grl,2021,0.63
gtm,1990,2.63
gtm,1991,2.86
gtm,1992,2.73
gtm,1993,2.52
gtm,1994,2.2
gtm,1995,1.84
gtm,1996,1.56
gtm,1997,1.46
gtm,1998,1.31
gtm,1999,1.22
gtm,2000,1.25
gtm,2001,1.18
gtm,2002,1.12
gtm,2003,1.12
gtm,2004,1.18
gtm,2005,1.45
gtm,2006,1.52
gtm,2007,1.36
gtm,2008,1.26
gtm,2009,1.33
gtm,2010,1.24
gtm,2011,1.36
gtm,2012,1.31
gtm,2013,1.28
gtm,2014,1.13
gtm,2015,1.17
gtm,2016,1.11
gtm,2017,1.11
gtm,2018,1.1
gtm,2019,1.12
gtm,2020,0.96
gtm,2021,0.94
gum,1990,0.26
gum,1991,0.26
gum,1992,0.27
gum,1993,0.27
gum,1994,0.26
gum,1995,0.27
gum,1996,0.26
gum,1997,0.23
gum,1998,0.2
gum,1999,0.19
gum,2000,0.16
gum,2001,0.15
gum,2002,0.16
gum,2003,0.16
gum,2004,0.16
gum,2005,0.16
gum,2006,0.16
gum,2007,0.15
gum,2008,0.14
gum,2009,0.14
gum,2010,0.14
gum,2011,0.12
gum,2012,0.11
gum,2013,0.1
gum,2014,0.1
gum,2015,0.1
gum,2016,0.1
gum,2017,0.12
gum,2018,0.11
gum,2019,0.1
gum,2020,0.1
gum,2021,0.09
guy,1990,1.51
guy,1991,1.44
guy,1992,1.48
guy,1993,1.67
guy,1994,0.98
guy,1995,0.84
guy,1996,0.77
guy,1997,0.68
guy,1998,0.56
guy,1999,0.54
guy,2000,0.44
guy,2001,0.37
guy,2002,0.35
guy,2003,0.32
guy,2004,0.35
guy,2005,0.33
guy,2006,0.27
guy,2007,0.24
guy,2008,0.26
guy,2009,0.3
guy,2010,0.3
guy,2011,0.25
guy,2012,0.26
guy,2013,0.28
guy,2014,0.26
guy,2015,0.25
guy,2016,0.24
guy,2017,0.23
guy,2018,0.23
guy,2019,0.22
guy,2020,0.2
guy,2021,0.19
hnd,1990,1.61
hnd,1991,1.57
hnd,1992,1.56
hnd,1993,1.52
hnd,1994,1.48
hnd,1995,1.47
hnd,1996,1.44
hnd,1997,1.41
hnd,1998,1.39
hnd,1999,1.37
hnd,2000,1.35
hnd,2001,1.33
hnd,2002,1.31
hnd,2003,1.29
hnd,2004,1.26
hnd,2005,1.23
hnd,2006,1.2
hnd,2007,1.16
hnd,2008,1.12
hnd,2009,1.09
hnd,2010,1.07
hnd,2011,1.06
hnd,2012,1.03
hnd,2013,1.01
hnd,2014,0.99
hnd,2015,0.97
hnd,2016,0.95
hnd,2017,0.94
hnd,2018,0.92
hnd,2019,0.9
hnd,2020,0.88
hnd,2021,0.86
hrv,1990,1.03
hrv,1991,1.01
hrv,1992,0.89
hrv,1993,0.9
hrv,1994,0.92
hrv,1995,0.88
hrv,1996,0.69
hrv,1997,0.57
hrv,1998,0.52
hrv,1999,0.51
hrv,2000,0.49
hrv,2001,0.5
hrv,2002,0.49
hrv,2003,0.5
hrv,2004,0.45
hrv,2005,0.43
hrv,2006,0.38
hrv,2007,0.36
hrv,2008,0.35
hrv,2009,0.33
hrv,2010,0.29
hrv,2011,0.25
hrv,2012,0.25
hrv,2013,0.22
hrv,2014,0.19
hrv,2015,0.19
hrv,2016,0.17
hrv,2017,0.18
hrv,2018,0.18
hrv,2019,0.17
hrv,2020,0.16
hrv,2021,0.16
hti,1990,2.19
hti,1991,2.01
hti,1992,1.96
hti,1993,1.86
hti,1994,1.75
hti,1995,1.68
hti,1996,1.56
hti,1997,1.49
hti,1998,1.32
hti,1999,1.27
hti,2000,1.17
hti,2001,1.11
hti,2002,1.04
hti,2003,1
hti,2004,0.97
hti,2005,0.93
hti,2006,0.9
hti,2007,0.88
hti,2008,0.85
hti,2009,0.82
hti,2010,0.79
hti,2011,0.81
hti,2012,0.8
hti,2013,0.79
hti,2014,0.78
hti,2015,0.77
hti,2016,0.75
hti,2017,0.72
hti,2018,0.71
hti,2019,0.7
hti,2020,0.68
hti,2021,0.67
hun,1990,1.52
hun,1991,1.49
hun,1992,1.38
hun,1993,1.41
hun,1994,1.38
hun,1995,1.29
hun,1996,0.92
hun,1997,0.76
hun,1998,0.73
hun,1999,0.74
hun,2000,0.66
hun,2001,0.68
hun,2002,0.66
hun,2003,0.7
hun,2004,0.66
hun,2005,0.65
hun,2006,0.6
hun,2007,0.56
hun,2008,0.49
hun,2009,0.46
hun,2010,0.42
hun,2011,0.36
hun,2012,0.36
hun,2013,0.32
hun,2014,0.27
hun,2015,0.28
hun,2016,0.27
hun,2017,0.28
hun,2018,0.26
hun,2019,0.25
hun,2020,0.23
hun,2021,0.23
idn,1990,0.43
idn,1991,0.42
idn,1992,0.42
idn,1993,0.41
idn,1994,0.4
idn,1995,0.4
idn,1996,0.39
idn,1997,0.38
idn,1998,0.38
idn,1999,0.38
idn,2000,0.38
idn,2001,0.38
idn,2002,0.38
idn,2003,0.38
idn,2004,0.38
idn,2005,0.38
idn,2006,0.38
idn,2007,0.38
idn,2008,0.39
idn,2009,0.4
idn,2010,0.4
idn,2011,0.41
idn,2012,0.4
idn,2013,0.4
idn,2014,0.4
idn,2015,0.39
idn,2016,0.38
idn,2017,0.37
idn,2018,0.36
idn,2019,0.35
idn,2020,0.34
idn,2021,0.33
ind,1990,0.28
ind,1991,0.29
ind,1992,0.3
ind,1993,0.26
ind,1994,0.26
ind,1995,0.25
ind,1996,0.25
ind,1997,0.24
ind,1998,0.24
ind,1999,0.24
ind,2000,0.23
ind,2001,0.23
ind,2002,0.22
ind,2003,0.21
ind,2004,0.22
ind,2005,0.21
ind,2006,0.21
ind,2007,0.21
ind,2008,0.21
ind,2009,0.2
ind,2010,0.19
ind,2011,0.2
ind,2012,0.18
ind,2013,0.17
ind,2014,0.17
ind,2015,0.17
ind,2016,0.15
ind,2017,0.15
ind,2018,0.14
ind,2019,0.15
ind,2020,0.13
ind,2021,0.13
irl,1990,0.53
irl,1991,0.52
irl,1992,0.47
irl,1993,0.45
irl,1994,0.41
irl,1995,0.4
irl,1996,0.36
irl,1997,0.33
irl,1998,0.3
irl,1999,0.28
irl,2000,0.27
irl,2001,0.25
irl,2002,0.22
irl,2003,0.19
irl,2004,0.18
irl,2005,0.18
irl,2006,0.2
irl,2007,0.18
irl,2008,0.18
irl,2009,0.18
irl,2010,0.17
irl,2011,0.16
irl,2012,0.15
irl,2013,0.15
irl,2014,0.13
irl,2015,0.13
irl,2016,0.12
irl,2017,0.11
irl,2018,0.11
irl,2019,0.11
irl,2020,0.09
irl,2021,0.09
irn,1990,2.32
irn,1991,2.22
irn,1992,2.15
irn,1993,2.09
irn,1994,2.03
irn,1995,1.98
irn,1996,1.91
irn,1997,1.85
irn,1998,1.8
irn,1999,1.75
irn,2000,1.7
irn,2001,1.65
irn,2002,1.61
irn,2003,1.6
irn,2004,1.67
irn,2005,1.62
irn,2006,1.6
irn,2007,1.53
irn,2008,1.46
irn,2009,1.38
irn,2010,1.3
irn,2011,1.22
irn,2012,1.13
irn,2013,1.06
irn,2014,0.98
irn,2015,0.9
irn,2016,0.86
irn,2017,0.82
irn,2018,0.8
irn,2019,0.78
irn,2020,0.71
irn,2021,0.68
irq,1990,0.56
irq,1991,0.57
irq,1992,0.57
irq,1993,0.57
irq,1994,0.57
irq,1995,0.57
irq,1996,0.57
irq,1997,0.56
irq,1998,0.54
irq,1999,0.52
irq,2000,0.51
irq,2001,0.49
irq,2002,0.47
irq,2003,0.47
irq,2004,0.46
irq,2005,0.45
irq,2006,0.44
irq,2007,0.42
irq,2008,0.41
irq,2009,0.39
irq,2010,0.37
irq,2011,0.36
irq,2012,0.34
irq,2013,0.32
irq,2014,0.32
irq,2015,0.31
irq,2016,0.29
irq,2017,0.29
irq,2018,0.28
irq,2019,0.27
irq,2020,0.25
irq,2021,0.24
isl,1990,0.73
isl,1991,0.69
isl,1992,0.6
isl,1993,0.57
isl,1994,0.52
isl,1995,0.48
isl,1996,0.41
isl,1997,0.38
isl,1998,0.35
isl,1999,0.32
isl,2000,0.3
isl,2001,0.29
isl,2002,0.25
isl,2003,0.23
isl,2004,0.21
isl,2005,0.21
isl,2006,0.22
isl,2007,0.21
isl,2008,0.22
isl,2009,0.21
isl,2010,0.21
isl,2011,0.21
isl,2012,0.21
isl,2013,0.21
isl,2014,0.19
isl,2015,0.18
isl,2016,0.18
isl,2017,0.19
isl,2018,0.18
isl,2019,0.18
isl,2020,0.18
isl,2021,0.19
isr,1990,0.24
isr,1991,0.24
isr,1992,0.22
isr,1993,0.21
isr,1994,0.19
isr,1995,0.18
isr,1996,0.15
isr,1997,0.15
isr,1998,0.14
isr,1999,0.13
isr,2000,0.12
isr,2001,0.11
isr,2002,0.1
isr,2003,0.09
isr,2004,0.09
isr,2005,0.09
isr,2006,0.08
isr,2007,0.08
isr,2008,0.08
isr,2009,0.08
isr,2010,0.07
isr,2011,0.07
isr,2012,0.07
isr,2013,0.07
isr,2014,0.06
isr,2015,0.06
isr,2016,0.06
isr,2017,0.06
isr,2018,0.06
isr,2019,0.05
isr,2020,0.05
isr,2021,0.05
ita,1990,0.53
ita,1991,0.61
ita,1992,0.45
ita,1993,0.43
ita,1994,0.37
ita,1995,0.36
ita,1996,0.34
ita,1997,0.28
ita,1998,0.26
ita,1999,0.24
ita,2000,0.21
ita,2001,0.2
ita,2002,0.17
ita,2003,0.16
ita,2004,0.13
ita,2005,0.13
ita,2006,0.12
ita,2007,0.13
ita,2008,0.12
ita,2009,0.12
ita,2010,0.11
ita,2011,0.1
ita,2012,0.1
ita,2013,0.09
ita,2014,0.08
ita,2015,0.08
ita,2016,0.09
ita,2017,0.09
ita,2018,0.1
ita,2019,0.09
ita,2020,0.09
ita,2021,0.09
jam,1990,0.2
jam,1991,0.18
jam,1992,0.18
jam,1993,0.18
jam,1994,0.17
jam,1995,0.17
jam,1996,0.18
jam,1997,0.18
jam,1998,0.17
jam,1999,0.18
jam,2000,0.17
jam,2001,0.15
jam,2002,0.13
jam,2003,0.11
jam,2004,0.12
jam,2005,0.12
jam,2006,0.1
jam,2007,0.1
jam,2008,0.1
jam,2009,0.14
jam,2010,0.11
jam,2011,0.1
jam,2012,0.09
jam,2013,0.1
jam,2014,0.09
jam,2015,0.09
jam,2016,0.09
jam,2017,0.09
jam,2018,0.09
jam,2019,0.09
jam,2020,0.09
jam,2021,0.09
jor,1990,1.64
jor,1991,1.61
jor,1992,1.57
jor,1993,1.58
jor,1994,1.56
jor,1995,1.55
jor,1996,1.55
jor,1997,1.52
jor,1998,1.49
jor,1999,1.45
jor,2000,1.42
jor,2001,1.39
jor,2002,1.34
jor,2003,1.29
jor,2004,1.25
jor,2005,1.2
jor,2006,1.12
jor,2007,1.02
jor,2008,0.94
jor,2009,0.88
jor,2010,0.83
jor,2011,0.8
jor,2012,0.76
jor,2013,0.71
jor,2014,0.68
jor,2015,0.64
jor,2016,0.61
jor,2017,0.59
jor,2018,0.55
jor,2019,0.54
jor,2020,0.54
jor,2021,0.53
jpn,1990,0.34
jpn,1991,0.31
jpn,1992,0.29
jpn,1993,0.28
jpn,1994,0.26
jpn,1995,0.22
jpn,1996,0.23
jpn,1997,0.22
jpn,1998,0.22
jpn,1999,0.23
jpn,2000,0.22
jpn,2001,0.22
jpn,2002,0.24
jpn,2003,0.3
jpn,2004,0.31
jpn,2005,0.33
jpn,2006,0.3
jpn,2007,0.29
jpn,2008,0.29
jpn,2009,0.3
jpn,2010,0.3
jpn,2011,0.28
jpn,2012,0.24
jpn,2013,0.2
jpn,2014,0.19
jpn,2015,0.18
jpn,2016,0.16
jpn,2017,0.15
jpn,2018,0.15
jpn,2019,0.14
jpn,2020,0.14
jpn,2021,0.14
kaz,1990,4.12
kaz,1991,4.38
kaz,1992,4.69
kaz,1993,5.14
kaz,1994,5.48
kaz,1995,6.13
kaz,1996,6.25
kaz,1997,5.94
kaz,1998,5.66
kaz,1999,5.53
kaz,2000,5.85
kaz,2001,5.68
kaz,2002,5.42
kaz,2003,5.34
kaz,2004,5.05
kaz,2005,5.13
kaz,2006,5.16
kaz,2007,4.71
kaz,2008,4.13
kaz,2009,3.73
kaz,2010,3.71
kaz,2011,3.34
kaz,2012,3.3
kaz,2013,2.99
kaz,2014,2.89
kaz,2015,2.56
kaz,2016,2.29
kaz,2017,2.03
kaz,2018,1.98
kaz,2019,1.93
kaz,2020,1.77
kaz,2021,1.75
ken,1990,2.21
ken,1991,2.19
ken,1992,2.17
ken,1993,2.14
ken,1994,2.12
ken,1995,2.1
ken,1996,2.08
ken,1997,2.08
ken,1998,2.08
ken,1999,2.06
ken,2000,2.57
ken,2001,2.09
ken,2002,2.13
ken,2003,2.18
ken,2004,2.23
ken,2005,2.26
ken,2006,2.27
ken,2007,2.32
ken,2008,2.39
ken,2009,2.43
ken,2010,2.43
ken,2011,2.39
ken,2012,2.33
ken,2013,2.26
ken,2014,2.19
ken,2015,2.13
ken,2016,2.06
ken,2017,2.01
ken,2018,1.95
ken,2019,1.9
ken,2020,1.85
ken,2021,1.79
kgz,1990,2.4
kgz,1991,3.09
kgz,1992,3.55
kgz,1993,4.58
kgz,1994,5.16
kgz,1995,5.3
kgz,1996,5.16
kgz,1997,4.99
kgz,1998,5.12
kgz,1999,5.6
kgz,2000,6.01
kgz,2001,6.06
kgz,2002,5.54
kgz,2003,4.26
kgz,2004,1.96
kgz,2005,1.58
kgz,2006,1.48
kgz,2007,1.46
kgz,2008,1.38
kgz,2009,1.21
kgz,2010,1.15
kgz,2011,1.09
kgz,2012,1.1
kgz,2013,1.02
kgz,2014,0.98
kgz,2015,0.97
kgz,2016,1.09
kgz,2017,0.94
kgz,2018,1.13
kgz,2019,1.09
kgz,2020,1.07
kgz,2021,1.06
khm,1990,0.7
khm,1991,0.69
khm,1992,0.69
khm,1993,0.68
khm,1994,0.68
khm,1995,0.68
khm,1996,0.67
khm,1997,0.66
khm,1998,0.66
khm,1999,0.65
khm,2000,0.63
khm,2001,0.63
khm,2002,0.62
khm,2003,0.6
khm,2004,0.59
khm,2005,0.58
khm,2006,0.56
khm,2007,0.56
khm,2008,0.54
khm,2009,0.53
khm,2010,0.53
khm,2011,0.52
khm,2012,0.51
khm,2013,0.5
khm,2014,0.49
khm,2015,0.49
khm,2016,0.48
khm,2017,0.47
khm,2018,0.47
khm,2019,0.46
khm,2020,0.45
khm,2021,0.44
kir,1990,1.5
kir,1991,1.48
kir,1992,1.47
kir,1993,1.44
kir,1994,1.4
kir,1995,1.37
kir,1996,1.34
kir,1997,1.31
kir,1998,1.28
kir,1999,1.3
kir,2000,1.27
kir,2001,1.26
kir,2002,1.25
kir,2003,1.24
kir,2004,1.23
kir,2005,1.23
kir,2006,1.23
kir,2007,1.25
kir,2008,1.26
kir,2009,1.26
kir,2010,1.26
kir,2011,1.26
kir,2012,1.24
kir,2013,1.22
kir,2014,1.21
kir,2015,1.2
kir,2016,1.18
kir,2017,1.18
kir,2018,1.15
kir,2019,1.13
kir,2020,1.13
kir,2021,1.11
kna,1990,0.94
kna,1991,0.92
kna,1992,1
kna,1993,1.04
kna,1994,0.69
kna,1995,0.6
kna,1996,0.5
kna,1997,0.35
kna,1998,0.3
kna,1999,0.27
kna,2000,0.21
kna,2001,0.18
kna,2002,0.16
kna,2003,0.14
kna,2004,0.14
kna,2005,0.14
kna,2006,0.11
kna,2007,0.1
kna,2008,0.1
kna,2009,0.12
kna,2010,0.13
kna,2011,0.11
kna,2012,0.11
kna,2013,0.13
kna,2014,0.12
kna,2015,0.12
kna,2016,0.1
kna,2017,0.09
kna,2018,0.09
kna,2019,0.09
kna,2020,0.09
kna,2021,0.09
kor,1990,2.3
kor,1991,2.18
kor,1992,2.04
kor,1993,1.9
kor,1994,1.81
kor,1995,1.63
kor,1996,1.48
kor,1997,1.33
kor,1998,1.19
kor,1999,1.06
kor,2000,0.94
kor,2001,0.84
kor,2002,0.76
kor,2003,0.71
kor,2004,0.67
kor,2005,0.63
kor,2006,0.58
kor,2007,0.55
kor,2008,0.53
kor,2009,0.5
kor,2010,0.48
kor,2011,0.45
kor,2012,0.43
kor,2013,0.38
kor,2014,0.36
kor,2015,0.33
kor,2016,0.31
kor,2017,0.3
kor,2018,0.29
kor,2019,0.28
kor,2020,0.27
kor,2021,0.27
kwt,1990,1.09
kwt,1991,1.14
kwt,1992,1.09
kwt,1993,1.08
kwt,1994,1.1
kwt,1995,0.98
kwt,1996,0.95
kwt,1997,1.44
kwt,1998,0.82
kwt,1999,0.75
kwt,2000,0.72
kwt,2001,0.54
kwt,2002,0.53
kwt,2003,0.5
kwt,2004,0.73
kwt,2005,0.82
kwt,2006,0.86
kwt,2007,0.82
kwt,2008,0.81
kwt,2009,0.67
kwt,2010,0.6
kwt,2011,0.55
kwt,2012,0.55
kwt,2013,0.47
kwt,2014,0.49
kwt,2015,0.43
kwt,2016,0.38
kwt,2017,0.38
kwt,2018,0.36
kwt,2019,0.37
kwt,2020,0.39
kwt,2021,0.37
lao,1990,0.79
lao,1991,0.77
lao,1992,0.76
lao,1993,0.75
lao,1994,0.74
lao,1995,0.73
lao,1996,0.72
lao,1997,0.71
lao,1998,0.7
lao,1999,0.69
lao,2000,0.67
lao,2001,0.66
lao,2002,0.65
lao,2003,0.63
lao,2004,0.61
lao,2005,0.6
lao,2006,0.58
lao,2007,0.56
lao,2008,0.55
lao,2009,0.53
lao,2010,0.51
lao,2011,0.49
lao,2012,0.47
lao,2013,0.46
lao,2014,0.44
lao,2015,0.43
lao,2016,0.42
lao,2017,0.41
lao,2018,0.4
lao,2019,0.39
lao,2020,0.39
lao,2021,0.38
lbn,1990,0.4
lbn,1991,0.38
lbn,1992,0.37
lbn,1993,0.36
lbn,1994,0.34
lbn,1995,0.33
lbn,1996,0.32
lbn,1997,0.31
lbn,1998,0.29
lbn,1999,0.28
lbn,2000,0.27
lbn,2001,0.26
lbn,2002,0.26
lbn,2003,0.25
lbn,2004,0.25
lbn,2005,0.24
lbn,2006,0.24
lbn,2007,0.23
lbn,2008,0.22
lbn,2009,0.22
lbn,2010,0.21
lbn,2011,0.2
lbn,2012,0.2
lbn,2013,0.19
lbn,2014,0.18
lbn,2015,0.18
lbn,2016,0.17
lbn,2017,0.16
lbn,2018,0.16
lbn,2019,0.16
lbn,2020,0.16
lbn,2021,0.15
lbr,1990,1.32
lbr,1991,1.53
lbr,1992,1.56
lbr,1993,1.52
lbr,1994,1.55
lbr,1995,1.59
lbr,1996,1.7
lbr,1997,1.7
lbr,1998,1.7
lbr,1999,1.67
lbr,2000,1.63
lbr,2001,1.55
lbr,2002,1.47
lbr,2003,1.42
lbr,2004,1.37
lbr,2005,1.35
lbr,2006,1.3
lbr,2007,1.26
lbr,2008,1.25
lbr,2009,1.29
lbr,2010,1.32
lbr,2011,1.32
lbr,2012,1.35
lbr,2013,1.34
lbr,2014,1.28
lbr,2015,1.24
lbr,2016,1.21
lbr,2017,1.16
lbr,2018,1.14
lbr,2019,1.13
lbr,2020,1.11
lbr,2021,1.09
lby,1990,1.17
lby,1991,1.13
lby,1992,1.08
lby,1993,1.05
lby,1994,1.03
lby,1995,1.01
lby,1996,0.97
lby,1997,0.99
lby,1998,0.99
lby,1999,0.98
lby,2000,0.97
lby,2001,0.98
lby,2002,0.98
lby,2003,0.97
lby,2004,0.94
lby,2005,0.91
lby,2006,0.85
lby,2007,0.85
lby,2008,0.88
lby,2009,0.89
lby,2010,0.91
lby,2011,0.94
lby,2012,0.92
lby,2013,0.93
lby,2014,0.98
lby,2015,1
lby,2016,1.05
lby,2017,1.08
lby,2018,1.05
lby,2019,1.03
lby,2020,1.02
lby,2021,1
lca,1990,1.29
lca,1991,1.32
lca,1992,1.49
lca,1993,1.53
lca,1994,0.92
lca,1995,0.73
lca,1996,0.63
lca,1997,0.53
lca,1998,0.42
lca,1999,0.38
lca,2000,0.28
lca,2001,0.24
lca,2002,0.22
lca,2003,0.2
lca,2004,0.22
lca,2005,0.21
lca,2006,0.17
lca,2007,0.17
lca,2008,0.17
lca,2009,0.18
lca,2010,0.17
lca,2011,0.14
lca,2012,0.14
lca,2013,0.16
lca,2014,0.16
lca,2015,0.16
lca,2016,0.16
lca,2017,0.16
lca,2018,0.16
lca,2019,0.15
lca,2020,0.15
lca,2021,0.15
lka,1990,0.55
lka,1991,0.51
lka,1992,0.5
lka,1993,0.47
lka,1994,0.48
lka,1995,0.5
lka,1996,0.52
lka,1997,0.68
lka,1998,0.5
lka,1999,0.48
lka,2000,0.48
lka,2001,0.44
lka,2002,0.4
lka,2003,0.38
lka,2004,0.36
lka,2005,0.36
lka,2006,0.35
lka,2007,0.33
lka,2008,0.31
lka,2009,0.27
lka,2010,0.25
lka,2011,0.25
lka,2012,0.23
lka,2013,0.21
lka,2014,0.2
lka,2015,0.19
lka,2016,0.19
lka,2017,0.19
lka,2018,0.19
lka,2019,0.19
lka,2020,0.16
lka,2021,0.18
lso,1990,1.88
lso,1991,1.85
lso,1992,1.83
lso,1993,1.82
lso,1994,1.81
lso,1995,1.8
lso,1996,1.8
lso,1997,1.83
lso,1998,1.93
lso,1999,2.08
lso,2000,2.3
lso,2001,2.37
lso,2002,2.47
lso,2003,2.63
lso,2004,2.77
lso,2005,2.86
lso,2006,2.9
lso,2007,2.89
lso,2008,2.88
lso,2009,2.85
lso,2010,2.83
lso,2011,2.84
lso,2012,2.84
lso,2013,2.81
lso,2014,2.81
lso,2015,2.79
lso,2016,2.73
lso,2017,2.65
lso,2018,2.61
lso,2019,2.57
lso,2020,2.53
lso,2021,2.48
ltu,1990,3.64
ltu,1991,4.08
ltu,1992,4.32
ltu,1993,5.16
ltu,1994,5.21
ltu,1995,5.01
ltu,1996,4.75
ltu,1997,4.68
ltu,1998,4.26
ltu,1999,3.97
ltu,2000,3.93
ltu,2001,4.24
ltu,2002,4.19
ltu,2003,4.28
ltu,2004,4.23
ltu,2005,4.5
ltu,2006,4.57
ltu,2007,4.7
ltu,2008,4.19
ltu,2009,3.45
ltu,2010,3.26
ltu,2011,2.74
ltu,2012,2.52
ltu,2013,2.43
ltu,2014,2.18
ltu,2015,2.07
ltu,2016,2.07
ltu,2017,1.87
ltu,2018,1.73
ltu,2019,1.44
ltu,2020,1.4
ltu,2021,1.36
lux,1990,0.54
lux,1991,0.53
lux,1992,0.48
lux,1993,0.45
lux,1994,0.4
lux,1995,0.36
lux,1996,0.31
lux,1997,0.27
lux,1998,0.24
lux,1999,0.21
lux,2000,0.2
lux,2001,0.18
lux,2002,0.17
lux,2003,0.16
lux,2004,0.14
lux,2005,0.14
lux,2006,0.14
lux,2007,0.13
lux,2008,0.12
lux,2009,0.12
lux,2010,0.12
lux,2011,0.12
lux,2012,0.11
lux,2013,0.11
lux,2014,0.1
lux,2015,0.1
lux,2016,0.09
lux,2017,0.09
lux,2018,0.09
lux,2019,0.08
lux,2020,0.08
lux,2021,0.07
lva,1990,2.54
lva,1991,2.82
lva,1992,3.2
lva,1993,3.97
lva,1994,4.49
lva,1995,3.88
lva,1996,2.92
lva,1997,3.02
lva,1998,3.18
lva,1999,2.67
lva,2000,2.63
lva,2001,2.72
lva,2002,2.66
lva,2003,2.49
lva,2004,2.41
lva,2005,2.47
lva,2006,2.48
lva,2007,2.32
lva,2008,1.98
lva,2009,1.76
lva,2010,1.52
lva,2011,1.24
lva,2012,1.13
lva,2013,1.07
lva,2014,1.04
lva,2015,0.97
lva,2016,0.95
lva,2017,0.91
lva,2018,0.84
lva,2019,0.77
lva,2020,0.73
lva,2021,0.74
mar,1990,1.84
mar,1991,1.8
mar,1992,1.77
mar,1993,1.75
mar,1994,1.7
mar,1995,1.67
mar,1996,1.64
mar,1997,1.62
mar,1998,1.58
mar,1999,1.56
mar,2000,1.53
mar,2001,1.51
mar,2002,1.48
mar,2003,1.46
mar,2004,1.44
mar,2005,1.41
mar,2006,1.39
mar,2007,1.36
mar,2008,1.32
mar,2009,1.29
mar,2010,1.25
mar,2011,1.21
mar,2012,1.16
mar,2013,1.12
mar,2014,1.1
mar,2015,1.06
mar,2016,1.02
mar,2017,0.99
mar,2018,0.96
mar,2019,0.93
mar,2020,0.9
mar,2021,0.88
mco,1990,1.39
mco,1991,1.36
mco,1992,1.32
mco,1993,1.29
mco,1994,1.24
mco,1995,1.19
mco,1996,1.14
mco,1997,1.08
mco,1998,1.01
mco,1999,0.95
mco,2000,0.89
mco,2001,0.83
mco,2002,0.8
mco,2003,0.79
mco,2004,0.77
mco,2005,0.76
mco,2006,0.74
mco,2007,0.72
mco,2008,0.7
mco,2009,0.7
mco,2010,0.69
mco,2011,0.68
mco,2012,0.68
mco,2013,0.67
mco,2014,0.66
mco,2015,0.64
mco,2016,0.63
mco,2017,0.62
mco,2018,0.6
mco,2019,0.59
mco,2020,0.6
mco,2021,0.59
mda,1990,4.86
mda,1991,6.11
mda,1992,5.97
mda,1993,6.24
mda,1994,6.81
mda,1995,7.02
mda,1996,6.39
mda,1997,6.01
mda,1998,5.58
mda,1999,5.61
mda,2000,5.68
mda,2001,5.86
mda,2002,6.3
mda,2003,6.47
mda,2004,6.2
mda,2005,6.19
mda,2006,5.64
mda,2007,5.25
mda,2008,4.99
mda,2009,5
mda,2010,4.79
mda,2011,3.93
mda,2012,3.57
mda,2013,3.19
mda,2014,3.76
mda,2015,3.95
mda,2016,3.62
mda,2017,3.15
mda,2018,3.09
mda,2019,2.99
mda,2020,2.81
mda,2021,2.75
mdg,1990,2.27
mdg,1991,2.24
mdg,1992,2.21
mdg,1993,2.23
mdg,1994,2.16
mdg,1995,2.12
mdg,1996,2.11
mdg,1997,2.09
mdg,1998,2.09
mdg,1999,2.04
mdg,2000,2.02
mdg,2001,1.97
mdg,2002,1.98
mdg,2003,1.98
mdg,2004,1.95
mdg,2005,1.95
mdg,2006,1.92
mdg,2007,1.89
mdg,2008,1.89
mdg,2009,1.89
mdg,2010,1.86
mdg,2011,1.85
mdg,2012,1.82
mdg,2013,1.78
mdg,2014,1.79
mdg,2015,1.76
mdg,2016,1.73
mdg,2017,1.7
mdg,2018,1.67
mdg,2019,1.62
mdg,2020,1.6
mdg,2021,1.56
mdv,1990,0.35
mdv,1991,0.33
mdv,1992,0.31
mdv,1993,0.3
mdv,1994,0.29
mdv,1995,0.28
mdv,1996,0.27
mdv,1997,0.25
mdv,1998,0.24
mdv,1999,0.24
mdv,2000,0.23
mdv,2001,0.22
mdv,2002,0.21
mdv,2003,0.19
mdv,2004,0.18
mdv,2005,0.17
mdv,2006,0.16
mdv,2007,0.15
mdv,2008,0.15
mdv,2009,0.14
mdv,2010,0.14
mdv,2011,0.13
mdv,2012,0.13
mdv,2013,0.13
mdv,2014,0.13
mdv,2015,0.12
mdv,2016,0.12
mdv,2017,0.12
mdv,2018,0.11
mdv,2019,0.11
mdv,2020,0.1
mdv,2021,0.1
mex,1990,1.17
mex,1991,1.15
mex,1992,1.05
mex,1993,0.98
mex,1994,0.92
mex,1995,0.9
mex,1996,0.83
mex,1997,0.79
mex,1998,0.72
mex,1999,0.68
mex,2000,0.62
mex,2001,0.6
mex,2002,0.6
mex,2003,0.59
mex,2004,0.55
mex,2005,0.57
mex,2006,0.55
mex,2007,0.53
mex,2008,0.5
mex,2009,0.49
mex,2010,0.47
mex,2011,0.47
mex,2012,0.42
mex,2013,0.42
mex,2014,0.37
mex,2015,0.42
mex,2016,0.39
mex,2017,0.37
mex,2018,0.36
mex,2019,0.38
mex,2020,0.37
mex,2021,0.36
mhl,1990,0.75
mhl,1991,0.75
mhl,1992,0.76
mhl,1993,0.75
mhl,1994,0.73
mhl,1995,0.73
mhl,1996,0.73
mhl,1997,0.73
mhl,1998,0.73
mhl,1999,0.73
mhl,2000,0.73
mhl,2001,0.73
mhl,2002,0.72
mhl,2003,0.72
mhl,2004,0.71
mhl,2005,0.7
mhl,2006,0.69
mhl,2007,0.67
mhl,2008,0.66
mhl,2009,0.65
mhl,2010,0.64
mhl,2011,0.62
mhl,2012,0.61
mhl,2013,0.6
mhl,2014,0.58
mhl,2015,0.57
mhl,2016,0.56
mhl,2017,0.55
mhl,2018,0.54
mhl,2019,0.53
mhl,2020,0.52
mhl,2021,0.51
mkd,1990,0.67
mkd,1991,0.66
mkd,1992,0.68
mkd,1993,0.67
mkd,1994,0.66
mkd,1995,0.65
mkd,1996,0.61
mkd,1997,0.6
mkd,1998,0.6
mkd,1999,0.56
mkd,2000,0.53
mkd,2001,0.52
mkd,2002,0.51
mkd,2003,0.48
mkd,2004,0.44
mkd,2005,0.41
mkd,2006,0.4
mkd,2007,0.39
mkd,2008,0.36
mkd,2009,0.35
mkd,2010,0.33
mkd,2011,0.31
mkd,2012,0.3
mkd,2013,0.29
mkd,2014,0.29
mkd,2015,0.29
mkd,2016,0.29
mkd,2017,0.27
mkd,2018,0.26
mkd,2019,0.26
mkd,2020,0.23
mkd,2021,0.22
mli,1990,1.64
mli,1991,1.67
mli,1992,1.72
mli,1993,1.76
mli,1994,1.82
mli,1995,1.87
mli,1996,1.9
mli,1997,1.9
mli,1998,1.89
mli,1999,1.89
mli,2000,1.9
mli,2001,1.86
mli,2002,1.91
mli,2003,1.86
mli,2004,1.82
mli,2005,1.78
mli,2006,1.75
mli,2007,1.71
mli,2008,1.71
mli,2009,1.68
mli,2010,1.64
mli,2011,1.6
mli,2012,1.6
mli,2013,1.59
mli,2014,1.57
mli,2015,1.53
mli,2016,1.54
mli,2017,1.51
mli,2018,1.47
mli,2019,1.42
mli,2020,1.38
mli,2021,1.32
mlt,1990,0.27
mlt,1991,0.28
mlt,1992,0.26
mlt,1993,0.25
mlt,1994,0.22
mlt,1995,0.21
mlt,1996,0.18
mlt,1997,0.16
mlt,1998,0.15
mlt,1999,0.14
mlt,2000,0.13
mlt,2001,0.12
mlt,2002,0.11
mlt,2003,0.1
mlt,2004,0.1
mlt,2005,0.1
mlt,2006,0.1
mlt,2007,0.1
mlt,2008,0.1
mlt,2009,0.1
mlt,2010,0.1
mlt,2011,0.09
mlt,2012,0.09
mlt,2013,0.09
mlt,2014,0.08
mlt,2015,0.08
mlt,2016,0.07
mlt,2017,0.08
mlt,2018,0.07
mlt,2019,0.07
mlt,2020,0.07
mlt,2021,0.06
mmr,1990,2.59
mmr,1991,2.68
mmr,1992,2.59
mmr,1993,2.58
mmr,1994,2.56
mmr,1995,2.53
mmr,1996,2.51
mmr,1997,2.48
mmr,1998,2.45
mmr,1999,2.41
mmr,2000,2.37
mmr,2001,2.31
mmr,2002,2.25
mmr,2003,2.18
mmr,2004,2.13
mmr,2005,2.04
mmr,2006,1.96
mmr,2007,1.86
mmr,2008,1.76
mmr,2009,1.7
mmr,2010,1.62
mmr,2011,1.57
mmr,2012,1.48
mmr,2013,1.45
mmr,2014,1.41
mmr,2015,1.37
mmr,2016,1.33
mmr,2017,1.3
mmr,2018,1.26
mmr,2019,1.23
mmr,2020,1.21
mmr,2021,1.19
mne,1990,0.6
mne,1991,0.59
mne,1992,0.59
mne,1993,0.6
mne,1994,0.61
mne,1995,0.61
mne,1996,0.61
mne,1997,0.62
mne,1998,0.64
mne,1999,0.69
mne,2000,0.66
mne,2001,0.62
mne,2002,0.59
mne,2003,0.57
mne,2004,0.54
mne,2005,0.53
mne,2006,0.51
mne,2007,0.48
mne,2008,0.45
mne,2009,0.45
mne,2010,0.43
mne,2011,0.42
mne,2012,0.41
mne,2013,0.4
mne,2014,0.39
mne,2015,0.38
mne,2016,0.39
mne,2017,0.39
mne,2018,0.38
mne,2019,0.39
mne,2020,0.37
mne,2021,0.34
mng,1990,9.77
mng,1991,10.16
mng,1992,10.54
mng,1993,10.94
mng,1994,10.82
mng,1995,10.84
mng,1996,10.58
mng,1997,9.97
mng,1998,9.09
mng,1999,8.27
mng,2000,7.41
mng,2001,6.46
mng,2002,5.49
mng,2003,4.83
mng,2004,4.35
mng,2005,3.97
mng,2006,3.66
mng,2007,3.41
mng,2008,3.18
mng,2009,3.12
mng,2010,3.07
mng,2011,3.24
mng,2012,3.24
mng,2013,3.14
mng,2014,3.11
mng,2015,3.07
mng,2016,3.05
mng,2017,3.05
mng,2018,3.03
mng,2019,3.02
mng,2020,2.85
mng,2021,2.67
mnp,1990,0.46
mnp,1991,0.44
mnp,1992,0.43
mnp,1993,0.41
mnp,1994,0.4
mnp,1995,0.39
mnp,1996,0.38
mnp,1997,0.36
mnp,1998,0.34
mnp,1999,0.44
mnp,2000,0.4
mnp,2001,0.39
mnp,2002,0.39
mnp,2003,0.39
mnp,2004,0.39
mnp,2005,0.38
mnp,2006,0.36
mnp,2007,0.35
mnp,2008,0.35
mnp,2009,0.34
mnp,2010,0.34
mnp,2011,0.33
mnp,2012,0.32
mnp,2013,0.31
mnp,2014,0.3
mnp,2015,0.29
mnp,2016,0.34
mnp,2017,0.41
mnp,2018,0.39
mnp,2019,0.38
mnp,2020,0.31
mnp,2021,0.37
moz,1990,2.8
moz,1991,2.74
moz,1992,2.71
moz,1993,2.67
moz,1994,2.59
moz,1995,2.53
moz,1996,2.51
moz,1997,2.51
moz,1998,2.51
moz,1999,2.51
moz,2000,2.52
moz,2001,2.45
moz,2002,2.42
moz,2003,2.38
moz,2004,2.38
moz,2005,2.39
moz,2006,2.48
moz,2007,2.49
moz,2008,2.51
moz,2009,2.51
moz,2010,2.5
moz,2011,2.46
moz,2012,2.46
moz,2013,2.42
moz,2014,2.39
moz,2015,2.36
moz,2016,2.28
moz,2017,2.21
moz,2018,2.12
moz,2019,2.08
moz,2020,2.01
moz,2021,1.94
mrt,1990,0.93
mrt,1991,0.94
mrt,1992,0.96
mrt,1993,0.98
mrt,1994,0.98
mrt,1995,0.98
mrt,1996,1.02
mrt,1997,1.04
mrt,1998,1.06
mrt,1999,1.05
mrt,2000,1.06
mrt,2001,1.05
mrt,2002,1.03
mrt,2003,0.99
mrt,2004,0.97
mrt,2005,0.97
mrt,2006,0.95
mrt,2007,0.9
mrt,2008,0.86
mrt,2009,0.87
mrt,2010,0.83
mrt,2011,0.81
mrt,2012,0.82
mrt,2013,0.8
mrt,2014,0.76
mrt,2015,0.74
mrt,2016,0.71
mrt,2017,0.71
mrt,2018,0.69
mrt,2019,0.7
mrt,2020,0.68
mrt,2021,0.68
mus,1990,0.06
mus,1991,0.13
mus,1992,0.12
mus,1993,0.07
mus,1994,0.09
mus,1995,0.08
mus,1996,0.09
mus,1997,0.27
mus,1998,0.37
mus,1999,0.38
mus,2000,0.33
mus,2001,0.32
mus,2002,0.31
mus,2003,0.3
mus,2004,0.29
mus,2005,0.3
mus,2006,0.29
mus,2007,0.28
mus,2008,0.26
mus,2009,0.26
mus,2010,0.26
mus,2011,0.25
mus,2012,0.22
mus,2013,0.21
mus,2014,0.21
mus,2015,0.22
mus,2016,0.22
mus,2017,0.23
mus,2018,0.23
mus,2019,0.2
mus,2020,0.2
mus,2021,0.19
mwi,1990,2.59
mwi,1991,2.57
mwi,1992,2.57
mwi,1993,2.57
mwi,1994,2.63
mwi,1995,2.68
mwi,1996,2.66
mwi,1997,2.62
mwi,1998,2.59
mwi,1999,2.6
mwi,2000,2.6
mwi,2001,2.54
mwi,2002,2.49
mwi,2003,2.47
mwi,2004,2.41
mwi,2005,2.33
mwi,2006,2.29
mwi,2007,2.22
mwi,2008,2.14
mwi,2009,2.11
mwi,2010,2.09
mwi,2011,2.06
mwi,2012,2.01
mwi,2013,1.94
mwi,2014,1.89
mwi,2015,1.86
mwi,2016,1.82
mwi,2017,1.77
mwi,2018,1.73
mwi,2019,1.69
mwi,2020,1.64
mwi,2021,1.59
mys,1990,1.1
mys,1991,1.06
mys,1992,1.04
mys,1993,1.02
mys,1994,1
mys,1995,1.03
mys,1996,1.01
mys,1997,0.99
mys,1998,0.97
mys,1999,1.02
mys,2000,0.93
mys,2001,0.89
mys,2002,0.86
mys,2003,0.86
mys,2004,0.84
mys,2005,0.81
mys,2006,0.76
mys,2007,0.73
mys,2008,0.73
mys,2009,0.73
mys,2010,0.72
mys,2011,0.69
mys,2012,0.66
mys,2013,0.64
mys,2014,0.63
mys,2015,0.65
mys,2016,0.64
mys,2017,0.63
mys,2018,0.62
mys,2019,0.61
mys,2020,0.53
mys,2021,0.59
nam,1990,1.77
nam,1991,1.77
nam,1992,1.78
nam,1993,1.79
nam,1994,1.81
nam,1995,1.83
nam,1996,1.84
nam,1997,1.86
nam,1998,1.9
nam,1999,1.96
nam,2000,2.02
nam,2001,1.96
nam,2002,2.02
nam,2003,2.01
nam,2004,1.95
nam,2005,1.93
nam,2006,1.86
nam,2007,1.81
nam,2008,1.76
nam,2009,1.72
nam,2010,1.69
nam,2011,1.64
nam,2012,1.58
nam,2013,1.55
nam,2014,1.55
nam,2015,1.53
nam,2016,1.5
nam,2017,1.47
nam,2018,1.45
nam,2019,1.43
nam,2020,1.42
nam,2021,1.39
ner,1990,1.76
ner,1991,1.79
ner,1992,1.83
ner,1993,1.87
ner,1994,1.9
ner,1995,1.95
ner,1996,1.96
ner,1997,2.01
ner,1998,2.03
ner,1999,2.07
ner,2000,2.09
ner,2001,2.09
ner,2002,2.03
ner,2003,2
ner,2004,1.89
ner,2005,1.9
ner,2006,1.8
ner,2007,1.75
ner,2008,1.62
ner,2009,1.61
ner,2010,1.57
ner,2011,1.58
ner,2012,1.58
ner,2013,1.6
ner,2014,1.62
ner,2015,1.61
ner,2016,1.58
ner,2017,1.55
ner,2018,1.49
ner,2019,1.45
ner,2020,1.43
ner,2021,1.39
nga,1990,1.99
nga,1991,1.84
nga,1992,1.86
nga,1993,1.87
nga,1994,1.87
nga,1995,1.88
nga,1996,1.86
nga,1997,1.84
nga,1998,1.82
nga,1999,1.8
nga,2000,1.78
nga,2001,1.76
nga,2002,1.73
nga,2003,1.69
nga,2004,1.66
nga,2005,1.61
nga,2006,1.58
nga,2007,1.53
nga,2008,1.48
nga,2009,1.44
nga,2010,1.58
nga,2011,1.38
nga,2012,1.37
nga,2013,1.36
nga,2014,1.34
nga,2015,1.3
nga,2016,1.28
nga,2017,1.23
nga,2018,1.19
nga,2019,1.15
nga,2020,1.12
nga,2021,1.09
nic,1990,0.69
nic,1991,0.71
nic,1992,0.67
nic,1993,0.66
nic,1994,0.62
nic,1995,0.6
nic,1996,0.58
nic,1997,0.52
nic,1998,0.48
nic,1999,0.47
nic,2000,0.43
nic,2001,0.41
nic,2002,0.41
nic,2003,0.4
nic,2004,0.39
nic,2005,0.39
nic,2006,1.39
nic,2007,0.36
nic,2008,0.36
nic,2009,0.36
nic,2010,0.34
nic,2011,0.34
nic,2012,0.34
nic,2013,0.33
nic,2014,0.32
nic,2015,0.31
nic,2016,0.31
nic,2017,0.3
nic,2018,0.3
nic,2019,0.28
nic,2020,0.25
nic,2021,0.24
niu,1990,0.56
niu,1991,0.56
niu,1992,0.56
niu,1993,0.55
niu,1994,0.55
niu,1995,0.55
niu,1996,0.55
niu,1997,0.55
niu,1998,0.54
niu,1999,0.53
niu,2000,0.53
niu,2001,0.52
niu,2002,0.5
niu,2003,0.49
niu,2004,0.47
niu,2005,0.45
niu,2006,0.44
niu,2007,0.43
niu,2008,0.41
niu,2009,0.39
niu,2010,0.38
niu,2011,0.37
niu,2012,0.37
niu,2013,0.36
niu,2014,0.36
niu,2015,0.35
niu,2016,0.35
niu,2017,0.34
niu,2018,0.34
niu,2019,0.33
niu,2020,0.5
niu,2021,0.5
nld,1990,0.16
nld,1991,0.16
nld,1992,0.14
nld,1993,0.14
nld,1994,0.12
nld,1995,0.11
nld,1996,0.1
nld,1997,0.09
nld,1998,0.08
nld,1999,0.08
nld,2000,0.07
nld,2001,0.07
nld,2002,0.07
nld,2003,0.06
nld,2004,0.06
nld,2005,0.05
nld,2006,0.05
nld,2007,0.05
nld,2008,0.05
nld,2009,0.05
nld,2010,0.05
nld,2011,0.05
nld,2012,0.05
nld,2013,0.04
nld,2014,0.04
nld,2015,0.04
nld,2016,0.04
nld,2017,0.04
nld,2018,0.04
nld,2019,0.04
nld,2020,0.04
nld,2021,0.03
nor,1990,0.15
nor,1991,0.15
nor,1992,0.2
nor,1993,0.18
nor,1994,0.13
nor,1995,0.12
nor,1996,0.06
nor,1997,0.06
nor,1998,0.03
nor,1999,0.05
nor,2000,0.07
nor,2001,0.08
nor,2002,0.06
nor,2003,0.06
nor,2004,0.06
nor,2005,0.09
nor,2006,0.09
nor,2007,0.09
nor,2008,0.07
nor,2009,0.09
nor,2010,0.11
nor,2011,0.11
nor,2012,0.09
nor,2013,0.09
nor,2014,0.12
nor,2015,0.1
nor,2016,0.08
nor,2017,0.09
nor,2018,0.1
nor,2019,0.09
nor,2020,0.09
nor,2021,0.09
npl,1990,7.29
npl,1991,7.1
npl,1992,6.89
npl,1993,6.77
npl,1994,6.58
npl,1995,6.36
npl,1996,6.12
npl,1997,5.93
npl,1998,5.73
npl,1999,5.54
npl,2000,5.36
npl,2001,5.16
npl,2002,5
npl,2003,4.88
npl,2004,4.76
npl,2005,4.77
npl,2006,4.74
npl,2007,4.68
npl,2008,4.61
npl,2009,4.53
npl,2010,4.44
npl,2011,4.36
npl,2012,4.28
npl,2013,4.27
npl,2014,4.17
npl,2015,4.13
npl,2016,4.04
npl,2017,3.97
npl,2018,3.87
npl,2019,3.79
npl,2020,3.72
npl,2021,3.67
nru,1990,0.8
nru,1991,0.8
nru,1992,0.81
nru,1993,0.82
nru,1994,0.84
nru,1995,0.86
nru,1996,0.88
nru,1997,0.91
nru,1998,0.93
nru,1999,0.94
nru,2000,0.95
nru,2001,0.96
nru,2002,0.95
nru,2003,0.94
nru,2004,0.93
nru,2005,0.92
nru,2006,0.9
nru,2007,0.89
nru,2008,0.88
nru,2009,0.86
nru,2010,0.83
nru,2011,0.8
nru,2012,0.77
nru,2013,0.73
nru,2014,0.69
nru,2015,0.66
nru,2016,0.64
nru,2017,0.62
nru,2018,0.6
nru,2019,0.58
nru,2020,0.56
nru,2021,0.55
nzl,1990,0.17
nzl,1991,0.17
nzl,1992,0.14
nzl,1993,0.14
nzl,1994,0.15
nzl,1995,0.21
nzl,1996,0.3
nzl,1997,0.22
nzl,1998,0.13
nzl,1999,0.16
nzl,2000,0.15
nzl,2001,0.08
nzl,2002,0.14
nzl,2003,0.23
nzl,2004,0.21
nzl,2005,0.13
nzl,2006,0.11
nzl,2007,0.2
nzl,2008,0.22
nzl,2009,0.18
nzl,2010,0.17
nzl,2011,0.14
nzl,2012,0.13
nzl,2013,0.13
nzl,2014,0.12
nzl,2015,0.15
nzl,2016,0.09
nzl,2017,0.11
nzl,2018,0.11
nzl,2019,0.11
nzl,2020,0.1
nzl,2021,0.1
omn,1990,0.16
omn,1991,0.15
omn,1992,0.15
omn,1993,0.14
omn,1994,0.14
omn,1995,0.14
omn,1996,0.13
omn,1997,0.13
omn,1998,0.12
omn,1999,0.12
omn,2000,0.11
omn,2001,0.11
omn,2002,0.1
omn,2003,0.1
omn,2004,0.1
omn,2005,0.09
omn,2006,0.09
omn,2007,0.09
omn,2008,0.09
omn,2009,0.09
omn,2010,0.08
omn,2011,0.08
omn,2012,0.08
omn,2013,0.07
omn,2014,0.07
omn,2015,0.07
omn,2016,0.07
omn,2017,0.07
omn,2018,0.06
omn,2019,0.06
omn,2020,0.05
omn,2021,0.05
pak,1990,0.16
pak,1991,0.16
pak,1992,0.16
pak,1993,0.16
pak,1994,0.16
pak,1995,0.16
pak,1996,0.16
pak,1997,0.23
pak,1998,0.16
pak,1999,0.16
pak,2000,0.16
pak,2001,0.16
pak,2002,0.15
pak,2003,0.15
pak,2004,0.15
pak,2005,0.14
pak,2006,0.14
pak,2007,0.14
pak,2008,0.14
pak,2009,0.13
pak,2010,0.13
pak,2011,0.13
pak,2012,0.12
pak,2013,0.13
pak,2014,0.12
pak,2015,0.12
pak,2016,0.12
pak,2017,0.12
pak,2018,0.11
pak,2019,0.11
pak,2020,0.11
pak,2021,0.1
pan,1990,0.53
pan,1991,0.51
pan,1992,0.49
pan,1993,0.46
pan,1994,0.43
pan,1995,0.43
pan,1996,0.41
pan,1997,0.37
pan,1998,0.31
pan,1999,0.3
pan,2000,0.27
pan,2001,0.26
pan,2002,0.27
pan,2003,0.26
pan,2004,0.26
pan,2005,0.28
pan,2006,0.28
pan,2007,0.27
pan,2008,0.27
pan,2009,0.27
pan,2010,0.25
pan,2011,0.27
pan,2012,0.26
pan,2013,0.24
pan,2014,0.22
pan,2015,0.24
pan,2016,0.23
pan,2017,0.23
pan,2018,0.21
pan,2019,0.2
pan,2020,0.2
pan,2021,0.19
per,1990,0.99
per,1991,0.92
per,1992,0.94
per,1993,0.92
per,1994,0.89
per,1995,0.85
per,1996,0.81
per,1997,0.78
per,1998,0.76
per,1999,0.7
per,2000,0.67
per,2001,0.61
per,2002,0.58
per,2003,0.55
per,2004,0.52
per,2005,0.47
per,2006,0.43
per,2007,0.4
per,2008,0.38
per,2009,0.38
per,2010,0.36
per,2011,0.34
per,2012,0.32
per,2013,0.31
per,2014,0.3
per,2015,0.29
per,2016,0.29
per,2017,0.31
per,2018,0.33
per,2019,0.35
per,2020,0.31
per,2021,0.29
phl,1990,0.22
phl,1991,0.21
phl,1992,0.21
phl,1993,0.2
phl,1994,0.2
phl,1995,0.19
phl,1996,0.19
phl,1997,0.19
phl,1998,0.19
phl,1999,0.19
phl,2000,0.19
phl,2001,0.19
phl,2002,0.19
phl,2003,0.19
phl,2004,0.18
phl,2005,0.18
phl,2006,0.18
phl,2007,0.18
phl,2008,0.18
phl,2009,0.18
phl,2010,0.17
phl,2011,0.17
phl,2012,0.17
phl,2013,0.16
phl,2014,0.16
phl,2015,0.16
phl,2016,0.16
phl,2017,0.16
phl,2018,0.15
phl,2019,0.15
phl,2020,0.14
phl,2021,0.15
plw,1990,2.09
plw,1991,2.04
plw,1992,2
plw,1993,1.97
plw,1994,1.87
plw,1995,1.83
plw,1996,1.82
plw,1997,1.82
plw,1998,1.82
plw,1999,1.84
plw,2000,1.83
plw,2001,1.82
plw,2002,1.82
plw,2003,1.81
plw,2004,1.8
plw,2005,1.81
plw,2006,1.8
plw,2007,1.78
plw,2008,1.77
plw,2009,1.76
plw,2010,1.75
plw,2011,1.8
plw,2012,1.79
plw,2013,1.78
plw,2014,1.76
plw,2015,1.74
plw,2016,1.73
plw,2017,1.73
plw,2018,1.68
plw,2019,1.67
plw,2020,1.66
plw,2021,1.66
png,1990,0.93
png,1991,0.93
png,1992,0.91
png,1993,0.89
png,1994,0.87
png,1995,0.85
png,1996,0.84
png,1997,0.83
png,1998,0.83
png,1999,0.83
png,2000,0.82
png,2001,0.81
png,2002,0.8
png,2003,0.77
png,2004,0.75
png,2005,0.75
png,2006,0.74
png,2007,0.74
png,2008,0.72
png,2009,0.69
png,2010,0.7
png,2011,0.7
png,2012,0.69
png,2013,0.66
png,2014,0.65
png,2015,0.65
png,2016,0.63
png,2017,0.63
png,2018,0.62
png,2019,0.62
png,2020,0.61
png,2021,0.59
pol,1990,2.73
pol,1991,2.79
pol,1992,2.31
pol,1993,2.11
pol,1994,1.85
pol,1995,1.76
pol,1996,1.69
pol,1997,1.5
pol,1998,1.13
pol,1999,1
pol,2000,0.89
pol,2001,0.92
pol,2002,0.91
pol,2003,0.92
pol,2004,0.89
pol,2005,0.9
pol,2006,0.86
pol,2007,0.75
pol,2008,0.71
pol,2009,0.68
pol,2010,0.62
pol,2011,0.53
pol,2012,0.49
pol,2013,0.45
pol,2014,0.4
pol,2015,0.33
pol,2016,0.32
pol,2017,0.33
pol,2018,0.33
pol,2019,0.33
pol,2020,0.31
pol,2021,0.3
pri,1990,2.42
pri,1991,2.53
pri,1992,2.85
pri,1993,2.86
pri,1994,1.29
pri,1995,0.96
pri,1996,0.82
pri,1997,0.65
pri,1998,0.52
pri,1999,0.44
pri,2000,0.33
pri,2001,0.28
pri,2002,0.24
pri,2003,0.22
pri,2004,0.24
pri,2005,0.23
pri,2006,0.19
pri,2007,0.16
pri,2008,0.17
pri,2009,0.2
pri,2010,0.18
pri,2011,0.16
pri,2012,0.14
pri,2013,0.16
pri,2014,0.15
pri,2015,0.13
pri,2016,0.1
pri,2017,0.09
pri,2018,0.04
pri,2019,0.03
pri,2020,0.03
pri,2021,0.03
prk,1990,1.25
prk,1991,1.25
prk,1992,1.25
prk,1993,1.25
prk,1994,1.26
prk,1995,1.27
prk,1996,1.28
prk,1997,1.29
prk,1998,1.31
prk,1999,1.33
prk,2000,1.34
prk,2001,1.36
prk,2002,1.38
prk,2003,1.4
prk,2004,1.41
prk,2005,1.41
prk,2006,1.42
prk,2007,1.44
prk,2008,1.47
prk,2009,1.49
prk,2010,1.48
prk,2011,1.46
prk,2012,1.44
prk,2013,1.42
prk,2014,1.4
prk,2015,1.38
prk,2016,1.36
prk,2017,1.34
prk,2018,1.33
prk,2019,1.32
prk,2020,1.31
prk,2021,1.29
prt,1990,1.62
prt,1991,1.62
prt,1992,1.47
prt,1993,1.39
prt,1994,1.2
prt,1995,1.13
prt,1996,0.98
prt,1997,0.9
prt,1998,0.84
prt,1999,0.75
prt,2000,0.69
prt,2001,0.65
prt,2002,0.59
prt,2003,0.54
prt,2004,0.47
prt,2005,0.42
prt,2006,0.41
prt,2007,0.43
prt,2008,0.41
prt,2009,0.4
prt,2010,0.39
prt,2011,0.37
prt,2012,0.36
prt,2013,0.36
prt,2014,0.35
prt,2015,0.33
prt,2016,0.31
prt,2017,0.32
prt,2018,0.31
prt,2019,0.29
prt,2020,0.28
prt,2021,0.27
pry,1990,0.39
pry,1991,0.37
pry,1992,0.37
pry,1993,0.36
pry,1994,0.35
pry,1995,0.35
pry,1996,0.34
pry,1997,0.32
pry,1998,0.31
pry,1999,0.3
pry,2000,0.29
pry,2001,0.27
pry,2002,0.27
pry,2003,0.28
pry,2004,0.28
pry,2005,0.27
pry,2006,0.27
pry,2007,0.26
pry,2008,0.25
pry,2009,0.25
pry,2010,0.25
pry,2011,0.24
pry,2012,0.23
pry,2013,0.23
pry,2014,0.22
pry,2015,0.22
pry,2016,0.22
pry,2017,0.21
pry,2018,0.22
pry,2019,0.22
pry,2020,0.21
pry,2021,0.19
pse,1990,0.43
pse,1991,0.43
pse,1992,0.42
pse,1993,0.41
pse,1994,0.4
pse,1995,0.39
pse,1996,0.38
pse,1997,0.37
pse,1998,0.36
pse,1999,0.34
pse,2000,0.34
pse,2001,0.33
pse,2002,0.33
pse,2003,0.32
pse,2004,0.32
pse,2005,0.31
pse,2006,0.31
pse,2007,0.3
pse,2008,0.29
pse,2009,0.28
pse,2010,0.26
pse,2011,0.26
pse,2012,0.26
pse,2013,0.25
pse,2014,0.25
pse,2015,0.23
pse,2016,0.21
pse,2017,0.2
pse,2018,0.19
pse,2019,0.19
pse,2020,0.18
pse,2021,0.18
qat,1990,1.27
qat,1991,1.27
qat,1992,1.24
qat,1993,1.22
qat,1994,1.15
qat,1995,1.09
qat,1996,1.14
qat,1997,1.19
qat,1998,1.16
qat,1999,1.13
qat,2000,1.1
qat,2001,1.08
qat,2002,1.13
qat,2003,1.12
qat,2004,1.12
qat,2005,1.1
qat,2006,1.05
qat,2007,1.01
qat,2008,0.95
qat,2009,0.89
qat,2010,0.82
qat,2011,0.75
qat,2012,0.69
qat,2013,0.64
qat,2014,0.6
qat,2015,0.55
qat,2016,0.53
qat,2017,0.51
qat,2018,0.49
qat,2019,0.47
qat,2020,0.42
qat,2021,0.41
rou,1990,3.64
rou,1991,3.43
rou,1992,3.53
rou,1993,3.55
rou,1994,3.55
rou,1995,3.48
rou,1996,3.46
rou,1997,3.37
rou,1998,3.13
rou,1999,2.91
rou,2000,2.81
rou,2001,2.85
rou,2002,2.79
rou,2003,2.7
rou,2004,2.41
rou,2005,2.23
rou,2006,1.99
rou,2007,1.77
rou,2008,1.73
rou,2009,1.64
rou,2010,1.52
rou,2011,1.36
rou,2012,1.23
rou,2013,1.07
rou,2014,1.03
rou,2015,1.04
rou,2016,1.03
rou,2017,1.03
rou,2018,0.94
rou,2019,0.9
rou,2020,0.84
rou,2021,0.85
rus,1990,4.84
rus,1991,5.04
rus,1992,5.61
rus,1993,6.96
rus,1994,7.68
rus,1995,7.21
rus,1996,6.8
rus,1997,6.42
rus,1998,6.42
rus,1999,6.74
rus,2000,7.25
rus,2001,7.35
rus,2002,7.56
rus,2003,7.75
rus,2004,7.42
rus,2005,7.41
rus,2006,6.53
rus,2007,5.74
rus,2008,5.61
rus,2009,5.2
rus,2010,5
rus,2011,4.47
rus,2012,4.16
rus,2013,3.78
rus,2014,3.6
rus,2015,3.37
rus,2016,3.16
rus,2017,2.78
rus,2018,2.64
rus,2019,2.5
rus,2020,2.42
rus,2021,2.38
rwa,1990,2.84
rwa,1991,2.92
rwa,1992,3.02
rwa,1993,3.09
rwa,1994,3.2
rwa,1995,3.36
rwa,1996,3.26
rwa,1997,3.11
rwa,1998,3
rwa,1999,2.88
rwa,2000,2.77
rwa,2001,2.61
rwa,2002,2.48
rwa,2003,2.35
rwa,2004,2.29
rwa,2005,2.17
rwa,2006,2.06
rwa,2007,1.95
rwa,2008,1.85
rwa,2009,1.73
rwa,2010,1.68
rwa,2011,1.62
rwa,2012,1.59
rwa,2013,1.53
rwa,2014,1.52
rwa,2015,1.5
rwa,2016,1.45
rwa,2017,1.4
rwa,2018,1.36
rwa,2019,1.33
rwa,2020,1.32
rwa,2021,1.28
sau,1990,1.08
sau,1991,1.05
sau,1992,1.03
sau,1993,1
sau,1994,0.97
sau,1995,0.94
sau,1996,0.91
sau,1997,0.88
sau,1998,0.85
sau,1999,0.83
sau,2000,0.81
sau,2001,0.79
sau,2002,0.77
sau,2003,0.78
sau,2004,0.8
sau,2005,0.83
sau,2006,0.84
sau,2007,0.83
sau,2008,0.82
sau,2009,0.79
sau,2010,0.77
sau,2011,0.74
sau,2012,0.71
sau,2013,0.69
sau,2014,0.67
sau,2015,0.64
sau,2016,0.63
sau,2017,0.61
sau,2018,0.59
sau,2019,0.58
sau,2020,0.56
sau,2021,0.55
sdn,1990,3.04
sdn,1991,2.98
sdn,1992,2.93
sdn,1993,2.89
sdn,1994,2.86
sdn,1995,2.8
sdn,1996,2.74
sdn,1997,2.68
sdn,1998,2.61
sdn,1999,2.54
sdn,2000,2.49
sdn,2001,2.43
sdn,2002,2.36
sdn,2003,2.27
sdn,2004,2.22
sdn,2005,2.18
sdn,2006,2.12
sdn,2007,2.05
sdn,2008,1.99
sdn,2009,1.93
sdn,2010,1.85
sdn,2011,1.79
sdn,2012,1.75
sdn,2013,1.7
sdn,2014,1.66
sdn,2015,1.59
sdn,2016,1.53
sdn,2017,1.47
sdn,2018,1.43
sdn,2019,1.38
sdn,2020,1.33
sdn,2021,1.28
sen,1990,1.24
sen,1991,1.28
sen,1992,1.32
sen,1993,1.36
sen,1994,1.4
sen,1995,1.4
sen,1996,1.44
sen,1997,1.43
sen,1998,1.45
sen,1999,1.45
sen,2000,1.37
sen,2001,1.57
sen,2002,1.52
sen,2003,1.42
sen,2004,1.47
sen,2005,1.43
sen,2006,1.36
sen,2007,1.34
sen,2008,1.33
sen,2009,1.33
sen,2010,1.26
sen,2011,1.25
sen,2012,1.2
sen,2013,1.2
sen,2014,1.26
sen,2015,1.22
sen,2016,1.22
sen,2017,1.17
sen,2018,1.11
sen,2019,1.1
sen,2020,1.06
sen,2021,1.02
sgp,1990,0.23
sgp,1991,0.2
sgp,1992,0.19
sgp,1993,0.17
sgp,1994,0.15
sgp,1995,0.12
sgp,1996,0.11
sgp,1997,0.1
sgp,1998,0.09
sgp,1999,0.08
sgp,2000,0.07
sgp,2001,0.06
sgp,2002,0.06
sgp,2003,0.07
sgp,2004,0.07
sgp,2005,0.07
sgp,2006,0.07
sgp,2007,0.06
sgp,2008,0.06
sgp,2009,0.06
sgp,2010,0.05
sgp,2011,0.05
sgp,2012,0.04
sgp,2013,0.04
sgp,2014,0.03
sgp,2015,0.03
sgp,2016,0.03
sgp,2017,0.03
sgp,2018,0.02
sgp,2019,0.02
sgp,2020,0.02
sgp,2021,0.02
slb,1990,1.09
slb,1991,1.09
slb,1992,1.07
slb,1993,1.06
slb,1994,1.04
slb,1995,1.01
slb,1996,1
slb,1997,0.99
slb,1998,0.99
slb,1999,0.99
slb,2000,0.98
slb,2001,0.96
slb,2002,0.95
slb,2003,0.92
slb,2004,0.89
slb,2005,0.88
slb,2006,0.87
slb,2007,0.86
slb,2008,0.82
slb,2009,0.83
slb,2010,0.81
slb,2011,0.81
slb,2012,0.8
slb,2013,0.79
slb,2014,0.78
slb,2015,0.78
slb,2016,0.76
slb,2017,0.75
slb,2018,0.73
slb,2019,0.72
slb,2020,0.71
slb,2021,0.69
sle,1990,1.34
sle,1991,1.36
sle,1992,1.44
sle,1993,1.5
sle,1994,1.52
sle,1995,1.55
sle,1996,1.59
sle,1997,1.62
sle,1998,1.66
sle,1999,1.7
sle,2000,1.72
sle,2001,1.71
sle,2002,1.66
sle,2003,1.64
sle,2004,1.69
sle,2005,1.69
sle,2006,1.66
sle,2007,1.62
sle,2008,1.54
sle,2009,1.48
sle,2010,1.48
sle,2011,1.44
sle,2012,1.42
sle,2013,1.41
sle,2014,1.39
sle,2015,1.35
sle,2016,1.32
sle,2017,1.3
sle,2018,1.27
sle,2019,1.23
sle,2020,1.2
sle,2021,1.16
slv,1990,2.44
slv,1991,1.62
slv,1992,1.62
slv,1993,1.61
slv,1994,1.59
slv,1995,1.49
slv,1996,1.4
slv,1997,1.37
slv,1998,1.35
slv,1999,1.23
slv,2000,1.19
slv,2001,1.12
slv,2002,1.06
slv,2003,1.06
slv,2004,1.08
slv,2005,1.08
slv,2006,1.07
slv,2007,1.03
slv,2008,0.99
slv,2009,1.01
slv,2010,0.95
slv,2011,0.95
slv,2012,0.87
slv,2013,0.88
slv,2014,0.95
slv,2015,1.06
slv,2016,1
slv,2017,0.94
slv,2018,0.9
slv,2019,0.86
slv,2020,0.84
slv,2021,0.83
smr,1990,0.61
smr,1991,0.6
smr,1992,0.6
smr,1993,0.59
smr,1994,0.58
smr,1995,0.56
smr,1996,0.54
smr,1997,0.52
smr,1998,0.49
smr,1999,0.47
smr,2000,0.45
smr,2001,0.42
smr,2002,0.4
smr,2003,0.38
smr,2004,0.36
smr,2005,0.35
smr,2006,0.34
smr,2007,0.33
smr,2008,0.32
smr,2009,0.32
smr,2010,0.31
smr,2011,0.31
smr,2012,0.31
smr,2013,0.3
smr,2014,0.3
smr,2015,0.3
smr,2016,0.3
smr,2017,0.3
smr,2018,0.3
smr,2019,0.29
smr,2020,0.21
smr,2021,0.2
som,1990,4.12
som,1991,4.14
som,1992,4.21
som,1993,4.25
som,1994,4.25
som,1995,4.26
som,1996,4.27
som,1997,4.27
som,1998,4.28
som,1999,4.26
som,2000,4.26
som,2001,4.21
som,2002,4.21
som,2003,4.2
som,2004,4.19
som,2005,4.16
som,2006,4.18
som,2007,4.22
som,2008,4.31
som,2009,4.34
som,2010,4.36
som,2011,4.35
som,2012,4.31
som,2013,4.23
som,2014,4.15
som,2015,4.05
som,2016,3.98
som,2017,3.9
som,2018,3.87
som,2019,3.83
som,2020,3.76
som,2021,3.65
srb,1990,0.71
srb,1991,0.7
srb,1992,0.67
srb,1993,0.67
srb,1994,0.68
srb,1995,0.69
srb,1996,0.68
srb,1997,0.67
srb,1998,0.62
srb,1999,0.6
srb,2000,0.59
srb,2001,0.57
srb,2002,0.54
srb,2003,0.54
srb,2004,0.5
srb,2005,0.47
srb,2006,0.43
srb,2007,0.4
srb,2008,0.37
srb,2009,0.35
srb,2010,0.32
srb,2011,0.3
srb,2012,0.29
srb,2013,0.27
srb,2014,0.26
srb,2015,0.25
srb,2016,0.24
srb,2017,0.24
srb,2018,0.23
srb,2019,0.23
srb,2020,0.23
srb,2021,0.22
ssd,1990,2.8
ssd,1991,2.78
ssd,1992,2.79
ssd,1993,2.78
ssd,1994,2.76
ssd,1995,2.8
ssd,1996,2.75
ssd,1997,2.64
ssd,1998,2.6
ssd,1999,2.54
ssd,2000,2.51
ssd,2001,2.4
ssd,2002,2.36
ssd,2003,2.36
ssd,2004,2.37
ssd,2005,2.38
ssd,2006,2.4
ssd,2007,2.4
ssd,2008,2.39
ssd,2009,2.38
ssd,2010,2.34
ssd,2011,2.31
ssd,2012,2.38
ssd,2013,2.45
ssd,2014,2.51
ssd,2015,2.58
ssd,2016,2.68
ssd,2017,2.77
ssd,2018,2.87
ssd,2019,2.85
ssd,2020,2.82
ssd,2021,2.78
stp,1990,0.96
stp,1991,0.96
stp,1992,0.96
stp,1993,0.89
stp,1994,0.89
stp,1995,0.86
stp,1996,0.87
stp,1997,0.87
stp,1998,0.87
stp,1999,0.86
stp,2000,0.78
stp,2001,0.76
stp,2002,0.73
stp,2003,0.72
stp,2004,0.71
stp,2005,0.71
stp,2006,0.73
stp,2007,0.71
stp,2008,0.7
stp,2009,0.68
stp,2010,0.66
stp,2011,0.62
stp,2012,0.6
stp,2013,0.6
stp,2014,0.6
stp,2015,0.58
stp,2016,0.56
stp,2017,0.54
stp,2018,0.53
stp,2019,0.52
stp,2020,0.51
stp,2021,0.49
sur,1990,1.04
sur,1991,1.01
sur,1992,0.96
sur,1993,0.92
sur,1994,0.8
sur,1995,0.67
sur,1996,0.6
sur,1997,0.55
sur,1998,0.5
sur,1999,0.46
sur,2000,0.39
sur,2001,0.35
sur,2002,0.34
sur,2003,0.33
sur,2004,0.32
sur,2005,0.3
sur,2006,0.28
sur,2007,0.27
sur,2008,0.26
sur,2009,0.26
sur,2010,0.25
sur,2011,0.23
sur,2012,0.23
sur,2013,0.22
sur,2014,0.22
sur,2015,0.23
sur,2016,0.23
sur,2017,0.23
sur,2018,0.23
sur,2019,0.23
sur,2020,0.23
sur,2021,0.21
svk,1990,0.93
svk,1991,0.92
svk,1992,0.89
svk,1993,0.84
svk,1994,0.79
svk,1995,0.76
svk,1996,0.7
svk,1997,0.69
svk,1998,0.67
svk,1999,0.64
svk,2000,0.6
svk,2001,0.58
svk,2002,0.57
svk,2003,0.55
svk,2004,0.52
svk,2005,0.51
svk,2006,0.49
svk,2007,0.47
svk,2008,0.45
svk,2009,0.42
svk,2010,0.4
svk,2011,0.38
svk,2012,0.36
svk,2013,0.34
svk,2014,0.33
svk,2015,0.33
svk,2016,0.32
svk,2017,0.32
svk,2018,0.32
svk,2019,0.31
svk,2020,0.29
svk,2021,0.29
svn,1990,0.8
svn,1991,0.81
svn,1992,0.72
svn,1993,0.76
svn,1994,0.78
svn,1995,0.71
svn,1996,0.54
svn,1997,0.46
svn,1998,0.43
svn,1999,0.41
svn,2000,0.4
svn,2001,0.42
svn,2002,0.39
svn,2003,0.4
svn,2004,0.36
svn,2005,0.31
svn,2006,0.3
svn,2007,0.27
svn,2008,0.25
svn,2009,0.22
svn,2010,0.2
svn,2011,0.17
svn,2012,0.17
svn,2013,0.15
svn,2014,0.12
svn,2015,0.13
svn,2016,0.12
svn,2017,0.13
svn,2018,0.11
svn,2019,0.1
svn,2020,0.09
svn,2021,0.09
swe,1990,0.84
swe,1991,0.95
swe,1992,0.85
swe,1993,0.71
swe,1994,0.65
swe,1995,0.64
swe,1996,0.54
swe,1997,0.34
swe,1998,0.28
swe,1999,0.26
swe,2000,0.24
swe,2001,0.25
swe,2002,0.22
swe,2003,0.22
swe,2004,0.21
swe,2005,0.21
swe,2006,0.23
swe,2007,0.23
swe,2008,0.23
swe,2009,0.26
swe,2010,0.27
swe,2011,0.24
swe,2012,0.28
swe,2013,0.3
swe,2014,0.3
swe,2015,0.3
swe,2016,0.27
swe,2017,0.29
swe,2018,0.26
swe,2019,0.24
swe,2020,0.21
swe,2021,0.2
swz,1990,2.23
swz,1991,2.21
swz,1992,2.18
swz,1993,2.15
swz,1994,2.17
swz,1995,2.22
swz,1996,2.28
swz,1997,2.31
swz,1998,2.38
swz,1999,2.48
swz,2000,2.62
swz,2001,2.75
swz,2002,2.87
swz,2003,2.94
swz,2004,3
swz,2005,3
swz,2006,2.96
swz,2007,2.95
swz,2008,2.9
swz,2009,2.85
swz,2010,2.78
swz,2011,2.71
swz,2012,2.64
swz,2013,2.58
swz,2014,2.49
swz,2015,2.41
swz,2016,2.35
swz,2017,2.29
swz,2018,2.22
swz,2019,2.16
swz,2020,2.08
swz,2021,2.01
syc,1990,0.64
syc,1991,0.63
syc,1992,0.62
syc,1993,0.62
syc,1994,0.64
syc,1995,0.63
syc,1996,0.63
syc,1997,0.62
syc,1998,0.62
syc,1999,0.6
syc,2000,0.59
syc,2001,0.59
syc,2002,0.58
syc,2003,0.57
syc,2004,0.56
syc,2005,0.53
syc,2006,0.51
syc,2007,0.5
syc,2008,0.47
syc,2009,0.46
syc,2010,0.46
syc,2011,0.45
syc,2012,0.43
syc,2013,0.43
syc,2014,0.43
syc,2015,0.43
syc,2016,0.42
syc,2017,0.4
syc,2018,0.4
syc,2019,0.4
syc,2020,0.41
syc,2021,0.32
syr,1990,0.63
syr,1991,0.62
syr,1992,0.62
syr,1993,0.59
syr,1994,0.57
syr,1995,0.55
syr,1996,0.53
syr,1997,0.52
syr,1998,0.5
syr,1999,0.49
syr,2000,0.46
syr,2001,0.43
syr,2002,0.42
syr,2003,0.4
syr,2004,0.42
syr,2005,0.42
syr,2006,0.43
syr,2007,0.43
syr,2008,0.43
syr,2009,0.41
syr,2010,0.4
syr,2011,0.4
syr,2012,0.39
syr,2013,0.4
syr,2014,0.4
syr,2015,0.41
syr,2016,0.4
syr,2017,0.4
syr,2018,0.94
syr,2019,0.38
syr,2020,0.36
syr,2021,0.35
tcd,1990,1.35
tcd,1991,1.37
tcd,1992,1.42
tcd,1993,1.5
tcd,1994,1.55
tcd,1995,1.62
tcd,1996,1.73
tcd,1997,1.83
tcd,1998,1.91
tcd,1999,1.98
tcd,2000,2.04
tcd,2001,2.06
tcd,2002,2.06
tcd,2003,2.06
tcd,2004,2
tcd,2005,1.95
tcd,2006,1.92
tcd,2007,1.92
tcd,2008,1.91
tcd,2009,1.88
tcd,2010,1.86
tcd,2011,1.83
tcd,2012,1.8
tcd,2013,1.78
tcd,2014,1.75
tcd,2015,1.74
tcd,2016,1.72
tcd,2017,1.71
tcd,2018,1.69
tcd,2019,1.67
tcd,2020,1.64
tcd,2021,1.62
tgo,1990,1.1
tgo,1991,1.14
tgo,1992,1.18
tgo,1993,1.24
tgo,1994,1.3
tgo,1995,1.35
tgo,1996,1.39
tgo,1997,1.44
tgo,1998,1.48
tgo,1999,1.49
tgo,2000,1.51
tgo,2001,1.51
tgo,2002,1.52
tgo,2003,1.5
tgo,2004,1.45
tgo,2005,1.43
tgo,2006,1.41
tgo,2007,1.39
tgo,2008,1.4
tgo,2009,1.41
tgo,2010,1.39
tgo,2011,1.37
tgo,2012,1.33
tgo,2013,1.29
tgo,2014,1.27
tgo,2015,1.24
tgo,2016,1.22
tgo,2017,1.2
tgo,2018,1.16
tgo,2019,1.13
tgo,2020,1.1
tgo,2021,1.07
tha,1990,0.35
tha,1991,0.35
tha,1992,0.35
tha,1993,0.37
tha,1994,0.37
tha,1995,0.38
tha,1996,0.38
tha,1997,0.34
tha,1998,0.34
tha,1999,0.36
tha,2000,0.37
tha,2001,0.36
tha,2002,0.37
tha,2003,0.37
tha,2004,0.36
tha,2005,0.33
tha,2006,0.32
tha,2007,0.31
tha,2008,0.3
tha,2009,0.29
tha,2010,0.28
tha,2011,0.28
tha,2012,0.27
tha,2013,0.26
tha,2014,0.26
tha,2015,0.26
tha,2016,0.26
tha,2017,0.25
tha,2018,0.25
tha,2019,0.25
tha,2020,0.24
tha,2021,0.24
tjk,1990,1.85
tjk,1991,2.05
tjk,1992,2.43
tjk,1993,3.47
tjk,1994,3.02
tjk,1995,3.05
tjk,1996,3.05
tjk,1997,2.97
tjk,1998,2.89
tjk,1999,2.83
tjk,2000,2.79
tjk,2001,2.71
tjk,2002,2.56
tjk,2003,2.39
tjk,2004,2.25
tjk,2005,2.16
tjk,2006,2.07
tjk,2007,1.98
tjk,2008,1.89
tjk,2009,1.82
tjk,2010,1.74
tjk,2011,1.67
tjk,2012,1.61
tjk,2013,1.53
tjk,2014,1.48
tjk,2015,1.43
tjk,2016,1.38
tjk,2017,1.33
tjk,2018,1.31
tjk,2019,1.28
tjk,2020,1.26
tjk,2021,1.26
tkl,1990,0.63
tkl,1991,0.62
tkl,1992,0.61
tkl,1993,0.6
tkl,1994,0.59
tkl,1995,0.58
tkl,1996,0.57
tkl,1997,0.55
tkl,1998,0.54
tkl,1999,0.53
tkl,2000,0.51
tkl,2001,0.5
tkl,2002,0.49
tkl,2003,0.48
tkl,2004,0.47
tkl,2005,0.46
tkl,2006,0.44
tkl,2007,0.43
tkl,2008,0.41
tkl,2009,0.39
tkl,2010,0.38
tkl,2011,0.37
tkl,2012,0.36
tkl,2013,0.35
tkl,2014,0.34
tkl,2015,0.33
tkl,2016,0.32
tkl,2017,0.31
tkl,2018,0.31
tkl,2019,0.3
tkl,2020,0.6
tkl,2021,0.59
tkm,1990,0.99
tkm,1991,1.31
tkm,1992,1.53
tkm,1993,2.2
tkm,1994,2.26
tkm,1995,2.25
tkm,1996,2.45
tkm,1997,2.52
tkm,1998,2.62
tkm,1999,2.73
tkm,2000,2.97
tkm,2001,3.02
tkm,2002,2.83
tkm,2003,2.16
tkm,2004,0.93
tkm,2005,0.79
tkm,2006,0.73
tkm,2007,0.66
tkm,2008,0.6
tkm,2009,0.52
tkm,2010,0.49
tkm,2011,0.49
tkm,2012,0.5
tkm,2013,0.48
tkm,2014,0.5
tkm,2015,0.48
tkm,2016,0.45
tkm,2017,0.43
tkm,2018,0.42
tkm,2019,0.4
tkm,2020,0.39
tkm,2021,0.39
tls,1990,0.51
tls,1991,0.5
tls,1992,0.49
tls,1993,0.48
tls,1994,0.47
tls,1995,0.45
tls,1996,0.44
tls,1997,0.42
tls,1998,0.41
tls,1999,0.41
tls,2000,0.41
tls,2001,0.4
tls,2002,0.37
tls,2003,0.38
tls,2004,0.34
tls,2005,0.34
tls,2006,0.33
tls,2007,0.33
tls,2008,0.32
tls,2009,0.33
tls,2010,0.33
tls,2011,0.36
tls,2012,0.37
tls,2013,0.37
tls,2014,0.37
tls,2015,0.36
tls,2016,0.36
tls,2017,0.36
tls,2018,0.36
tls,2019,0.35
tls,2020,0.35
tls,2021,0.35
ton,1990,1.84
ton,1991,1.81
ton,1992,1.76
ton,1993,1.75
ton,1994,1.74
ton,1995,1.71
ton,1996,1.7
ton,1997,1.71
ton,1998,1.75
ton,1999,1.83
ton,2000,1.8
ton,2001,1.75
ton,2002,1.73
ton,2003,1.7
ton,2004,1.65
ton,2005,1.6
ton,2006,1.58
ton,2007,1.59
ton,2008,1.58
ton,2009,1.58
ton,2010,1.59
ton,2011,1.58
ton,2012,1.55
ton,2013,1.53
ton,2014,1.5
ton,2015,1.48
ton,2016,1.46
ton,2017,1.43
ton,2018,1.4
ton,2019,1.38
ton,2020,1.36
ton,2021,1.35
tto,1990,0.9
tto,1991,0.93
tto,1992,1.05
tto,1993,1.12
tto,1994,0.76
tto,1995,0.61
tto,1996,0.52
tto,1997,0.43
tto,1998,0.36
tto,1999,0.33
tto,2000,0.25
tto,2001,0.22
tto,2002,0.19
tto,2003,0.18
tto,2004,0.19
tto,2005,0.18
tto,2006,0.15
tto,2007,0.13
tto,2008,0.15
tto,2009,0.17
tto,2010,0.16
tto,2011,0.13
tto,2012,0.12
tto,2013,0.12
tto,2014,0.12
tto,2015,0.11
tto,2016,0.12
tto,2017,0.12
tto,2018,0.11
tto,2019,0.11
tto,2020,0.11
tto,2021,0.11
tun,1990,1.24
tun,1991,1.24
tun,1992,1.22
tun,1993,1.2
tun,1994,1.17
tun,1995,1.15
tun,1996,1.12
tun,1997,1.08
tun,1998,1.05
tun,1999,1.03
tun,2000,1
tun,2001,0.98
tun,2002,0.96
tun,2003,0.94
tun,2004,0.91
tun,2005,0.88
tun,2006,0.85
tun,2007,0.82
tun,2008,0.8
tun,2009,0.77
tun,2010,0.75
tun,2011,0.73
tun,2012,0.71
tun,2013,0.69
tun,2014,0.67
tun,2015,0.66
tun,2016,0.65
tun,2017,0.63
tun,2018,0.61
tun,2019,0.59
tun,2020,0.57
tun,2021,0.57
tur,1990,0.91
tur,1991,0.82
tur,1992,0.79
tur,1993,0.76
tur,1994,0.77
tur,1995,0.72
tur,1996,0.68
tur,1997,0.65
tur,1998,0.62
tur,1999,0.59
tur,2000,0.55
tur,2001,0.51
tur,2002,0.49
tur,2003,0.53
tur,2004,0.55
tur,2005,0.57
tur,2006,0.57
tur,2007,0.57
tur,2008,0.56
tur,2009,0.57
tur,2010,0.57
tur,2011,0.56
tur,2012,0.55
tur,2013,0.56
tur,2014,0.57
tur,2015,0.55
tur,2016,0.54
tur,2017,0.52
tur,2018,0.49
tur,2019,0.47
tur,2020,0.45
tur,2021,0.43
tuv,1990,0.93
tuv,1991,0.9
tuv,1992,0.87
tuv,1993,0.84
tuv,1994,0.81
tuv,1995,0.8
tuv,1996,0.78
tuv,1997,0.78
tuv,1998,0.76
tuv,1999,0.75
tuv,2000,0.72
tuv,2001,0.7
tuv,2002,0.67
tuv,2003,0.65
tuv,2004,0.63
tuv,2005,0.62
tuv,2006,0.61
tuv,2007,0.6
tuv,2008,0.59
tuv,2009,0.58
tuv,2010,0.57
tuv,2011,0.56
tuv,2012,0.55
tuv,2013,0.54
tuv,2014,0.53
tuv,2015,0.52
tuv,2016,0.51
tuv,2017,0.5
tuv,2018,0.48
tuv,2019,0.47
tuv,2020,0.46
tuv,2021,0.45
twn,1990,2.87
twn,1991,2.65
twn,1992,2.39
twn,1993,2.2
twn,1994,1.84
twn,1995,1.63
twn,1996,1.47
twn,1997,1.24
twn,1998,1.06
twn,1999,0.99
twn,2000,0.98
twn,2001,0.88
twn,2002,0.77
twn,2003,0.71
twn,2004,0.78
twn,2005,0.81
twn,2006,0.73
twn,2007,0.63
twn,2008,0.67
twn,2009,0.7
twn,2010,0.69
twn,2011,0.71
twn,2012,0.72
twn,2013,0.69
twn,2014,0.68
twn,2015,0.64
twn,2016,0.64
twn,2017,0.57
twn,2018,0.55
twn,2019,0.54
twn,2020,0.51
twn,2021,0.5
tza,1990,2.33
tza,1991,2.3
tza,1992,2.28
tza,1993,2.26
tza,1994,2.24
tza,1995,2.22
tza,1996,2.19
tza,1997,2.61
tza,1998,2.14
tza,1999,2.09
tza,2000,2.04
tza,2001,1.98
tza,2002,1.95
tza,2003,1.95
tza,2004,1.92
tza,2005,1.89
tza,2006,1.87
tza,2007,1.83
tza,2008,1.78
tza,2009,1.76
tza,2010,1.7
tza,2011,1.65
tza,2012,1.61
tza,2013,1.57
tza,2014,1.51
tza,2015,1.5
tza,2016,1.46
tza,2017,1.42
tza,2018,1.37
tza,2019,1.33
tza,2020,1.29
tza,2021,1.25
uga,1990,2.26
uga,1991,2.34
uga,1992,2.36
uga,1993,2.4
uga,1994,2.44
uga,1995,2.46
uga,1996,2.47
uga,1997,2.45
uga,1998,2.44
uga,1999,2.41
uga,2000,2.4
uga,2001,2.37
uga,2002,2.32
uga,2003,2.26
uga,2004,2.25
uga,2005,2.19
uga,2006,2.12
uga,2007,2.05
uga,2008,1.97
uga,2009,1.92
uga,2010,1.89
uga,2011,1.85
uga,2012,1.8
uga,2013,1.81
uga,2014,1.8
uga,2015,1.76
uga,2016,1.76
uga,2017,1.67
uga,2018,1.61
uga,2019,1.56
uga,2020,1.56
uga,2021,1.52
ukr,1990,3.93
ukr,1991,4.57
ukr,1992,5.23
ukr,1993,5.62
ukr,1994,5.97
ukr,1995,6.8
ukr,1996,6.8
ukr,1997,6.38
ukr,1998,5.73
ukr,1999,5.93
ukr,2000,6.37
ukr,2001,6.47
ukr,2002,6.68
ukr,2003,6.46
ukr,2004,6.32
ukr,2005,5.29
ukr,2006,4.49
ukr,2007,4.3
ukr,2008,4.02
ukr,2009,3.08
ukr,2010,2.57
ukr,2011,2.39
ukr,2012,2.33
ukr,2013,2.06
ukr,2014,2
ukr,2015,1.71
ukr,2016,1.66
ukr,2017,1.65
ukr,2018,1.65
ukr,2019,1.66
ukr,2020,1.58
ukr,2021,1.59
ury,1990,0.88
ury,1991,0.86
ury,1992,0.84
ury,1993,0.84
ury,1994,0.81
ury,1995,0.8
ury,1996,0.77
ury,1997,0.74
ury,1998,0.65
ury,1999,0.66
ury,2000,0.66
ury,2001,0.6
ury,2002,0.62
ury,2003,0.63
ury,2004,0.69
ury,2005,0.79
ury,2006,0.64
ury,2007,0.72
ury,2008,0.64
ury,2009,0.6
ury,2010,0.61
ury,2011,0.64
ury,2012,0.65
ury,2013,0.64
ury,2014,0.57
ury,2015,0.55
ury,2016,0.51
ury,2017,0.51
ury,2018,0.51
ury,2019,0.5
ury,2020,0.46
ury,2021,0.48
usa,1990,0.45
usa,1991,0.42
usa,1992,0.38
usa,1993,0.38
usa,1994,0.37
usa,1995,0.35
usa,1996,0.34
usa,1997,0.32
usa,1998,0.29
usa,1999,0.29
usa,2000,0.3
usa,2001,0.3
usa,2002,0.33
usa,2003,0.33
usa,2004,0.32
usa,2005,0.34
usa,2006,0.34
usa,2007,0.35
usa,2008,0.35
usa,2009,0.36
usa,2010,0.35
usa,2011,0.36
usa,2012,0.35
usa,2013,0.34
usa,2014,0.35
usa,2015,0.37
usa,2016,0.4
usa,2017,0.4
usa,2018,0.38
usa,2019,0.39
usa,2020,0.38
usa,2021,0.37
uzb,1990,1.17
uzb,1991,1.47
uzb,1992,1.52
uzb,1993,1.75
uzb,1994,1.85
uzb,1995,1.91
uzb,1996,1.98
uzb,1997,1.91
uzb,1998,1.94
uzb,1999,2.12
uzb,2000,2.5
uzb,2001,2.4
uzb,2002,2.33
uzb,2003,2.24
uzb,2004,2.1
uzb,2005,1.69
uzb,2006,0.96
uzb,2007,0.8
uzb,2008,0.74
uzb,2009,0.69
uzb,2010,0.65
uzb,2011,0.63
uzb,2012,0.69
uzb,2013,0.69
uzb,2014,0.71
uzb,2015,0.68
uzb,2016,0.76
uzb,2017,0.75
uzb,2018,0.79
uzb,2019,0.71
uzb,2020,0.69
uzb,2021,0.67
vct,1990,0.89
vct,1991,0.85
vct,1992,0.72
vct,1993,0.57
vct,1994,0.53
vct,1995,0.51
vct,1996,0.47
vct,1997,0.4
vct,1998,0.33
vct,1999,0.31
vct,2000,0.24
vct,2001,0.2
vct,2002,0.18
vct,2003,0.17
vct,2004,0.18
vct,2005,0.17
vct,2006,0.14
vct,2007,0.12
vct,2008,0.13
vct,2009,0.15
vct,2010,0.15
vct,2011,0.12
vct,2012,0.12
vct,2013,0.14
vct,2014,0.13
vct,2015,0.13
vct,2016,0.1
vct,2017,0.1
vct,2018,0.1
vct,2019,0.1
vct,2020,0.09
vct,2021,0.09
ven,1990,0.6
ven,1991,0.59
ven,1992,0.58
ven,1993,0.57
ven,1994,0.57
ven,1995,0.56
ven,1996,0.54
ven,1997,0.45
ven,1998,0.42
ven,1999,0.4
ven,2000,0.39
ven,2001,0.39
ven,2002,0.4
ven,2003,0.39
ven,2004,0.37
ven,2005,0.38
ven,2006,0.38
ven,2007,0.37
ven,2008,0.38
ven,2009,0.37
ven,2010,0.33
ven,2011,0.34
ven,2012,0.35
ven,2013,0.33
ven,2014,0.29
ven,2015,0.3
ven,2016,0.35
ven,2017,0.34
ven,2018,0.35
ven,2019,0.36
ven,2020,0.37
ven,2021,0.39
vir,1990,0.6
vir,1991,0.58
vir,1992,0.56
vir,1993,0.55
vir,1994,0.55
vir,1995,0.53
vir,1996,0.5
vir,1997,0.47
vir,1998,0.44
vir,1999,0.39
vir,2000,0.37
vir,2001,0.34
vir,2002,0.32
vir,2003,0.3
vir,2004,0.29
vir,2005,0.27
vir,2006,0.25
vir,2007,0.24
vir,2008,0.24
vir,2009,0.24
vir,2010,0.23
vir,2011,0.23
vir,2012,0.24
vir,2013,0.24
vir,2014,0.24
vir,2015,0.25
vir,2016,0.25
vir,2017,0.25
vir,2018,0.25
vir,2019,0.25
vir,2020,0.26
vir,2021,0.21
vnm,1990,1.48
vnm,1991,1.46
vnm,1992,1.44
vnm,1993,1.41
vnm,1994,1.38
vnm,1995,1.36
vnm,1996,1.33
vnm,1997,1.31
vnm,1998,1.29
vnm,1999,1.27
vnm,2000,1.25
vnm,2001,1.25
vnm,2002,1.25
vnm,2003,1.25
vnm,2004,1.25
vnm,2005,1.25
vnm,2006,1.24
vnm,2007,1.23
vnm,2008,1.21
vnm,2009,1.19
vnm,2010,1.17
vnm,2011,1.14
vnm,2012,1.11
vnm,2013,1.08
vnm,2014,1.05
vnm,2015,1.03
vnm,2016,1
vnm,2017,0.97
vnm,2018,0.94
vnm,2019,0.92
vnm,2020,0.9
vnm,2021,0.88
vut,1990,0.88
vut,1991,0.89
vut,1992,0.9
vut,1993,0.89
vut,1994,0.9
vut,1995,0.88
vut,1996,0.88
vut,1997,0.87
vut,1998,0.86
vut,1999,0.88
vut,2000,0.86
vut,2001,0.85
vut,2002,0.82
vut,2003,0.78
vut,2004,0.76
vut,2005,0.77
vut,2006,0.75
vut,2007,0.76
vut,2008,0.74
vut,2009,0.72
vut,2010,0.7
vut,2011,0.69
vut,2012,0.67
vut,2013,0.66
vut,2014,0.65
vut,2015,0.64
vut,2016,0.63
vut,2017,0.63
vut,2018,0.62
vut,2019,0.61
vut,2020,0.6
vut,2021,0.58
wsm,1990,0.62
wsm,1991,0.61
wsm,1992,0.6
wsm,1993,0.59
wsm,1994,0.58
wsm,1995,0.57
wsm,1996,0.55
wsm,1997,0.54
wsm,1998,0.53
wsm,1999,0.52
wsm,2000,0.51
wsm,2001,0.49
wsm,2002,0.47
wsm,2003,0.45
wsm,2004,0.44
wsm,2005,0.42
wsm,2006,0.41
wsm,2007,0.4
wsm,2008,0.39
wsm,2009,0.39
wsm,2010,0.39
wsm,2011,0.38
wsm,2012,0.39
wsm,2013,0.39
wsm,2014,0.39
wsm,2015,0.38
wsm,2016,0.38
wsm,2017,0.38
wsm,2018,0.37
wsm,2019,0.36
wsm,2020,0.36
wsm,2021,0.35
yem,1990,2.54
yem,1991,2.48
yem,1992,2.45
yem,1993,2.42
yem,1994,2.4
yem,1995,2.36
yem,1996,2.32
yem,1997,2.27
yem,1998,2.21
yem,1999,2.17
yem,2000,2.12
yem,2001,2.07
yem,2002,2.06
yem,2003,2.02
yem,2004,2
yem,2005,1.94
yem,2006,1.88
yem,2007,1.85
yem,2008,1.83
yem,2009,1.75
yem,2010,1.61
yem,2011,1.57
yem,2012,1.5
yem,2013,1.49
yem,2014,1.45
yem,2015,1.45
yem,2016,1.41
yem,2017,1.37
yem,2018,1.35
yem,2019,1.39
yem,2020,1.39
yem,2021,1.37
zaf,1990,1.84
zaf,1991,1.81
zaf,1992,1.85
zaf,1993,1.73
zaf,1994,1.72
zaf,1995,1.65
zaf,1996,1.58
zaf,1997,1.65
zaf,1998,1.65
zaf,1999,1.61
zaf,2000,1.68
zaf,2001,1.68
zaf,2002,1.75
zaf,2003,1.83
zaf,2004,1.85
zaf,2005,1.8
zaf,2006,1.75
zaf,2007,1.67
zaf,2008,1.62
zaf,2009,1.56
zaf,2010,1.49
zaf,2011,1.43
zaf,2012,1.37
zaf,2013,1.3
zaf,2014,1.26
zaf,2015,1.25
zaf,2016,1.23
zaf,2017,1.2
zaf,2018,1.18
zaf,2019,1.18
zaf,2020,1.16
zaf,2021,1.15
zmb,1990,2.69
zmb,1991,2.73
zmb,1992,2.78
zmb,1993,2.83
zmb,1994,2.89
zmb,1995,2.93
zmb,1996,2.94
zmb,1997,2.92
zmb,1998,2.89
zmb,1999,2.85
zmb,2000,2.83
zmb,2001,2.75
zmb,2002,2.69
zmb,2003,2.64
zmb,2004,2.63
zmb,2005,2.58
zmb,2006,2.52
zmb,2007,2.43
zmb,2008,2.37
zmb,2009,2.28
zmb,2010,2.24
zmb,2011,2.17
zmb,2012,2.09
zmb,2013,2.01
zmb,2014,1.94
zmb,2015,1.88
zmb,2016,1.81
zmb,2017,1.77
zmb,2018,1.71
zmb,2019,1.66
zmb,2020,1.61
zmb,2021,1.53
zwe,1990,2.78
zwe,1991,2.65
zwe,1992,2.62
zwe,1993,2.53
zwe,1994,2.61
zwe,1995,2.59
zwe,1996,2.5
zwe,1997,2.53
zwe,1998,2.66
zwe,1999,2.86
zwe,2000,3.1
zwe,2001,3.22
zwe,2002,3.36
zwe,2003,3.47
zwe,2004,3.54
zwe,2005,3.63
zwe,2006,3.65
zwe,2007,3.55
zwe,2008,3.77
zwe,2009,3.8
zwe,2010,3.8
zwe,2011,3.81
zwe,2012,3.77
zwe,2013,3.64
zwe,2014,3.55
zwe,2015,3.54
zwe,2016,3.57
zwe,2017,3.49
zwe,2018,3.53
zwe,2019,3.51
zwe,2020,3.46
zwe,2021,3.49
