geo,time,falls_deaths_per_100000_people
afg,1990,18.29
afg,1991,18.31
afg,1992,18.17
afg,1993,17.89
afg,1994,17.68
afg,1995,17.62
afg,1996,17.66
afg,1997,17.68
afg,1998,17.64
afg,1999,17.59
afg,2000,17.66
afg,2001,17.73
afg,2002,17.41
afg,2003,17.65
afg,2004,17.72
afg,2005,17.62
afg,2006,17.4
afg,2007,17.17
afg,2008,16.88
afg,2009,16.67
afg,2010,16.58
afg,2011,16.39
afg,2012,16.28
afg,2013,16.3
afg,2014,16.24
afg,2015,16.2
afg,2016,16.16
afg,2017,16.13
afg,2018,15.98
afg,2019,15.99
afg,2020,15.63
afg,2021,15.34
ago,1990,11.8
ago,1991,11.76
ago,1992,11.74
ago,1993,11.84
ago,1994,11.93
ago,1995,11.86
ago,1996,11.58
ago,1997,11.48
ago,1998,11.66
ago,1999,11.74
ago,2000,11.7
ago,2001,11.58
ago,2002,11.52
ago,2003,11.52
ago,2004,11.6
ago,2005,11.47
ago,2006,11.5
ago,2007,11.43
ago,2008,11.49
ago,2009,11.53
ago,2010,11.54
ago,2011,11.54
ago,2012,11.51
ago,2013,11.44
ago,2014,11.24
ago,2015,11.19
ago,2016,11.12
ago,2017,11.18
ago,2018,11.2
ago,2019,11.27
ago,2020,11.32
ago,2021,11.31
alb,1990,3.48
alb,1991,3.49
alb,1992,3.38
alb,1993,3.27
alb,1994,3.15
alb,1995,3.18
alb,1996,3.22
alb,1997,3.24
alb,1998,3.22
alb,1999,3.16
alb,2000,3.13
alb,2001,3.08
alb,2002,3.08
alb,2003,3.1
alb,2004,3.05
alb,2005,2.99
alb,2006,2.91
alb,2007,2.81
alb,2008,2.78
alb,2009,2.74
alb,2010,2.75
alb,2011,2.76
alb,2012,2.76
alb,2013,2.76
alb,2014,2.76
alb,2015,2.74
alb,2016,2.75
alb,2017,2.71
alb,2018,2.65
alb,2019,2.59
alb,2020,2.43
alb,2021,2.42
and,1990,9.27
and,1991,9.15
and,1992,9.1
and,1993,9.22
and,1994,9.27
and,1995,9.26
and,1996,9.24
and,1997,9.15
and,1998,9.06
and,1999,8.94
and,2000,8.87
and,2001,8.68
and,2002,8.46
and,2003,8.34
and,2004,8.23
and,2005,8.07
and,2006,7.96
and,2007,7.67
and,2008,7.68
and,2009,7.68
and,2010,7.64
and,2011,7.62
and,2012,7.44
and,2013,7.47
and,2014,7.44
and,2015,7.35
and,2016,7.36
and,2017,7.3
and,2018,7.21
and,2019,7
and,2020,5.81
and,2021,5.78
are,1990,11.45
are,1991,11.27
are,1992,10.19
are,1993,9.74
are,1994,9.48
are,1995,8.9
are,1996,8.61
are,1997,8.72
are,1998,9.42
are,1999,9.87
are,2000,10.46
are,2001,10.8
are,2002,9.89
are,2003,9.52
are,2004,10.12
are,2005,10.69
are,2006,11.4
are,2007,12.9
are,2008,13.45
are,2009,12.99
are,2010,11.59
are,2011,11.31
are,2012,10.75
are,2013,11.4
are,2014,11.98
are,2015,12.12
are,2016,12.58
are,2017,12.07
are,2018,11.59
are,2019,10.98
are,2020,8.71
are,2021,7.87
arg,1990,5.44
arg,1991,5.13
arg,1992,4.86
arg,1993,4.83
arg,1994,4.57
arg,1995,4.45
arg,1996,4.55
arg,1997,4.53
arg,1998,4.47
arg,1999,4.32
arg,2000,4
arg,2001,3.78
arg,2002,4
arg,2003,4.31
arg,2004,4.33
arg,2005,4.31
arg,2006,4.27
arg,2007,4.26
arg,2008,3.92
arg,2009,3.57
arg,2010,3.47
arg,2011,3.53
arg,2012,3.6
arg,2013,3.64
arg,2014,3.65
arg,2015,3.83
arg,2016,3.79
arg,2017,3.67
arg,2018,3.71
arg,2019,3.65
arg,2020,3.44
arg,2021,3.18
arm,1990,6.66
arm,1991,6.39
arm,1992,6.9
arm,1993,7.49
arm,1994,6.65
arm,1995,5.51
arm,1996,4.75
arm,1997,4.24
arm,1998,3.82
arm,1999,3.61
arm,2000,3.37
arm,2001,3.31
arm,2002,3.32
arm,2003,3.46
arm,2004,3.37
arm,2005,3.21
arm,2006,3.13
arm,2007,3.09
arm,2008,3.09
arm,2009,3.09
arm,2010,3.17
arm,2011,3.4
arm,2012,3.5
arm,2013,3.45
arm,2014,3.32
arm,2015,3.12
arm,2016,2.92
arm,2017,2.77
arm,2018,2.71
arm,2019,3.2
arm,2020,3.11
arm,2021,3.03
asm,1990,8.29
asm,1991,8.21
asm,1992,8.12
asm,1993,7.97
asm,1994,7.92
asm,1995,7.85
asm,1996,7.78
asm,1997,7.73
asm,1998,7.65
asm,1999,7.65
asm,2000,7.63
asm,2001,7.6
asm,2002,7.52
asm,2003,7.42
asm,2004,7.65
asm,2005,7.73
asm,2006,7.88
asm,2007,7.96
asm,2008,8.08
asm,2009,8.19
asm,2010,8.37
asm,2011,8.51
asm,2012,8.56
asm,2013,8.46
asm,2014,8.43
asm,2015,8.42
asm,2016,8.39
asm,2017,8.28
asm,2018,8.18
asm,2019,8.1
asm,2020,8.48
asm,2021,7.95
atg,1990,3.24
atg,1991,3.42
atg,1992,3.47
atg,1993,3.79
atg,1994,3.83
atg,1995,3.99
atg,1996,3.88
atg,1997,3.89
atg,1998,3.78
atg,1999,3.83
atg,2000,3.73
atg,2001,3.57
atg,2002,3.41
atg,2003,3.38
atg,2004,3.36
atg,2005,3.38
atg,2006,3.47
atg,2007,4.09
atg,2008,4.15
atg,2009,4.37
atg,2010,4.32
atg,2011,4.27
atg,2012,4.2
atg,2013,4.33
atg,2014,4.44
atg,2015,4.58
atg,2016,4.65
atg,2017,4.53
atg,2018,4.52
atg,2019,4.5
atg,2020,4.24
atg,2021,3.97
aus,1990,5.27
aus,1991,4.76
aus,1992,4.6
aus,1993,4.38
aus,1994,4.52
aus,1995,4.56
aus,1996,4.73
aus,1997,4.81
aus,1998,5.06
aus,1999,5.15
aus,2000,5.4
aus,2001,5.33
aus,2002,5.54
aus,2003,5.66
aus,2004,5.88
aus,2005,6.11
aus,2006,5.98
aus,2007,6.13
aus,2008,6.66
aus,2009,6.69
aus,2010,7.04
aus,2011,7.44
aus,2012,7.6
aus,2013,7.61
aus,2014,8.23
aus,2015,8.74
aus,2016,8.87
aus,2017,8.74
aus,2018,8.57
aus,2019,8.67
aus,2020,8.08
aus,2021,8.31
aut,1990,12.7
aut,1991,11.99
aut,1992,11.19
aut,1993,10.35
aut,1994,9.71
aut,1995,9.07
aut,1996,9.07
aut,1997,8.48
aut,1998,8.43
aut,1999,8.33
aut,2000,8.24
aut,2001,8.32
aut,2002,8.39
aut,2003,8.89
aut,2004,8.97
aut,2005,9.43
aut,2006,9.08
aut,2007,9.04
aut,2008,9.18
aut,2009,9.29
aut,2010,9.26
aut,2011,9.21
aut,2012,9.24
aut,2013,9.15
aut,2014,9.01
aut,2015,9.02
aut,2016,8.96
aut,2017,9.14
aut,2018,9.44
aut,2019,9.68
aut,2020,9.58
aut,2021,8.95
aze,1990,4.08
aze,1991,4.11
aze,1992,4.25
aze,1993,4.23
aze,1994,4.13
aze,1995,3.88
aze,1996,3.65
aze,1997,3.47
aze,1998,3.32
aze,1999,3.19
aze,2000,3.06
aze,2001,2.9
aze,2002,2.84
aze,2003,2.83
aze,2004,2.84
aze,2005,2.87
aze,2006,2.82
aze,2007,2.79
aze,2008,2.77
aze,2009,2.74
aze,2010,2.73
aze,2011,2.69
aze,2012,2.65
aze,2013,2.63
aze,2014,2.6
aze,2015,2.55
aze,2016,2.52
aze,2017,2.52
aze,2018,2.45
aze,2019,2.4
aze,2020,2.21
aze,2021,2.18
bdi,1990,17.58
bdi,1991,17.69
bdi,1992,17.79
bdi,1993,17.95
bdi,1994,18.04
bdi,1995,18.1
bdi,1996,18.2
bdi,1997,18.14
bdi,1998,18.05
bdi,1999,17.91
bdi,2000,17.78
bdi,2001,17.44
bdi,2002,17.21
bdi,2003,16.94
bdi,2004,16.85
bdi,2005,16.63
bdi,2006,16.45
bdi,2007,16.11
bdi,2008,15.85
bdi,2009,15.81
bdi,2010,15.77
bdi,2011,15.75
bdi,2012,15.64
bdi,2013,15.53
bdi,2014,15.45
bdi,2015,15.33
bdi,2016,15.23
bdi,2017,15.26
bdi,2018,15.26
bdi,2019,15.34
bdi,2020,15.29
bdi,2021,15.32
bel,1990,9.27
bel,1991,9.4
bel,1992,9.34
bel,1993,9.42
bel,1994,9.08
bel,1995,8.58
bel,1996,8.53
bel,1997,8.62
bel,1998,9.48
bel,1999,9.76
bel,2000,10.38
bel,2001,10.57
bel,2002,10.68
bel,2003,10.9
bel,2004,10.29
bel,2005,10.07
bel,2006,9.79
bel,2007,10.04
bel,2008,10.45
bel,2009,10.56
bel,2010,10.66
bel,2011,10.41
bel,2012,10.73
bel,2013,10.66
bel,2014,10.38
bel,2015,10.66
bel,2016,10.49
bel,2017,10.53
bel,2018,10.77
bel,2019,10.44
bel,2020,10.01
bel,2021,9.62
ben,1990,15.19
ben,1991,15.23
ben,1992,15.24
ben,1993,15.22
ben,1994,15.25
ben,1995,15.26
ben,1996,15.25
ben,1997,15.22
ben,1998,15.17
ben,1999,15.08
ben,2000,15.1
ben,2001,14.83
ben,2002,14.73
ben,2003,14.42
ben,2004,14.23
ben,2005,14.06
ben,2006,14.03
ben,2007,13.85
ben,2008,13.88
ben,2009,13.92
ben,2010,13.97
ben,2011,13.97
ben,2012,13.94
ben,2013,13.86
ben,2014,13.66
ben,2015,13.56
ben,2016,13.36
ben,2017,13.2
ben,2018,12.94
ben,2019,12.87
ben,2020,12.91
ben,2021,12.77
bfa,1990,20.3
bfa,1991,20.12
bfa,1992,20.1
bfa,1993,20.14
bfa,1994,20.19
bfa,1995,20.22
bfa,1996,20.2
bfa,1997,20.25
bfa,1998,20.33
bfa,1999,20.13
bfa,2000,20.27
bfa,2001,19.7
bfa,2002,19.46
bfa,2003,19.2
bfa,2004,19.09
bfa,2005,18.94
bfa,2006,18.97
bfa,2007,18.61
bfa,2008,18.51
bfa,2009,18.29
bfa,2010,18.4
bfa,2011,18.53
bfa,2012,18.59
bfa,2013,18.71
bfa,2014,18.54
bfa,2015,18.62
bfa,2016,18.74
bfa,2017,18.6
bfa,2018,18.31
bfa,2019,18.1
bfa,2020,17.9
bfa,2021,17.87
bgd,1990,5.26
bgd,1991,5.2
bgd,1992,5.24
bgd,1993,5.28
bgd,1994,5.32
bgd,1995,5.44
bgd,1996,5.51
bgd,1997,5.57
bgd,1998,5.63
bgd,1999,5.88
bgd,2000,6.03
bgd,2001,6.13
bgd,2002,6.32
bgd,2003,6.36
bgd,2004,6.25
bgd,2005,6.22
bgd,2006,6.28
bgd,2007,6.38
bgd,2008,6.33
bgd,2009,6.22
bgd,2010,6.12
bgd,2011,5.67
bgd,2012,5.22
bgd,2013,5.04
bgd,2014,4.95
bgd,2015,4.76
bgd,2016,4.68
bgd,2017,4.7
bgd,2018,4.59
bgd,2019,4.49
bgd,2020,4.4
bgd,2021,4.33
bgr,1990,7.14
bgr,1991,6.47
bgr,1992,6.81
bgr,1993,7.06
bgr,1994,7.4
bgr,1995,7.25
bgr,1996,6.55
bgr,1997,6.39
bgr,1998,5.99
bgr,1999,5.79
bgr,2000,5.89
bgr,2001,5.76
bgr,2002,5.49
bgr,2003,5.47
bgr,2004,5.53
bgr,2005,5.68
bgr,2006,5.54
bgr,2007,5.4
bgr,2008,5.31
bgr,2009,4.96
bgr,2010,4.77
bgr,2011,4.74
bgr,2012,4.78
bgr,2013,5.14
bgr,2014,5.41
bgr,2015,5.21
bgr,2016,4.94
bgr,2017,4.95
bgr,2018,5.06
bgr,2019,5.02
bgr,2020,4.84
bgr,2021,4.86
bhr,1990,5.6
bhr,1991,5.68
bhr,1992,5.72
bhr,1993,5.76
bhr,1994,5.98
bhr,1995,6.06
bhr,1996,6.03
bhr,1997,6.09
bhr,1998,6
bhr,1999,5.9
bhr,2000,5.88
bhr,2001,5.87
bhr,2002,5.81
bhr,2003,5.85
bhr,2004,5.8
bhr,2005,5.74
bhr,2006,5.56
bhr,2007,5.38
bhr,2008,5.22
bhr,2009,5.12
bhr,2010,5.2
bhr,2011,5.11
bhr,2012,4.95
bhr,2013,4.57
bhr,2014,4.02
bhr,2015,3.95
bhr,2016,4.02
bhr,2017,4.04
bhr,2018,3.98
bhr,2019,3.93
bhr,2020,3.95
bhr,2021,3.97
bhs,1990,4.28
bhs,1991,4.6
bhs,1992,4.73
bhs,1993,4.78
bhs,1994,4.87
bhs,1995,5.05
bhs,1996,5.26
bhs,1997,5.34
bhs,1998,5.27
bhs,1999,5.45
bhs,2000,5.34
bhs,2001,5.3
bhs,2002,5.26
bhs,2003,5.57
bhs,2004,5.25
bhs,2005,4.88
bhs,2006,4.84
bhs,2007,5.01
bhs,2008,5.15
bhs,2009,5.49
bhs,2010,5.43
bhs,2011,5.39
bhs,2012,5.46
bhs,2013,5.6
bhs,2014,6.17
bhs,2015,6.17
bhs,2016,6.26
bhs,2017,6.07
bhs,2018,6
bhs,2019,5.96
bhs,2020,5.83
bhs,2021,5.77
bih,1990,3.28
bih,1991,3.38
bih,1992,3.4
bih,1993,3.44
bih,1994,3.45
bih,1995,3.44
bih,1996,3.41
bih,1997,3.43
bih,1998,3.31
bih,1999,3.18
bih,2000,3.08
bih,2001,2.94
bih,2002,2.86
bih,2003,2.8
bih,2004,2.73
bih,2005,2.76
bih,2006,2.72
bih,2007,2.78
bih,2008,2.69
bih,2009,2.66
bih,2010,2.6
bih,2011,2.6
bih,2012,2.52
bih,2013,2.49
bih,2014,2.44
bih,2015,2.49
bih,2016,2.51
bih,2017,2.48
bih,2018,2.47
bih,2019,2.48
bih,2020,2.43
bih,2021,2.26
blr,1990,6.81
blr,1991,7.27
blr,1992,8.16
blr,1993,9.42
blr,1994,9.8
blr,1995,10.46
blr,1996,10.14
blr,1997,9.93
blr,1998,10.3
blr,1999,10.89
blr,2000,10.2
blr,2001,10.88
blr,2002,12.33
blr,2003,12.18
blr,2004,11.9
blr,2005,12.44
blr,2006,12.09
blr,2007,11.24
blr,2008,11.72
blr,2009,11.57
blr,2010,11.15
blr,2011,11.19
blr,2012,9.27
blr,2013,8.53
blr,2014,7.74
blr,2015,7.24
blr,2016,7.77
blr,2017,8.52
blr,2018,8.77
blr,2019,8.86
blr,2020,8.83
blr,2021,8.87
blz,1990,3.36
blz,1991,3.41
blz,1992,3.41
blz,1993,3.42
blz,1994,3.48
blz,1995,3.88
blz,1996,4.35
blz,1997,4.95
blz,1998,5.36
blz,1999,5.81
blz,2000,5.8
blz,2001,5.44
blz,2002,5.01
blz,2003,4.91
blz,2004,5.01
blz,2005,4.92
blz,2006,4.94
blz,2007,5.05
blz,2008,4.89
blz,2009,4.89
blz,2010,4.95
blz,2011,4.94
blz,2012,4.81
blz,2013,4.94
blz,2014,5.1
blz,2015,5.26
blz,2016,5.22
blz,2017,5.21
blz,2018,5.26
blz,2019,5.16
blz,2020,4.76
blz,2021,4.76
bmu,1990,4.77
bmu,1991,4.69
bmu,1992,4.54
bmu,1993,4.25
bmu,1994,4.19
bmu,1995,4.23
bmu,1996,4.4
bmu,1997,4.45
bmu,1998,4.16
bmu,1999,4.14
bmu,2000,4
bmu,2001,3.85
bmu,2002,3.77
bmu,2003,3.7
bmu,2004,3.57
bmu,2005,3.51
bmu,2006,3.46
bmu,2007,3.51
bmu,2008,3.59
bmu,2009,3.63
bmu,2010,3.51
bmu,2011,3.43
bmu,2012,3.41
bmu,2013,3.52
bmu,2014,3.61
bmu,2015,3.71
bmu,2016,3.74
bmu,2017,3.78
bmu,2018,3.73
bmu,2019,3.72
bmu,2020,3.56
bmu,2021,3.72
bol,1990,10.55
bol,1991,10.48
bol,1992,10.38
bol,1993,10.3
bol,1994,10.2
bol,1995,10.15
bol,1996,10.05
bol,1997,10.05
bol,1998,9.98
bol,1999,9.91
bol,2000,9.8
bol,2001,9.65
bol,2002,9.58
bol,2003,9.46
bol,2004,9.35
bol,2005,9.28
bol,2006,9.2
bol,2007,9.19
bol,2008,9.15
bol,2009,9.11
bol,2010,9.07
bol,2011,9.03
bol,2012,8.97
bol,2013,8.9
bol,2014,8.84
bol,2015,8.79
bol,2016,8.74
bol,2017,8.71
bol,2018,8.65
bol,2019,8.58
bol,2020,8.46
bol,2021,8.3
bra,1990,8.58
bra,1991,8.63
bra,1992,8.38
bra,1993,8.21
bra,1994,8.06
bra,1995,8.11
bra,1996,8.04
bra,1997,7.87
bra,1998,7.66
bra,1999,7.57
bra,2000,7.28
bra,2001,7.3
bra,2002,7.31
bra,2003,7.49
bra,2004,7.6
bra,2005,7.53
bra,2006,7.63
bra,2007,7.8
bra,2008,8.01
bra,2009,8.18
bra,2010,8.51
bra,2011,8.77
bra,2012,8.88
bra,2013,9.11
bra,2014,9.17
bra,2015,9.14
bra,2016,9.48
bra,2017,9.6
bra,2018,9.52
bra,2019,9.52
bra,2020,9.41
bra,2021,9.07
brb,1990,3.65
brb,1991,3.78
brb,1992,3.86
brb,1993,3.89
brb,1994,3.71
brb,1995,3.85
brb,1996,3.85
brb,1997,3.91
brb,1998,3.98
brb,1999,3.96
brb,2000,4.02
brb,2001,3.81
brb,2002,3.82
brb,2003,4.05
brb,2004,4.11
brb,2005,3.97
brb,2006,3.99
brb,2007,4.16
brb,2008,4.2
brb,2009,4.34
brb,2010,4.2
brb,2011,4.19
brb,2012,4.26
brb,2013,4.39
brb,2014,4.39
brb,2015,4.34
brb,2016,4.34
brb,2017,4.34
brb,2018,4.36
brb,2019,4.42
brb,2020,4.16
brb,2021,4.12
brn,1990,7.93
brn,1991,7.84
brn,1992,7.75
brn,1993,7.64
brn,1994,7.52
brn,1995,7.35
brn,1996,7.18
brn,1997,7
brn,1998,6.98
brn,1999,6.96
brn,2000,6.84
brn,2001,6.79
brn,2002,6.75
brn,2003,6.73
brn,2004,6.74
brn,2005,6.56
brn,2006,6.48
brn,2007,6.56
brn,2008,6.6
brn,2009,6.63
brn,2010,6.76
brn,2011,6.87
brn,2012,6.92
brn,2013,7.2
brn,2014,7.34
brn,2015,7.41
brn,2016,7.59
brn,2017,7.52
brn,2018,7.28
brn,2019,7.14
brn,2020,6.31
brn,2021,6.08
btn,1990,22.39
btn,1991,22.37
btn,1992,22.46
btn,1993,22.67
btn,1994,22.72
btn,1995,22.85
btn,1996,22.64
btn,1997,22.8
btn,1998,22.45
btn,1999,21.95
btn,2000,22.26
btn,2001,22.02
btn,2002,21.73
btn,2003,21.67
btn,2004,21.55
btn,2005,21.46
btn,2006,21.31
btn,2007,21.24
btn,2008,21.2
btn,2009,21.17
btn,2010,21.17
btn,2011,21.1
btn,2012,20.92
btn,2013,20.87
btn,2014,20.79
btn,2015,20.82
btn,2016,20.82
btn,2017,20.85
btn,2018,20.82
btn,2019,20.81
btn,2020,20.81
btn,2021,20.7
bwa,1990,5.28
bwa,1991,5.29
bwa,1992,5.33
bwa,1993,5.35
bwa,1994,5.36
bwa,1995,5.34
bwa,1996,5.26
bwa,1997,5.15
bwa,1998,4.92
bwa,1999,4.89
bwa,2000,4.95
bwa,2001,4.95
bwa,2002,4.92
bwa,2003,4.78
bwa,2004,4.58
bwa,2005,4.38
bwa,2006,4.2
bwa,2007,4.26
bwa,2008,4.33
bwa,2009,4.38
bwa,2010,4.43
bwa,2011,4.43
bwa,2012,4.29
bwa,2013,4.23
bwa,2014,4.13
bwa,2015,4.01
bwa,2016,3.78
bwa,2017,3.59
bwa,2018,3.47
bwa,2019,3.4
bwa,2020,3.39
bwa,2021,3.26
caf,1990,13.07
caf,1991,13.08
caf,1992,12.93
caf,1993,13.02
caf,1994,12.98
caf,1995,12.83
caf,1996,12.86
caf,1997,12.73
caf,1998,12.75
caf,1999,12.77
caf,2000,12.62
caf,2001,12.51
caf,2002,12.45
caf,2003,12.31
caf,2004,12.18
caf,2005,12.09
caf,2006,12.08
caf,2007,11.93
caf,2008,11.77
caf,2009,11.73
caf,2010,11.82
caf,2011,11.81
caf,2012,11.7
caf,2013,11.71
caf,2014,11.6
caf,2015,11.51
caf,2016,11.48
caf,2017,11.46
caf,2018,11.42
caf,2019,11.39
caf,2020,11.18
caf,2021,11.12
can,1990,7.01
can,1991,6.89
can,1992,6.93
can,1993,6.98
can,1994,7.19
can,1995,7.36
can,1996,7.61
can,1997,7.51
can,1998,7.33
can,1999,7.54
can,2000,7.68
can,2001,7.72
can,2002,8.06
can,2003,8.25
can,2004,8.19
can,2005,8.31
can,2006,8.31
can,2007,8.34
can,2008,8.6
can,2009,8.96
can,2010,9.28
can,2011,9.41
can,2012,9.39
can,2013,9.49
can,2014,9.6
can,2015,9.05
can,2016,9.14
can,2017,9.17
can,2018,9.38
can,2019,9.76
can,2020,9.61
can,2021,9.23
che,1990,16.37
che,1991,15.98
che,1992,15.27
che,1993,14.64
che,1994,13.41
che,1995,11.14
che,1996,10.31
che,1997,9.89
che,1998,9.69
che,1999,9.67
che,2000,10.01
che,2001,9.92
che,2002,9.86
che,2003,10.04
che,2004,9.91
che,2005,9.7
che,2006,9.86
che,2007,9.9
che,2008,9.95
che,2009,10.13
che,2010,10.46
che,2011,10.66
che,2012,10.85
che,2013,11.17
che,2014,10.95
che,2015,10.81
che,2016,10.88
che,2017,10.46
che,2018,10.26
che,2019,9.8
che,2020,9.9
che,2021,9.3
chl,1990,7.05
chl,1991,6.25
chl,1992,5.63
chl,1993,5.72
chl,1994,5.79
chl,1995,5.78
chl,1996,5.84
chl,1997,5.7
chl,1998,5.48
chl,1999,5.35
chl,2000,5.88
chl,2001,6.08
chl,2002,6.33
chl,2003,6.43
chl,2004,6.53
chl,2005,6.48
chl,2006,6.59
chl,2007,6.45
chl,2008,6.1
chl,2009,6.2
chl,2010,6.37
chl,2011,6.54
chl,2012,6.56
chl,2013,6.62
chl,2014,6.48
chl,2015,6.31
chl,2016,6.22
chl,2017,6.07
chl,2018,6.01
chl,2019,5.92
chl,2020,5.44
chl,2021,5.48
chn,1990,10.12
chn,1991,9.98
chn,1992,9.9
chn,1993,9.79
chn,1994,9.66
chn,1995,9.56
chn,1996,9.48
chn,1997,9.44
chn,1998,9.45
chn,1999,9.55
chn,2000,9.86
chn,2001,10.36
chn,2002,10.82
chn,2003,11.42
chn,2004,11.82
chn,2005,11.77
chn,2006,11.13
chn,2007,10.81
chn,2008,10.67
chn,2009,10.49
chn,2010,10.26
chn,2011,10
chn,2012,9.7
chn,2013,9.58
chn,2014,9.49
chn,2015,9.37
chn,2016,9.37
chn,2017,9.31
chn,2018,9.12
chn,2019,8.98
chn,2020,8.81
chn,2021,8.64
civ,1990,15.52
civ,1991,15.49
civ,1992,15.54
civ,1993,15.7
civ,1994,15.77
civ,1995,15.8
civ,1996,15.71
civ,1997,15.61
civ,1998,15.56
civ,1999,15.57
civ,2000,15.71
civ,2001,15.59
civ,2002,15.58
civ,2003,15.38
civ,2004,15.32
civ,2005,15.25
civ,2006,15.32
civ,2007,15.1
civ,2008,15.02
civ,2009,14.88
civ,2010,14.74
civ,2011,14.58
civ,2012,14.66
civ,2013,14.83
civ,2014,14.71
civ,2015,14.6
civ,2016,14.4
civ,2017,14.28
civ,2018,14.04
civ,2019,13.76
civ,2020,13.66
civ,2021,13.53
cmr,1990,16.11
cmr,1991,16.19
cmr,1992,16.32
cmr,1993,16.42
cmr,1994,16.42
cmr,1995,16.36
cmr,1996,16.29
cmr,1997,16.27
cmr,1998,16.17
cmr,1999,16.04
cmr,2000,16.09
cmr,2001,15.79
cmr,2002,15.76
cmr,2003,15.39
cmr,2004,15.17
cmr,2005,15.02
cmr,2006,15.01
cmr,2007,14.83
cmr,2008,14.83
cmr,2009,14.8
cmr,2010,14.73
cmr,2011,14.63
cmr,2012,14.55
cmr,2013,14.45
cmr,2014,14.26
cmr,2015,14.06
cmr,2016,13.88
cmr,2017,13.75
cmr,2018,13.57
cmr,2019,13.4
cmr,2020,13.25
cmr,2021,13.05
cod,1990,10.12
cod,1991,10.14
cod,1992,10.09
cod,1993,10.02
cod,1994,9.98
cod,1995,10.05
cod,1996,10.18
cod,1997,9.98
cod,1998,10
cod,1999,9.98
cod,2000,10.04
cod,2001,10.05
cod,2002,9.99
cod,2003,10.05
cod,2004,9.99
cod,2005,9.97
cod,2006,10.01
cod,2007,10.02
cod,2008,10.09
cod,2009,10.14
cod,2010,10.21
cod,2011,10.3
cod,2012,10.35
cod,2013,10.4
cod,2014,10.45
cod,2015,10.43
cod,2016,10.4
cod,2017,10.35
cod,2018,10.31
cod,2019,10.27
cod,2020,10.31
cod,2021,10.28
cog,1990,12.1
cog,1991,12
cog,1992,11.94
cog,1993,11.9
cog,1994,12.12
cog,1995,12.11
cog,1996,12.11
cog,1997,12.17
cog,1998,11.81
cog,1999,11.76
cog,2000,11.63
cog,2001,11.26
cog,2002,11.05
cog,2003,11.02
cog,2004,10.9
cog,2005,10.86
cog,2006,10.78
cog,2007,10.73
cog,2008,10.64
cog,2009,10.55
cog,2010,10.47
cog,2011,10.34
cog,2012,10.31
cog,2013,10.27
cog,2014,10.24
cog,2015,10.13
cog,2016,10
cog,2017,9.94
cog,2018,9.87
cog,2019,9.84
cog,2020,9.8
cog,2021,9.69
cok,1990,5.75
cok,1991,5.65
cok,1992,5.54
cok,1993,5.44
cok,1994,5.35
cok,1995,5.26
cok,1996,5.17
cok,1997,5.1
cok,1998,5.03
cok,1999,4.97
cok,2000,4.91
cok,2001,4.77
cok,2002,4.65
cok,2003,4.51
cok,2004,4.37
cok,2005,4.38
cok,2006,4.46
cok,2007,4.51
cok,2008,4.52
cok,2009,4.55
cok,2010,4.61
cok,2011,4.61
cok,2012,4.59
cok,2013,4.51
cok,2014,4.48
cok,2015,4.44
cok,2016,4.41
cok,2017,4.36
cok,2018,4.3
cok,2019,4.24
cok,2020,4.27
cok,2021,4.24
col,1990,7.99
col,1991,8.08
col,1992,7.99
col,1993,8.05
col,1994,7.63
col,1995,7.14
col,1996,6.76
col,1997,5.76
col,1998,5.19
col,1999,4.87
col,2000,4.52
col,2001,4.31
col,2002,4.18
col,2003,4.29
col,2004,4.41
col,2005,4.33
col,2006,4.35
col,2007,4.21
col,2008,4.33
col,2009,4.4
col,2010,4.2
col,2011,3.87
col,2012,3.68
col,2013,3.67
col,2014,3.62
col,2015,3.65
col,2016,3.61
col,2017,3.44
col,2018,3.52
col,2019,3.74
col,2020,3.78
col,2021,3.77
com,1990,14.56
com,1991,14.64
com,1992,14.67
com,1993,14.67
com,1994,14.72
com,1995,14.64
com,1996,14.62
com,1997,14.56
com,1998,14.42
com,1999,14.18
com,2000,14.12
com,2001,13.91
com,2002,13.77
com,2003,13.58
com,2004,13.25
com,2005,13.38
com,2006,13.12
com,2007,13.43
com,2008,13.52
com,2009,13.23
com,2010,13.02
com,2011,13.09
com,2012,12.94
com,2013,12.87
com,2014,13.26
com,2015,13.18
com,2016,13.13
com,2017,13.09
com,2018,12.95
com,2019,13.02
com,2020,13.14
com,2021,13.11
cpv,1990,6.43
cpv,1991,6.42
cpv,1992,6.4
cpv,1993,6.4
cpv,1994,6.36
cpv,1995,6.27
cpv,1996,6.21
cpv,1997,6.18
cpv,1998,6.06
cpv,1999,5.97
cpv,2000,5.89
cpv,2001,5.85
cpv,2002,5.82
cpv,2003,5.8
cpv,2004,5.78
cpv,2005,5.77
cpv,2006,5.58
cpv,2007,5.48
cpv,2008,5.45
cpv,2009,5.43
cpv,2010,5.42
cpv,2011,5.46
cpv,2012,5.45
cpv,2013,5.48
cpv,2014,5.55
cpv,2015,5.58
cpv,2016,5.7
cpv,2017,5.71
cpv,2018,6.25
cpv,2019,6.17
cpv,2020,6.12
cpv,2021,6.03
cri,1990,10.54
cri,1991,10.07
cri,1992,10.71
cri,1993,10.36
cri,1994,10.74
cri,1995,10.65
cri,1996,9.53
cri,1997,9.18
cri,1998,8.89
cri,1999,9.19
cri,2000,8.93
cri,2001,8.91
cri,2002,8.46
cri,2003,8.7
cri,2004,9.17
cri,2005,8.47
cri,2006,8.83
cri,2007,8.09
cri,2008,7.93
cri,2009,7.62
cri,2010,8.06
cri,2011,7.53
cri,2012,7.28
cri,2013,7.08
cri,2014,7.19
cri,2015,7.18
cri,2016,7.66
cri,2017,7.56
cri,2018,7.32
cri,2019,7.37
cri,2020,6.85
cri,2021,7.03
cub,1990,15.28
cub,1991,15.95
cub,1992,17.15
cub,1993,17.56
cub,1994,17.1
cub,1995,17.97
cub,1996,18.28
cub,1997,18.37
cub,1998,18.3
cub,1999,18.33
cub,2000,17.46
cub,2001,16.69
cub,2002,15.3
cub,2003,15.76
cub,2004,15.99
cub,2005,16.23
cub,2006,15.3
cub,2007,15.68
cub,2008,16.63
cub,2009,17.32
cub,2010,17.14
cub,2011,16.4
cub,2012,16.76
cub,2013,17.04
cub,2014,17.6
cub,2015,17.97
cub,2016,17.95
cub,2017,18.01
cub,2018,17.8
cub,2019,17.81
cub,2020,17.93
cub,2021,18
cyp,1990,24.19
cyp,1991,25.22
cyp,1992,25.57
cyp,1993,24.64
cyp,1994,22.2
cyp,1995,20.27
cyp,1996,18.15
cyp,1997,17.29
cyp,1998,17.01
cyp,1999,16.13
cyp,2000,15.97
cyp,2001,15.78
cyp,2002,15.62
cyp,2003,14.62
cyp,2004,13.12
cyp,2005,12.13
cyp,2006,11.99
cyp,2007,11.8
cyp,2008,11.71
cyp,2009,11.84
cyp,2010,12.06
cyp,2011,11.79
cyp,2012,11.51
cyp,2013,11.31
cyp,2014,11.12
cyp,2015,10.99
cyp,2016,10.73
cyp,2017,10.79
cyp,2018,10.48
cyp,2019,10.36
cyp,2020,9.7
cyp,2021,9.35
cze,1990,26.24
cze,1991,25.04
cze,1992,23.22
cze,1993,22.44
cze,1994,22.51
cze,1995,23.85
cze,1996,22.27
cze,1997,20.75
cze,1998,18.65
cze,1999,17.55
cze,2000,16.95
cze,2001,16.8
cze,2002,16.75
cze,2003,17.66
cze,2004,16.37
cze,2005,13.83
cze,2006,12.35
cze,2007,11.97
cze,2008,12
cze,2009,11.44
cze,2010,11.19
cze,2011,10.53
cze,2012,10.02
cze,2013,9.82
cze,2014,9.87
cze,2015,9.98
cze,2016,9.63
cze,2017,9.53
cze,2018,9.65
cze,2019,9.74
cze,2020,9.7
cze,2021,9.25
deu,1990,10.53
deu,1991,10.63
deu,1992,10.07
deu,1993,9.59
deu,1994,8.72
deu,1995,8.04
deu,1996,7.83
deu,1997,7.16
deu,1998,6.78
deu,1999,6.58
deu,2000,6.55
deu,2001,6.52
deu,2002,6.55
deu,2003,6.8
deu,2004,6.63
deu,2005,6.61
deu,2006,6.54
deu,2007,6.41
deu,2008,6.58
deu,2009,6.6
deu,2010,6.87
deu,2011,7
deu,2012,7.31
deu,2013,7.7
deu,2014,7.91
deu,2015,8.43
deu,2016,9.23
deu,2017,9.51
deu,2018,9.8
deu,2019,9.82
deu,2020,9.67
deu,2021,9.39
dji,1990,13.98
dji,1991,13.98
dji,1992,14.13
dji,1993,14.47
dji,1994,14.34
dji,1995,14.64
dji,1996,14.7
dji,1997,14.64
dji,1998,14.86
dji,1999,14.94
dji,2000,15.04
dji,2001,15.1
dji,2002,15.11
dji,2003,15.02
dji,2004,15.2
dji,2005,15.14
dji,2006,15.05
dji,2007,15
dji,2008,14.88
dji,2009,14.75
dji,2010,14.75
dji,2011,14.66
dji,2012,14.53
dji,2013,14.43
dji,2014,14.27
dji,2015,14.22
dji,2016,14.15
dji,2017,14.15
dji,2018,14.03
dji,2019,14.02
dji,2020,13.95
dji,2021,13.86
dma,1990,4.8
dma,1991,4.89
dma,1992,4.98
dma,1993,5.03
dma,1994,5.07
dma,1995,5.11
dma,1996,5.16
dma,1997,5.17
dma,1998,5.19
dma,1999,5.17
dma,2000,5.14
dma,2001,5.1
dma,2002,5.1
dma,2003,5.05
dma,2004,5.02
dma,2005,5
dma,2006,5.01
dma,2007,4.97
dma,2008,5.01
dma,2009,4.98
dma,2010,5.01
dma,2011,4.99
dma,2012,4.97
dma,2013,4.94
dma,2014,4.92
dma,2015,4.9
dma,2016,4.85
dma,2017,4.81
dma,2018,4.78
dma,2019,4.74
dma,2020,4.71
dma,2021,4.67
dnk,1990,15.86
dnk,1991,15.72
dnk,1992,15.59
dnk,1993,16.18
dnk,1994,15.66
dnk,1995,15.81
dnk,1996,15.86
dnk,1997,16.28
dnk,1998,15.92
dnk,1999,15.62
dnk,2000,13.95
dnk,2001,12.29
dnk,2002,10.79
dnk,2003,10.47
dnk,2004,10.21
dnk,2005,10.07
dnk,2006,10.35
dnk,2007,9.78
dnk,2008,9.35
dnk,2009,8.76
dnk,2010,8.55
dnk,2011,8.76
dnk,2012,8.64
dnk,2013,8.49
dnk,2014,8.26
dnk,2015,7.94
dnk,2016,7.96
dnk,2017,7.94
dnk,2018,8.06
dnk,2019,7.82
dnk,2020,7.62
dnk,2021,7.55
dom,1990,4.72
dom,1991,4.55
dom,1992,4.4
dom,1993,4.29
dom,1994,4.16
dom,1995,4.14
dom,1996,4.18
dom,1997,4.16
dom,1998,4.11
dom,1999,4.1
dom,2000,4.1
dom,2001,4.07
dom,2002,4.18
dom,2003,4.42
dom,2004,4.59
dom,2005,4.54
dom,2006,4.57
dom,2007,4.51
dom,2008,4.41
dom,2009,4.25
dom,2010,4.11
dom,2011,4
dom,2012,3.97
dom,2013,3.94
dom,2014,3.68
dom,2015,3.61
dom,2016,3.56
dom,2017,3.53
dom,2018,3.52
dom,2019,3.44
dom,2020,3.51
dom,2021,3.39
dza,1990,7.01
dza,1991,6.79
dza,1992,6.69
dza,1993,6.59
dza,1994,6.43
dza,1995,6.33
dza,1996,6.24
dza,1997,6.17
dza,1998,6.06
dza,1999,6.03
dza,2000,5.99
dza,2001,5.96
dza,2002,5.94
dza,2003,6.02
dza,2004,6.04
dza,2005,6.03
dza,2006,6.01
dza,2007,5.98
dza,2008,5.96
dza,2009,5.92
dza,2010,5.93
dza,2011,5.91
dza,2012,5.85
dza,2013,5.82
dza,2014,5.76
dza,2015,5.7
dza,2016,5.6
dza,2017,5.54
dza,2018,5.52
dza,2019,5.47
dza,2020,5.39
dza,2021,5.3
ecu,1990,9.26
ecu,1991,9.39
ecu,1992,8.69
ecu,1993,8.16
ecu,1994,8.25
ecu,1995,7.97
ecu,1996,9.42
ecu,1997,8.89
ecu,1998,9.04
ecu,1999,9.13
ecu,2000,8.9
ecu,2001,9.13
ecu,2002,9.19
ecu,2003,9.32
ecu,2004,9.62
ecu,2005,10.54
ecu,2006,10.29
ecu,2007,9.71
ecu,2008,9.54
ecu,2009,9.11
ecu,2010,8.87
ecu,2011,8.41
ecu,2012,8.6
ecu,2013,9.12
ecu,2014,8.47
ecu,2015,8.71
ecu,2016,9.05
ecu,2017,8.58
ecu,2018,9.2
ecu,2019,9.28
ecu,2020,8.53
ecu,2021,8.48
egy,1990,5.49
egy,1991,5.29
egy,1992,5.05
egy,1993,5
egy,1994,4.98
egy,1995,4.89
egy,1996,4.8
egy,1997,4.78
egy,1998,4.75
egy,1999,4.71
egy,2000,4.55
egy,2001,4.51
egy,2002,4.6
egy,2003,4.73
egy,2004,4.76
egy,2005,4.79
egy,2006,4.89
egy,2007,5.05
egy,2008,5.15
egy,2009,5.2
egy,2010,5.15
egy,2011,5.03
egy,2012,5
egy,2013,4.98
egy,2014,5
egy,2015,4.93
egy,2016,4.79
egy,2017,4.61
egy,2018,4.48
egy,2019,4.37
egy,2020,4.25
egy,2021,4.16
eri,1990,16.07
eri,1991,16.18
eri,1992,16.15
eri,1993,16.16
eri,1994,16.3
eri,1995,16.52
eri,1996,16.56
eri,1997,16.59
eri,1998,16.62
eri,1999,16.69
eri,2000,16.77
eri,2001,16.8
eri,2002,16.88
eri,2003,16.86
eri,2004,16.89
eri,2005,16.81
eri,2006,16.73
eri,2007,16.65
eri,2008,16.66
eri,2009,16.62
eri,2010,16.6
eri,2011,16.51
eri,2012,16.42
eri,2013,16.38
eri,2014,16.31
eri,2015,16.25
eri,2016,16.23
eri,2017,16.23
eri,2018,16.25
eri,2019,16.25
eri,2020,16.26
eri,2021,16.18
esp,1990,4.7
esp,1991,4.7
esp,1992,4.54
esp,1993,4.4
esp,1994,4.39
esp,1995,4.43
esp,1996,4.46
esp,1997,4.31
esp,1998,4.25
esp,1999,4.25
esp,2000,4.28
esp,2001,4.26
esp,2002,4.3
esp,2003,4.32
esp,2004,4.27
esp,2005,4.33
esp,2006,4.18
esp,2007,4.24
esp,2008,4.26
esp,2009,4.21
esp,2010,4.39
esp,2011,4.42
esp,2012,4.25
esp,2013,4.3
esp,2014,4.39
esp,2015,4.52
esp,2016,4.65
esp,2017,4.52
esp,2018,4.5
esp,2019,4.36
esp,2020,4.24
esp,2021,4.12
est,1990,11.18
est,1991,11.88
est,1992,12.33
est,1993,13.98
est,1994,14.86
est,1995,13.62
est,1996,11.5
est,1997,11.2
est,1998,11.61
est,1999,11.34
est,2000,11.22
est,2001,12.22
est,2002,11.64
est,2003,11.03
est,2004,10.32
est,2005,9.54
est,2006,9.12
est,2007,9.15
est,2008,8.48
est,2009,7.9
est,2010,7
est,2011,7.13
est,2012,7.29
est,2013,6.96
est,2014,6.85
est,2015,6.64
est,2016,6.64
est,2017,6.33
est,2018,6.33
est,2019,6.25
est,2020,6.21
est,2021,6.14
eth,1990,19.94
eth,1991,19.88
eth,1992,19.83
eth,1993,19.77
eth,1994,19.76
eth,1995,19.85
eth,1996,19.8
eth,1997,19.7
eth,1998,19.56
eth,1999,19.35
eth,2000,19.08
eth,2001,18.73
eth,2002,18.46
eth,2003,18.22
eth,2004,17.98
eth,2005,17.75
eth,2006,17.46
eth,2007,17.09
eth,2008,16.73
eth,2009,16.37
eth,2010,16.07
eth,2011,15.83
eth,2012,15.58
eth,2013,15.43
eth,2014,15.48
eth,2015,15.65
eth,2016,15.49
eth,2017,15.49
eth,2018,15.49
eth,2019,15.52
eth,2020,15.57
eth,2021,15.57
fin,1990,14.05
fin,1991,13.81
fin,1992,13.45
fin,1993,13.37
fin,1994,13.09
fin,1995,13.12
fin,1996,13.27
fin,1997,13.69
fin,1998,14.18
fin,1999,13.42
fin,2000,13.33
fin,2001,13.29
fin,2002,13.61
fin,2003,13.92
fin,2004,13.74
fin,2005,13.65
fin,2006,13.13
fin,2007,12.61
fin,2008,12.35
fin,2009,12.28
fin,2010,12.2
fin,2011,11.82
fin,2012,11.52
fin,2013,11.07
fin,2014,10.95
fin,2015,10.68
fin,2016,10.73
fin,2017,10.78
fin,2018,10.71
fin,2019,10.48
fin,2020,10.26
fin,2021,10.08
fji,1990,5.92
fji,1991,5.99
fji,1992,6.04
fji,1993,6.13
fji,1994,6.2
fji,1995,6.35
fji,1996,6.46
fji,1997,6.46
fji,1998,6.47
fji,1999,6.57
fji,2000,6.58
fji,2001,6.41
fji,2002,6.24
fji,2003,6.24
fji,2004,6.1
fji,2005,6.09
fji,2006,6.13
fji,2007,6.1
fji,2008,6.02
fji,2009,6.09
fji,2010,6.24
fji,2011,6.37
fji,2012,6.43
fji,2013,6.31
fji,2014,6.23
fji,2015,6.17
fji,2016,6.12
fji,2017,6.08
fji,2018,6.02
fji,2019,5.95
fji,2020,5.9
fji,2021,5.79
fra,1990,15.77
fra,1991,15
fra,1992,14.18
fra,1993,13.82
fra,1994,13.12
fra,1995,12.94
fra,1996,12.82
fra,1997,12.57
fra,1998,12.92
fra,1999,13.15
fra,2000,13.49
fra,2001,13.6
fra,2002,13.39
fra,2003,13
fra,2004,12.05
fra,2005,11.68
fra,2006,11.21
fra,2007,11.05
fra,2008,11.03
fra,2009,11.04
fra,2010,11.09
fra,2011,10.8
fra,2012,10.8
fra,2013,10.76
fra,2014,10.65
fra,2015,11.25
fra,2016,11.17
fra,2017,10.98
fra,2018,10.69
fra,2019,10.48
fra,2020,10.22
fra,2021,9.83
fsm,1990,9.16
fsm,1991,9.14
fsm,1992,9.12
fsm,1993,9.09
fsm,1994,9.06
fsm,1995,9.01
fsm,1996,8.97
fsm,1997,8.94
fsm,1998,8.9
fsm,1999,8.87
fsm,2000,8.84
fsm,2001,8.81
fsm,2002,8.83
fsm,2003,8.85
fsm,2004,8.88
fsm,2005,8.92
fsm,2006,8.95
fsm,2007,8.99
fsm,2008,9.04
fsm,2009,9.06
fsm,2010,9.08
fsm,2011,9.09
fsm,2012,9.07
fsm,2013,9.05
fsm,2014,9.04
fsm,2015,9.01
fsm,2016,8.96
fsm,2017,8.92
fsm,2018,8.87
fsm,2019,8.83
fsm,2020,8.79
fsm,2021,8.74
gab,1990,12.19
gab,1991,12.12
gab,1992,12.06
gab,1993,11.96
gab,1994,12.09
gab,1995,12.21
gab,1996,12.23
gab,1997,12.13
gab,1998,12.09
gab,1999,12.03
gab,2000,12.09
gab,2001,12.06
gab,2002,11.9
gab,2003,11.84
gab,2004,11.7
gab,2005,11.46
gab,2006,11.33
gab,2007,11.2
gab,2008,11.16
gab,2009,11
gab,2010,10.76
gab,2011,10.65
gab,2012,10.53
gab,2013,10.39
gab,2014,10.34
gab,2015,10.33
gab,2016,10.27
gab,2017,10.23
gab,2018,10.16
gab,2019,10.1
gab,2020,10.02
gab,2021,9.85
gbr,1990,5.12
gbr,1991,5.01
gbr,1992,4.83
gbr,1993,4.97
gbr,1994,5.01
gbr,1995,5
gbr,1996,5.12
gbr,1997,5.19
gbr,1998,5.21
gbr,1999,5.49
gbr,2000,5.82
gbr,2001,6.05
gbr,2002,6.08
gbr,2003,6.31
gbr,2004,6.42
gbr,2005,6.5
gbr,2006,6.5
gbr,2007,6.41
gbr,2008,6.44
gbr,2009,6.32
gbr,2010,6.22
gbr,2011,6.06
gbr,2012,6.06
gbr,2013,6.28
gbr,2014,6.47
gbr,2015,6.81
gbr,2016,7.03
gbr,2017,7.16
gbr,2018,7.45
gbr,2019,7.37
gbr,2020,7
gbr,2021,6.94
geo,1990,8.02
geo,1991,8.3
geo,1992,9.2
geo,1993,7.82
geo,1994,6.74
geo,1995,6.3
geo,1996,5.8
geo,1997,5.15
geo,1998,4.73
geo,1999,4.27
geo,2000,3.97
geo,2001,3.85
geo,2002,3.98
geo,2003,4.59
geo,2004,4.87
geo,2005,5.19
geo,2006,5.02
geo,2007,4.99
geo,2008,5.88
geo,2009,5.62
geo,2010,6.21
geo,2011,8.57
geo,2012,9.45
geo,2013,8.63
geo,2014,7.7
geo,2015,6.81
geo,2016,6.97
geo,2017,7.45
geo,2018,7.94
geo,2019,8.93
geo,2020,8.77
geo,2021,8.42
gha,1990,15.39
gha,1991,15.34
gha,1992,15.31
gha,1993,15.17
gha,1994,15.09
gha,1995,15.03
gha,1996,14.94
gha,1997,14.95
gha,1998,14.85
gha,1999,14.81
gha,2000,14.78
gha,2001,15.21
gha,2002,15.73
gha,2003,16.02
gha,2004,16.25
gha,2005,16.34
gha,2006,16.43
gha,2007,16.2
gha,2008,16.25
gha,2009,16.2
gha,2010,16.14
gha,2011,16.01
gha,2012,15.84
gha,2013,15.82
gha,2014,15.71
gha,2015,15.6
gha,2016,15.51
gha,2017,15.48
gha,2018,15.45
gha,2019,15.31
gha,2020,15.2
gha,2021,15.01
gin,1990,14.38
gin,1991,14.38
gin,1992,14.41
gin,1993,14.42
gin,1994,14.47
gin,1995,14.46
gin,1996,14.45
gin,1997,14.51
gin,1998,14.64
gin,1999,14.75
gin,2000,14.75
gin,2001,14.76
gin,2002,14.84
gin,2003,14.81
gin,2004,14.82
gin,2005,14.74
gin,2006,14.82
gin,2007,14.78
gin,2008,14.78
gin,2009,14.72
gin,2010,14.76
gin,2011,14.72
gin,2012,14.65
gin,2013,14.66
gin,2014,14.62
gin,2015,14.56
gin,2016,14.47
gin,2017,14.35
gin,2018,14.24
gin,2019,14.13
gin,2020,14.01
gin,2021,13.83
gmb,1990,17.63
gmb,1991,17.7
gmb,1992,17.89
gmb,1993,17.76
gmb,1994,17.64
gmb,1995,18.11
gmb,1996,17.73
gmb,1997,17.6
gmb,1998,17.85
gmb,1999,18.14
gmb,2000,17.76
gmb,2001,17.43
gmb,2002,17.47
gmb,2003,17.54
gmb,2004,18.06
gmb,2005,18.13
gmb,2006,17.97
gmb,2007,17.86
gmb,2008,17.58
gmb,2009,17.53
gmb,2010,17.27
gmb,2011,16.59
gmb,2012,16.55
gmb,2013,16.89
gmb,2014,17.33
gmb,2015,17.1
gmb,2016,17.42
gmb,2017,17.81
gmb,2018,17.72
gmb,2019,17.91
gmb,2020,17.75
gmb,2021,17.64
gnb,1990,18.27
gnb,1991,18.25
gnb,1992,18.25
gnb,1993,18.25
gnb,1994,18.25
gnb,1995,18.21
gnb,1996,18.14
gnb,1997,18.09
gnb,1998,18.11
gnb,1999,18.12
gnb,2000,18.18
gnb,2001,18.09
gnb,2002,18.02
gnb,2003,17.93
gnb,2004,17.96
gnb,2005,17.81
gnb,2006,17.76
gnb,2007,17.81
gnb,2008,17.77
gnb,2009,17.74
gnb,2010,17.68
gnb,2011,17.57
gnb,2012,17.41
gnb,2013,17.47
gnb,2014,17.41
gnb,2015,17.24
gnb,2016,17.18
gnb,2017,17.06
gnb,2018,16.99
gnb,2019,16.88
gnb,2020,16.5
gnb,2021,16.24
gnq,1990,11.04
gnq,1991,10.94
gnq,1992,10.77
gnq,1993,10.72
gnq,1994,10.63
gnq,1995,10.62
gnq,1996,10.57
gnq,1997,10.17
gnq,1998,9.95
gnq,1999,9.82
gnq,2000,9.68
gnq,2001,9.44
gnq,2002,9.24
gnq,2003,9.21
gnq,2004,9.17
gnq,2005,9.02
gnq,2006,8.94
gnq,2007,8.78
gnq,2008,8.74
gnq,2009,8.78
gnq,2010,8.81
gnq,2011,8.81
gnq,2012,8.64
gnq,2013,8.42
gnq,2014,8.26
gnq,2015,8.32
gnq,2016,8.42
gnq,2017,8.4
gnq,2018,8.38
gnq,2019,8.41
gnq,2020,8.39
gnq,2021,8.33
grc,1990,4.56
grc,1991,3.6
grc,1992,3.42
grc,1993,3.57
grc,1994,3.66
grc,1995,3.36
grc,1996,2.97
grc,1997,2.93
grc,1998,3.07
grc,1999,3.23
grc,2000,3.37
grc,2001,3.56
grc,2002,3.44
grc,2003,3.37
grc,2004,3.41
grc,2005,3.4
grc,2006,3.3
grc,2007,3.35
grc,2008,3.29
grc,2009,3.08
grc,2010,2.84
grc,2011,2.66
grc,2012,2.67
grc,2013,2.81
grc,2014,3.05
grc,2015,3.55
grc,2016,3.93
grc,2017,4.42
grc,2018,4.63
grc,2019,4.63
grc,2020,4.62
grc,2021,4.62
grd,1990,6.1
grd,1991,5.59
grd,1992,5.91
grd,1993,5.95
grd,1994,5.85
grd,1995,6.08
grd,1996,6.43
grd,1997,6.51
grd,1998,6.53
grd,1999,6.52
grd,2000,6.56
grd,2001,6.59
grd,2002,6.79
grd,2003,7.21
grd,2004,7.61
grd,2005,7.82
grd,2006,7.74
grd,2007,7.84
grd,2008,7.69
grd,2009,7.95
grd,2010,7.35
grd,2011,6.4
grd,2012,6.09
grd,2013,6.34
grd,2014,6.77
grd,2015,7.15
grd,2016,7.24
grd,2017,7.26
grd,2018,7.53
grd,2019,7.72
grd,2020,7.72
grd,2021,7.54
grl,1990,25.06
grl,1991,25.02
grl,1992,24.74
grl,1993,24.44
grl,1994,24.04
grl,1995,23.82
grl,1996,22.92
grl,1997,22.22
grl,1998,21.39
grl,1999,20.79
grl,2000,20.05
grl,2001,19.52
grl,2002,19.44
grl,2003,19.13
grl,2004,19.4
grl,2005,19.27
grl,2006,19.18
grl,2007,19.19
grl,2008,19.27
grl,2009,19.1
grl,2010,18.92
grl,2011,18.65
grl,2012,18.96
grl,2013,19.02
grl,2014,18.81
grl,2015,18.82
grl,2016,18.57
grl,2017,18.57
grl,2018,18.57
grl,2019,18.54
grl,2020,18.92
grl,2021,17.21
gtm,1990,15.45
gtm,1991,17.08
gtm,1992,17.23
gtm,1993,17.93
gtm,1994,18.4
gtm,1995,15.67
gtm,1996,14.08
gtm,1997,14.52
gtm,1998,14.97
gtm,1999,13.74
gtm,2000,13.1
gtm,2001,12.53
gtm,2002,11.81
gtm,2003,11.33
gtm,2004,11.1
gtm,2005,11.25
gtm,2006,11.32
gtm,2007,10.71
gtm,2008,11.09
gtm,2009,12.97
gtm,2010,12.61
gtm,2011,12.29
gtm,2012,11.75
gtm,2013,11.56
gtm,2014,11.01
gtm,2015,10.82
gtm,2016,10.41
gtm,2017,9.67
gtm,2018,9.4
gtm,2019,9.34
gtm,2020,8.32
gtm,2021,8.26
gum,1990,6.36
gum,1991,6.15
gum,1992,5.61
gum,1993,4.88
gum,1994,4.29
gum,1995,4.19
gum,1996,4.1
gum,1997,4.06
gum,1998,3.93
gum,1999,3.76
gum,2000,3.71
gum,2001,3.51
gum,2002,3.4
gum,2003,3.2
gum,2004,3.15
gum,2005,3.19
gum,2006,3.15
gum,2007,3.13
gum,2008,3.07
gum,2009,3.08
gum,2010,3.16
gum,2011,3.09
gum,2012,3.09
gum,2013,3.19
gum,2014,3.36
gum,2015,3.21
gum,2016,3.12
gum,2017,3.18
gum,2018,3.21
gum,2019,3.06
gum,2020,2.41
gum,2021,2.4
guy,1990,11.98
guy,1991,11.59
guy,1992,11.24
guy,1993,11.78
guy,1994,11.48
guy,1995,12.77
guy,1996,13.76
guy,1997,14.31
guy,1998,13.1
guy,1999,12.51
guy,2000,12.54
guy,2001,12.33
guy,2002,12.42
guy,2003,12.94
guy,2004,13.26
guy,2005,13.12
guy,2006,13.08
guy,2007,13.45
guy,2008,13.07
guy,2009,12.91
guy,2010,12.57
guy,2011,12.54
guy,2012,12.5
guy,2013,12.51
guy,2014,12.83
guy,2015,12.83
guy,2016,12.77
guy,2017,12.76
guy,2018,12.9
guy,2019,12.73
guy,2020,12.52
guy,2021,12.06
hnd,1990,5.63
hnd,1991,5.61
hnd,1992,5.7
hnd,1993,5.67
hnd,1994,5.66
hnd,1995,5.82
hnd,1996,5.98
hnd,1997,5.97
hnd,1998,5.96
hnd,1999,5.98
hnd,2000,5.99
hnd,2001,5.99
hnd,2002,5.99
hnd,2003,6
hnd,2004,5.97
hnd,2005,5.94
hnd,2006,5.89
hnd,2007,5.83
hnd,2008,5.81
hnd,2009,5.82
hnd,2010,5.88
hnd,2011,5.96
hnd,2012,6
hnd,2013,5.93
hnd,2014,5.88
hnd,2015,5.83
hnd,2016,5.8
hnd,2017,5.77
hnd,2018,5.7
hnd,2019,5.65
hnd,2020,5.6
hnd,2021,5.52
hrv,1990,17.98
hrv,1991,17.29
hrv,1992,15.56
hrv,1993,14.77
hrv,1994,14.21
hrv,1995,15.51
hrv,1996,15.99
hrv,1997,15.91
hrv,1998,15.09
hrv,1999,14.92
hrv,2000,14.08
hrv,2001,13.69
hrv,2002,14.26
hrv,2003,14.04
hrv,2004,13.84
hrv,2005,13.41
hrv,2006,13.05
hrv,2007,13.75
hrv,2008,14.45
hrv,2009,14.23
hrv,2010,14.61
hrv,2011,14.03
hrv,2012,14.3
hrv,2013,13.89
hrv,2014,14.16
hrv,2015,14.38
hrv,2016,13.52
hrv,2017,12.6
hrv,2018,12.27
hrv,2019,11.84
hrv,2020,11.66
hrv,2021,11.59
hti,1990,9.32
hti,1991,9.13
hti,1992,9.13
hti,1993,9.11
hti,1994,9.05
hti,1995,9.09
hti,1996,9
hti,1997,9.03
hti,1998,8.87
hti,1999,8.99
hti,2000,9
hti,2001,9.05
hti,2002,9.04
hti,2003,9.09
hti,2004,9.15
hti,2005,9.17
hti,2006,9.15
hti,2007,9.13
hti,2008,9.1
hti,2009,9.05
hti,2010,9
hti,2011,9.06
hti,2012,9.01
hti,2013,8.97
hti,2014,8.93
hti,2015,8.9
hti,2016,8.86
hti,2017,8.82
hti,2018,8.82
hti,2019,8.81
hti,2020,8.73
hti,2021,8.55
hun,1990,33.34
hun,1991,32.48
hun,1992,32.92
hun,1993,32.54
hun,1994,30.98
hun,1995,30.04
hun,1996,27.72
hun,1997,26.58
hun,1998,25.83
hun,1999,25.17
hun,2000,23.01
hun,2001,22.48
hun,2002,22.36
hun,2003,21.72
hun,2004,19.8
hun,2005,16.3
hun,2006,14.31
hun,2007,13.96
hun,2008,13.64
hun,2009,13.53
hun,2010,12.93
hun,2011,12.12
hun,2012,11.62
hun,2013,11.17
hun,2014,11.13
hun,2015,11
hun,2016,10.37
hun,2017,10.19
hun,2018,9.88
hun,2019,9.76
hun,2020,9.56
hun,2021,9.11
idn,1990,11.52
idn,1991,11.69
idn,1992,11.82
idn,1993,11.95
idn,1994,12.03
idn,1995,12.05
idn,1996,12.1
idn,1997,12.16
idn,1998,12.24
idn,1999,12.35
idn,2000,12.46
idn,2001,12.56
idn,2002,12.47
idn,2003,12.44
idn,2004,12.45
idn,2005,12.48
idn,2006,12.53
idn,2007,12.56
idn,2008,11.82
idn,2009,11.35
idn,2010,11
idn,2011,10.73
idn,2012,11
idn,2013,11.12
idn,2014,11.27
idn,2015,11.21
idn,2016,11.14
idn,2017,11.08
idn,2018,11.03
idn,2019,10.98
idn,2020,10.92
idn,2021,10.8
ind,1990,26.68
ind,1991,26.64
ind,1992,27.27
ind,1993,27.12
ind,1994,27.36
ind,1995,28.76
ind,1996,28.06
ind,1997,26.87
ind,1998,26.68
ind,1999,24.84
ind,2000,24.18
ind,2001,24.49
ind,2002,24.6
ind,2003,25.31
ind,2004,25.65
ind,2005,25.49
ind,2006,25.89
ind,2007,26.52
ind,2008,26.43
ind,2009,25.12
ind,2010,24.45
ind,2011,24.24
ind,2012,24.26
ind,2013,26.68
ind,2014,28.5
ind,2015,27.3
ind,2016,26.2
ind,2017,25.85
ind,2018,25.25
ind,2019,25.04
ind,2020,24.64
ind,2021,24.17
irl,1990,7.8
irl,1991,7.35
irl,1992,6.95
irl,1993,7
irl,1994,6.76
irl,1995,6.51
irl,1996,6.45
irl,1997,6.72
irl,1998,7.16
irl,1999,7.53
irl,2000,7.55
irl,2001,7.52
irl,2002,7.32
irl,2003,6.94
irl,2004,6.33
irl,2005,6.23
irl,2006,6.17
irl,2007,5.84
irl,2008,5.85
irl,2009,5.72
irl,2010,5.4
irl,2011,5.61
irl,2012,5.42
irl,2013,5.29
irl,2014,5.47
irl,2015,5.37
irl,2016,5.35
irl,2017,5.13
irl,2018,5.09
irl,2019,4.97
irl,2020,4.59
irl,2021,4.27
irn,1990,6.04
irn,1991,5.96
irn,1992,5.9
irn,1993,5.83
irn,1994,5.76
irn,1995,5.69
irn,1996,5.6
irn,1997,5.52
irn,1998,5.45
irn,1999,5.38
irn,2000,5.32
irn,2001,5.25
irn,2002,5.16
irn,2003,5.13
irn,2004,5.08
irn,2005,5.02
irn,2006,4.95
irn,2007,4.87
irn,2008,4.8
irn,2009,4.74
irn,2010,4.67
irn,2011,4.61
irn,2012,4.57
irn,2013,4.57
irn,2014,4.49
irn,2015,4.39
irn,2016,4.31
irn,2017,4.25
irn,2018,4.17
irn,2019,4.12
irn,2020,3.85
irn,2021,3.76
irq,1990,4.39
irq,1991,4.41
irq,1992,4.43
irq,1993,4.43
irq,1994,4.41
irq,1995,4.4
irq,1996,4.4
irq,1997,4.37
irq,1998,4.31
irq,1999,4.25
irq,2000,4.19
irq,2001,4.13
irq,2002,4.07
irq,2003,4.06
irq,2004,3.99
irq,2005,3.93
irq,2006,3.86
irq,2007,3.82
irq,2008,3.77
irq,2009,3.7
irq,2010,3.61
irq,2011,3.54
irq,2012,3.46
irq,2013,3.38
irq,2014,3.36
irq,2015,3.3
irq,2016,3.26
irq,2017,3.22
irq,2018,3.23
irq,2019,3.27
irq,2020,3.34
irq,2021,3.29
isl,1990,6.91
isl,1991,6.5
isl,1992,6.44
isl,1993,6.27
isl,1994,6.22
isl,1995,6.04
isl,1996,6.06
isl,1997,5.92
isl,1998,5.97
isl,1999,5.8
isl,2000,5.92
isl,2001,6.17
isl,2002,6.01
isl,2003,5.95
isl,2004,5.82
isl,2005,6.18
isl,2006,6.46
isl,2007,6.32
isl,2008,6.37
isl,2009,6.51
isl,2010,6.74
isl,2011,6.7
isl,2012,6.63
isl,2013,6.78
isl,2014,6.75
isl,2015,6.92
isl,2016,7.29
isl,2017,7.49
isl,2018,7.7
isl,2019,7.87
isl,2020,7.72
isl,2021,7.8
isr,1990,5.25
isr,1991,4.91
isr,1992,5.01
isr,1993,5.56
isr,1994,5.83
isr,1995,5.49
isr,1996,4.35
isr,1997,4.27
isr,1998,4.87
isr,1999,5.28
isr,2000,5.16
isr,2001,4.93
isr,2002,4.89
isr,2003,4.93
isr,2004,4.81
isr,2005,4.78
isr,2006,4.66
isr,2007,4.72
isr,2008,4.75
isr,2009,4.65
isr,2010,4.46
isr,2011,4.44
isr,2012,4.19
isr,2013,4.1
isr,2014,4.02
isr,2015,4.11
isr,2016,4.12
isr,2017,4.01
isr,2018,4.03
isr,2019,3.98
isr,2020,3.8
isr,2021,3.69
ita,1990,10.91
ita,1991,10.62
ita,1992,10.05
ita,1993,9.93
ita,1994,9.71
ita,1995,9.74
ita,1996,9.52
ita,1997,9.19
ita,1998,8.82
ita,1999,8.69
ita,2000,8.44
ita,2001,8.37
ita,2002,8.25
ita,2003,7.84
ita,2004,7.41
ita,2005,7.34
ita,2006,7.17
ita,2007,7.1
ita,2008,7.1
ita,2009,7.14
ita,2010,7.08
ita,2011,6.82
ita,2012,6.68
ita,2013,6.53
ita,2014,6.44
ita,2015,6.68
ita,2016,6.76
ita,2017,6.9
ita,2018,6.74
ita,2019,6.53
ita,2020,6.52
ita,2021,6.35
jam,1990,2.18
jam,1991,1.97
jam,1992,2.06
jam,1993,2.17
jam,1994,2.19
jam,1995,2.32
jam,1996,2.74
jam,1997,2.9
jam,1998,2.88
jam,1999,3.03
jam,2000,2.98
jam,2001,2.98
jam,2002,2.71
jam,2003,2.56
jam,2004,2.45
jam,2005,2.48
jam,2006,2.32
jam,2007,2.45
jam,2008,2.4
jam,2009,3.41
jam,2010,2.74
jam,2011,3.2
jam,2012,2.74
jam,2013,2.84
jam,2014,3.11
jam,2015,3.12
jam,2016,3.09
jam,2017,3.07
jam,2018,3.08
jam,2019,3.13
jam,2020,3.01
jam,2021,3.08
jor,1990,5.78
jor,1991,5.72
jor,1992,5.65
jor,1993,5.68
jor,1994,5.64
jor,1995,5.62
jor,1996,5.6
jor,1997,5.51
jor,1998,5.43
jor,1999,5.34
jor,2000,5.34
jor,2001,5.37
jor,2002,5.27
jor,2003,5.01
jor,2004,4.99
jor,2005,5.09
jor,2006,5.04
jor,2007,4.69
jor,2008,4.45
jor,2009,4.37
jor,2010,4.35
jor,2011,4.27
jor,2012,4.14
jor,2013,4.06
jor,2014,3.97
jor,2015,3.8
jor,2016,3.65
jor,2017,3.52
jor,2018,3.34
jor,2019,3.3
jor,2020,3.31
jor,2021,3.29
jpn,1990,3.39
jpn,1991,3.56
jpn,1992,3.75
jpn,1993,3.78
jpn,1994,3.81
jpn,1995,4.04
jpn,1996,4.03
jpn,1997,3.93
jpn,1998,3.96
jpn,1999,3.96
jpn,2000,3.86
jpn,2001,3.76
jpn,2002,3.65
jpn,2003,3.62
jpn,2004,3.51
jpn,2005,3.52
jpn,2006,3.43
jpn,2007,3.41
jpn,2008,3.41
jpn,2009,3.4
jpn,2010,3.42
jpn,2011,3.42
jpn,2012,3.33
jpn,2013,3.27
jpn,2014,3.23
jpn,2015,3.15
jpn,2016,3.16
jpn,2017,3.32
jpn,2018,3.36
jpn,2019,3.34
jpn,2020,3.24
jpn,2021,3.27
kaz,1990,6.72
kaz,1991,6.47
kaz,1992,6.48
kaz,1993,6.03
kaz,1994,5.86
kaz,1995,6.24
kaz,1996,5.87
kaz,1997,5.34
kaz,1998,5.04
kaz,1999,4.84
kaz,2000,5.15
kaz,2001,5.04
kaz,2002,4.98
kaz,2003,5.47
kaz,2004,5.89
kaz,2005,6.26
kaz,2006,6.1
kaz,2007,5.82
kaz,2008,5.35
kaz,2009,4.98
kaz,2010,5.37
kaz,2011,5.59
kaz,2012,5.56
kaz,2013,5.37
kaz,2014,5.3
kaz,2015,4.94
kaz,2016,4.71
kaz,2017,4.47
kaz,2018,4.45
kaz,2019,4.43
kaz,2020,4.13
kaz,2021,4.08
ken,1990,16.82
ken,1991,16.82
ken,1992,16.86
ken,1993,16.81
ken,1994,16.72
ken,1995,16.65
ken,1996,16.61
ken,1997,16.6
ken,1998,16.61
ken,1999,16.57
ken,2000,16.75
ken,2001,16.76
ken,2002,16.94
ken,2003,17.17
ken,2004,17.24
ken,2005,17.23
ken,2006,17.2
ken,2007,17.23
ken,2008,17.14
ken,2009,17.27
ken,2010,17.45
ken,2011,17.56
ken,2012,17.54
ken,2013,17.45
ken,2014,17.34
ken,2015,17.29
ken,2016,17.22
ken,2017,17.23
ken,2018,17.24
ken,2019,17.21
ken,2020,17.13
ken,2021,16.79
kgz,1990,6.9
kgz,1991,6.92
kgz,1992,6.99
kgz,1993,7.02
kgz,1994,6.68
kgz,1995,6.32
kgz,1996,6.27
kgz,1997,5.87
kgz,1998,5.69
kgz,1999,5.44
kgz,2000,4.98
kgz,2001,4.94
kgz,2002,5
kgz,2003,5.02
kgz,2004,4.86
kgz,2005,4.78
kgz,2006,4.48
kgz,2007,4.39
kgz,2008,4.02
kgz,2009,3.74
kgz,2010,3.82
kgz,2011,3.89
kgz,2012,3.95
kgz,2013,3.82
kgz,2014,3.77
kgz,2015,3.45
kgz,2016,3.25
kgz,2017,3.34
kgz,2018,3.43
kgz,2019,3.46
kgz,2020,3.41
kgz,2021,3.38
khm,1990,21.58
khm,1991,21.54
khm,1992,21.54
khm,1993,21.56
khm,1994,21.65
khm,1995,21.7
khm,1996,21.66
khm,1997,21.59
khm,1998,21.55
khm,1999,21.49
khm,2000,21.31
khm,2001,21.24
khm,2002,21.12
khm,2003,20.93
khm,2004,20.88
khm,2005,20.88
khm,2006,20.82
khm,2007,21.04
khm,2008,21.15
khm,2009,21.29
khm,2010,21.39
khm,2011,21.55
khm,2012,21.72
khm,2013,21.89
khm,2014,22.07
khm,2015,22.2
khm,2016,22.32
khm,2017,22.44
khm,2018,22.52
khm,2019,22.54
khm,2020,22.61
khm,2021,22.54
kir,1990,2.65
kir,1991,2.65
kir,1992,2.66
kir,1993,2.7
kir,1994,2.71
kir,1995,2.74
kir,1996,2.76
kir,1997,2.79
kir,1998,2.81
kir,1999,2.86
kir,2000,2.89
kir,2001,2.88
kir,2002,2.88
kir,2003,2.88
kir,2004,2.88
kir,2005,2.88
kir,2006,2.89
kir,2007,2.91
kir,2008,2.92
kir,2009,2.93
kir,2010,2.93
kir,2011,2.93
kir,2012,2.91
kir,2013,2.89
kir,2014,2.88
kir,2015,2.86
kir,2016,2.84
kir,2017,2.83
kir,2018,2.81
kir,2019,2.8
kir,2020,2.79
kir,2021,2.78
kna,1990,7.15
kna,1991,6.32
kna,1992,6.24
kna,1993,6.23
kna,1994,6.61
kna,1995,7.3
kna,1996,7.32
kna,1997,7.47
kna,1998,7.36
kna,1999,7.29
kna,2000,6.92
kna,2001,6.59
kna,2002,6.3
kna,2003,6.23
kna,2004,6.3
kna,2005,6.27
kna,2006,6.45
kna,2007,6.91
kna,2008,6.81
kna,2009,6.91
kna,2010,6.82
kna,2011,6.83
kna,2012,7.01
kna,2013,7.15
kna,2014,7.47
kna,2015,7.52
kna,2016,7.44
kna,2017,7.4
kna,2018,7.36
kna,2019,7.32
kna,2020,7.24
kna,2021,7.23
kor,1990,10
kor,1991,9.72
kor,1992,9.43
kor,1993,9.21
kor,1994,9.07
kor,1995,8.88
kor,1996,8.74
kor,1997,8.71
kor,1998,8.85
kor,1999,9
kor,2000,9.14
kor,2001,9.25
kor,2002,9.27
kor,2003,9.21
kor,2004,9.07
kor,2005,8.9
kor,2006,8.66
kor,2007,8.39
kor,2008,8.11
kor,2009,7.87
kor,2010,7.7
kor,2011,7.47
kor,2012,7.26
kor,2013,7.01
kor,2014,6.81
kor,2015,6.66
kor,2016,6.54
kor,2017,6.41
kor,2018,6.32
kor,2019,6.08
kor,2020,5.89
kor,2021,5.95
kwt,1990,5.13
kwt,1991,4.63
kwt,1992,4.28
kwt,1993,4.51
kwt,1994,4.96
kwt,1995,6.17
kwt,1996,6.38
kwt,1997,7.86
kwt,1998,6.44
kwt,1999,6.81
kwt,2000,7.37
kwt,2001,7
kwt,2002,7.19
kwt,2003,6.74
kwt,2004,6.86
kwt,2005,6.89
kwt,2006,6.91
kwt,2007,6.55
kwt,2008,7.16
kwt,2009,6.33
kwt,2010,5.66
kwt,2011,5.28
kwt,2012,5.5
kwt,2013,5.6
kwt,2014,5.63
kwt,2015,5.67
kwt,2016,4.81
kwt,2017,4.8
kwt,2018,4.61
kwt,2019,4.76
kwt,2020,5.14
kwt,2021,4.78
lao,1990,11.08
lao,1991,11.07
lao,1992,11.08
lao,1993,11.08
lao,1994,11.07
lao,1995,11.05
lao,1996,11.05
lao,1997,11.06
lao,1998,11.08
lao,1999,11.06
lao,2000,10.96
lao,2001,11.01
lao,2002,11.02
lao,2003,11.02
lao,2004,10.99
lao,2005,10.96
lao,2006,10.92
lao,2007,10.85
lao,2008,10.85
lao,2009,10.77
lao,2010,10.65
lao,2011,10.57
lao,2012,10.48
lao,2013,10.44
lao,2014,10.43
lao,2015,10.41
lao,2016,10.35
lao,2017,10.31
lao,2018,10.22
lao,2019,10.17
lao,2020,10.13
lao,2021,10.05
lbn,1990,10.39
lbn,1991,10.16
lbn,1992,10.09
lbn,1993,10.04
lbn,1994,9.82
lbn,1995,9.67
lbn,1996,9.56
lbn,1997,9.51
lbn,1998,9.39
lbn,1999,9.23
lbn,2000,9.05
lbn,2001,8.82
lbn,2002,8.47
lbn,2003,8.24
lbn,2004,8.08
lbn,2005,7.98
lbn,2006,7.85
lbn,2007,7.73
lbn,2008,7.62
lbn,2009,7.5
lbn,2010,7.36
lbn,2011,7.34
lbn,2012,7.27
lbn,2013,7.15
lbn,2014,7.06
lbn,2015,6.88
lbn,2016,6.69
lbn,2017,6.5
lbn,2018,6.35
lbn,2019,6.28
lbn,2020,6.19
lbn,2021,6.12
lbr,1990,15.07
lbr,1991,15.28
lbr,1992,15.23
lbr,1993,15.12
lbr,1994,15.17
lbr,1995,15.11
lbr,1996,15.42
lbr,1997,15.3
lbr,1998,15.27
lbr,1999,15.11
lbr,2000,15.03
lbr,2001,14.67
lbr,2002,14.51
lbr,2003,14.23
lbr,2004,14.14
lbr,2005,14.04
lbr,2006,14.06
lbr,2007,13.94
lbr,2008,14.05
lbr,2009,14.25
lbr,2010,14.34
lbr,2011,14.22
lbr,2012,14.25
lbr,2013,14.2
lbr,2014,13.89
lbr,2015,13.72
lbr,2016,13.52
lbr,2017,13.37
lbr,2018,13.26
lbr,2019,13.29
lbr,2020,13.29
lbr,2021,13.21
lby,1990,6.38
lby,1991,6.26
lby,1992,6.03
lby,1993,5.9
lby,1994,5.76
lby,1995,5.6
lby,1996,5.44
lby,1997,5.5
lby,1998,5.55
lby,1999,5.51
lby,2000,5.5
lby,2001,5.57
lby,2002,5.63
lby,2003,5.62
lby,2004,5.6
lby,2005,5.59
lby,2006,5.42
lby,2007,5.49
lby,2008,5.69
lby,2009,5.81
lby,2010,5.96
lby,2011,6.18
lby,2012,6.25
lby,2013,6.45
lby,2014,6.73
lby,2015,6.91
lby,2016,7.25
lby,2017,7.41
lby,2018,7.33
lby,2019,7.24
lby,2020,7.15
lby,2021,7.02
lca,1990,5.01
lca,1991,5.25
lca,1992,5.33
lca,1993,5.3
lca,1994,5.25
lca,1995,5.36
lca,1996,5.27
lca,1997,5.19
lca,1998,4.84
lca,1999,4.71
lca,2000,4.67
lca,2001,4.62
lca,2002,4.41
lca,2003,4.31
lca,2004,4.23
lca,2005,4.11
lca,2006,3.99
lca,2007,3.91
lca,2008,3.98
lca,2009,3.91
lca,2010,3.67
lca,2011,3.62
lca,2012,3.63
lca,2013,3.86
lca,2014,4.06
lca,2015,4.08
lca,2016,4.28
lca,2017,4.36
lca,2018,4.42
lca,2019,4.44
lca,2020,4.56
lca,2021,4.63
lka,1990,13.64
lka,1991,13.02
lka,1992,13.03
lka,1993,12.83
lka,1994,13.02
lka,1995,13.11
lka,1996,13.15
lka,1997,13.36
lka,1998,12.95
lka,1999,12.72
lka,2000,12.45
lka,2001,11.75
lka,2002,11.18
lka,2003,10.87
lka,2004,10.37
lka,2005,10.24
lka,2006,10.15
lka,2007,9.82
lka,2008,9.69
lka,2009,9.3
lka,2010,8.97
lka,2011,9
lka,2012,8.76
lka,2013,8.66
lka,2014,8.48
lka,2015,8.41
lka,2016,8.27
lka,2017,8.2
lka,2018,8.11
lka,2019,7.96
lka,2020,7.01
lka,2021,7.51
lso,1990,4.64
lso,1991,4.6
lso,1992,4.58
lso,1993,4.56
lso,1994,4.56
lso,1995,4.53
lso,1996,4.51
lso,1997,4.55
lso,1998,4.74
lso,1999,5.02
lso,2000,5.35
lso,2001,5.44
lso,2002,5.52
lso,2003,5.69
lso,2004,5.79
lso,2005,5.83
lso,2006,5.82
lso,2007,5.77
lso,2008,5.72
lso,2009,5.69
lso,2010,5.67
lso,2011,5.65
lso,2012,5.66
lso,2013,5.65
lso,2014,5.65
lso,2015,5.63
lso,2016,5.57
lso,2017,5.5
lso,2018,5.47
lso,2019,5.45
lso,2020,5.38
lso,2021,4.86
ltu,1990,11.74
ltu,1991,13.77
ltu,1992,14.8
ltu,1993,17.2
ltu,1994,17
ltu,1995,15.45
ltu,1996,12.97
ltu,1997,11.3
ltu,1998,11.42
ltu,1999,11.71
ltu,2000,12.09
ltu,2001,13.42
ltu,2002,13.39
ltu,2003,13.1
ltu,2004,13.23
ltu,2005,14.25
ltu,2006,14.82
ltu,2007,15
ltu,2008,13.83
ltu,2009,11.22
ltu,2010,10.59
ltu,2011,10.67
ltu,2012,10.63
ltu,2013,10.88
ltu,2014,10.47
ltu,2015,10.73
ltu,2016,10.75
ltu,2017,9.87
ltu,2018,9.94
ltu,2019,9.85
ltu,2020,9.69
ltu,2021,9.54
lux,1990,10.79
lux,1991,10.98
lux,1992,10.7
lux,1993,10.51
lux,1994,9.98
lux,1995,9.73
lux,1996,9.61
lux,1997,9.45
lux,1998,10.09
lux,1999,10.05
lux,2000,10.22
lux,2001,10.26
lux,2002,10.28
lux,2003,10.56
lux,2004,9.9
lux,2005,9.33
lux,2006,9.37
lux,2007,9.21
lux,2008,8.88
lux,2009,9.06
lux,2010,9.42
lux,2011,9.47
lux,2012,9.67
lux,2013,9.78
lux,2014,9.87
lux,2015,10.02
lux,2016,10.14
lux,2017,9.79
lux,2018,9.67
lux,2019,9.31
lux,2020,8.77
lux,2021,8.36
lva,1990,14.46
lva,1991,15.81
lva,1992,16.81
lva,1993,20.83
lva,1994,22.59
lva,1995,20.05
lva,1996,15.66
lva,1997,14.67
lva,1998,15.28
lva,1999,14.99
lva,2000,15.33
lva,2001,16.44
lva,2002,15.99
lva,2003,14.8
lva,2004,13.71
lva,2005,13.4
lva,2006,13.92
lva,2007,13.3
lva,2008,10.97
lva,2009,9.68
lva,2010,9.07
lva,2011,9.19
lva,2012,8.96
lva,2013,8.88
lva,2014,8.78
lva,2015,8.7
lva,2016,8.18
lva,2017,8.6
lva,2018,8.63
lva,2019,8.17
lva,2020,8.03
lva,2021,8.12
mar,1990,6.9
mar,1991,6.85
mar,1992,6.85
mar,1993,6.82
mar,1994,6.72
mar,1995,6.65
mar,1996,6.61
mar,1997,6.56
mar,1998,6.47
mar,1999,6.4
mar,2000,6.38
mar,2001,6.38
mar,2002,6.36
mar,2003,6.38
mar,2004,6.43
mar,2005,6.48
mar,2006,6.53
mar,2007,6.57
mar,2008,6.53
mar,2009,6.52
mar,2010,6.48
mar,2011,6.46
mar,2012,6.37
mar,2013,5.99
mar,2014,6.01
mar,2015,5.96
mar,2016,5.91
mar,2017,5.82
mar,2018,5.76
mar,2019,5.68
mar,2020,5.61
mar,2021,5.53
mco,1990,3.79
mco,1991,3.77
mco,1992,3.75
mco,1993,3.75
mco,1994,3.77
mco,1995,3.78
mco,1996,3.81
mco,1997,3.85
mco,1998,3.89
mco,1999,3.94
mco,2000,3.99
mco,2001,4.04
mco,2002,4.04
mco,2003,4.05
mco,2004,4.04
mco,2005,4.04
mco,2006,4.03
mco,2007,4.01
mco,2008,3.98
mco,2009,3.98
mco,2010,3.98
mco,2011,3.95
mco,2012,3.95
mco,2013,3.95
mco,2014,3.93
mco,2015,3.9
mco,2016,3.87
mco,2017,3.84
mco,2018,3.82
mco,2019,3.8
mco,2020,3.79
mco,2021,3.78
mda,1990,8.43
mda,1991,8.98
mda,1992,8.56
mda,1993,8.63
mda,1994,9.55
mda,1995,9.43
mda,1996,8.63
mda,1997,7.5
mda,1998,7.03
mda,1999,7.27
mda,2000,7.72
mda,2001,7.65
mda,2002,7.89
mda,2003,8.05
mda,2004,7.99
mda,2005,8.18
mda,2006,7.55
mda,2007,7.33
mda,2008,7.07
mda,2009,6.91
mda,2010,7.1
mda,2011,6.46
mda,2012,6.36
mda,2013,6.11
mda,2014,6.45
mda,2015,6.38
mda,2016,6.11
mda,2017,5.3
mda,2018,5.31
mda,2019,5.27
mda,2020,5.03
mda,2021,5.03
mdg,1990,12.59
mdg,1991,12.46
mdg,1992,12.35
mdg,1993,12.43
mdg,1994,12.14
mdg,1995,11.72
mdg,1996,11.74
mdg,1997,11.76
mdg,1998,11.8
mdg,1999,11.64
mdg,2000,11.58
mdg,2001,11.42
mdg,2002,11.41
mdg,2003,11.33
mdg,2004,11.17
mdg,2005,10.97
mdg,2006,10.81
mdg,2007,10.64
mdg,2008,10.63
mdg,2009,10.6
mdg,2010,10.55
mdg,2011,10.5
mdg,2012,10.42
mdg,2013,10.35
mdg,2014,10.32
mdg,2015,10.29
mdg,2016,10.24
mdg,2017,10.22
mdg,2018,10.2
mdg,2019,10.16
mdg,2020,10.13
mdg,2021,10.05
mdv,1990,8.05
mdv,1991,8
mdv,1992,7.91
mdv,1993,7.85
mdv,1994,7.72
mdv,1995,7.59
mdv,1996,7.58
mdv,1997,7.48
mdv,1998,7.28
mdv,1999,6.99
mdv,2000,6.91
mdv,2001,6.79
mdv,2002,6.52
mdv,2003,6.4
mdv,2004,6.26
mdv,2005,6.15
mdv,2006,6.06
mdv,2007,5.95
mdv,2008,5.86
mdv,2009,5.78
mdv,2010,5.69
mdv,2011,5.6
mdv,2012,5.62
mdv,2013,5.48
mdv,2014,5.42
mdv,2015,5.5
mdv,2016,5.37
mdv,2017,5.22
mdv,2018,5.21
mdv,2019,5.19
mdv,2020,4.81
mdv,2021,4.9
mex,1990,14.36
mex,1991,13.45
mex,1992,12.73
mex,1993,12.08
mex,1994,11.91
mex,1995,11.55
mex,1996,11.29
mex,1997,10.92
mex,1998,9.98
mex,1999,9.59
mex,2000,9.25
mex,2001,9.05
mex,2002,8.85
mex,2003,8.47
mex,2004,8.04
mex,2005,8.07
mex,2006,7.85
mex,2007,8.03
mex,2008,8
mex,2009,7.79
mex,2010,7.62
mex,2011,7.34
mex,2012,7.29
mex,2013,7.44
mex,2014,7.38
mex,2015,7.22
mex,2016,7.18
mex,2017,6.69
mex,2018,6.37
mex,2019,6.17
mex,2020,6.02
mex,2021,6.15
mhl,1990,8.57
mhl,1991,8.63
mhl,1992,8.69
mhl,1993,8.71
mhl,1994,8.68
mhl,1995,8.68
mhl,1996,8.67
mhl,1997,8.68
mhl,1998,8.69
mhl,1999,8.73
mhl,2000,8.78
mhl,2001,8.83
mhl,2002,8.92
mhl,2003,9
mhl,2004,9.06
mhl,2005,9.1
mhl,2006,9.13
mhl,2007,9.12
mhl,2008,9.11
mhl,2009,9.09
mhl,2010,9.04
mhl,2011,8.98
mhl,2012,8.9
mhl,2013,8.82
mhl,2014,8.76
mhl,2015,8.67
mhl,2016,8.57
mhl,2017,8.49
mhl,2018,8.41
mhl,2019,8.35
mhl,2020,8.3
mhl,2021,8.24
mkd,1990,5.13
mkd,1991,5.25
mkd,1992,5.45
mkd,1993,5.59
mkd,1994,5.76
mkd,1995,6.04
mkd,1996,6.3
mkd,1997,6.62
mkd,1998,6.97
mkd,1999,7.07
mkd,2000,6.98
mkd,2001,6.89
mkd,2002,6.79
mkd,2003,6.55
mkd,2004,6.39
mkd,2005,6.46
mkd,2006,6.73
mkd,2007,6.95
mkd,2008,6.87
mkd,2009,6.79
mkd,2010,6.62
mkd,2011,6.39
mkd,2012,6.31
mkd,2013,6.08
mkd,2014,5.98
mkd,2015,5.95
mkd,2016,5.92
mkd,2017,5.94
mkd,2018,6.04
mkd,2019,6.06
mkd,2020,5.39
mkd,2021,5.23
mli,1990,17.97
mli,1991,17.87
mli,1992,17.88
mli,1993,17.86
mli,1994,17.91
mli,1995,17.95
mli,1996,17.85
mli,1997,17.69
mli,1998,17.53
mli,1999,17.38
mli,2000,17.42
mli,2001,17.24
mli,2002,17.34
mli,2003,17.15
mli,2004,17.06
mli,2005,16.98
mli,2006,17.01
mli,2007,16.92
mli,2008,17.08
mli,2009,17.05
mli,2010,17.04
mli,2011,16.98
mli,2012,16.95
mli,2013,17.04
mli,2014,16.89
mli,2015,16.85
mli,2016,16.75
mli,2017,16.67
mli,2018,16.56
mli,2019,16.49
mli,2020,16.34
mli,2021,15.95
mlt,1990,8.62
mlt,1991,8.38
mlt,1992,8.11
mlt,1993,7.57
mlt,1994,7.31
mlt,1995,7.14
mlt,1996,7.03
mlt,1997,7.15
mlt,1998,7.15
mlt,1999,6.93
mlt,2000,7.05
mlt,2001,7.63
mlt,2002,7.74
mlt,2003,7.93
mlt,2004,7.6
mlt,2005,7.24
mlt,2006,7.07
mlt,2007,6.95
mlt,2008,7.07
mlt,2009,6.66
mlt,2010,6.49
mlt,2011,6.26
mlt,2012,6.24
mlt,2013,6.59
mlt,2014,6.58
mlt,2015,6.46
mlt,2016,6.59
mlt,2017,6.55
mlt,2018,6.43
mlt,2019,6.31
mlt,2020,5.98
mlt,2021,6.19
mmr,1990,17.29
mmr,1991,17.37
mmr,1992,17.41
mmr,1993,17.45
mmr,1994,17.45
mmr,1995,17.44
mmr,1996,17.42
mmr,1997,17.4
mmr,1998,17.39
mmr,1999,17.33
mmr,2000,17.28
mmr,2001,17.16
mmr,2002,17.02
mmr,2003,16.89
mmr,2004,16.77
mmr,2005,16.51
mmr,2006,16.23
mmr,2007,15.89
mmr,2008,15.59
mmr,2009,15.35
mmr,2010,15.09
mmr,2011,14.93
mmr,2012,14.6
mmr,2013,14.52
mmr,2014,14.45
mmr,2015,14.35
mmr,2016,14.28
mmr,2017,14.19
mmr,2018,14.09
mmr,2019,14.05
mmr,2020,14.06
mmr,2021,14
mne,1990,7.61
mne,1991,7.6
mne,1992,7.5
mne,1993,7.42
mne,1994,7.44
mne,1995,7.35
mne,1996,7.22
mne,1997,7.24
mne,1998,7.56
mne,1999,7.8
mne,2000,7.73
mne,2001,7.5
mne,2002,7.28
mne,2003,7.1
mne,2004,6.72
mne,2005,6.35
mne,2006,6.23
mne,2007,5.87
mne,2008,5.79
mne,2009,6.03
mne,2010,6.24
mne,2011,6.3
mne,2012,6.35
mne,2013,6.44
mne,2014,6.51
mne,2015,6.64
mne,2016,6.86
mne,2017,7.03
mne,2018,7.06
mne,2019,7.21
mne,2020,7.47
mne,2021,6.92
mng,1990,8.82
mng,1991,9.06
mng,1992,9.23
mng,1993,9.32
mng,1994,9.15
mng,1995,9.16
mng,1996,9.04
mng,1997,8.81
mng,1998,8.48
mng,1999,8.25
mng,2000,8.07
mng,2001,7.92
mng,2002,7.81
mng,2003,7.78
mng,2004,7.76
mng,2005,7.72
mng,2006,7.63
mng,2007,7.52
mng,2008,7.4
mng,2009,7.45
mng,2010,7.52
mng,2011,7.61
mng,2012,7.52
mng,2013,7.3
mng,2014,7.15
mng,2015,7
mng,2016,6.92
mng,2017,6.93
mng,2018,6.82
mng,2019,6.93
mng,2020,6.59
mng,2021,6.26
mnp,1990,8.23
mnp,1991,8.1
mnp,1992,7.97
mnp,1993,7.87
mnp,1994,7.8
mnp,1995,7.71
mnp,1996,7.62
mnp,1997,7.54
mnp,1998,7.45
mnp,1999,7.45
mnp,2000,7.36
mnp,2001,7.24
mnp,2002,7.17
mnp,2003,7.1
mnp,2004,7.04
mnp,2005,7.08
mnp,2006,7.23
mnp,2007,7.23
mnp,2008,7.31
mnp,2009,7.38
mnp,2010,7.49
mnp,2011,7.56
mnp,2012,7.66
mnp,2013,7.78
mnp,2014,7.92
mnp,2015,8.04
mnp,2016,8
mnp,2017,7.95
mnp,2018,7.83
mnp,2019,7.72
mnp,2020,5.61
mnp,2021,7.68
moz,1990,15.65
moz,1991,15.52
moz,1992,15.46
moz,1993,15.39
moz,1994,15.31
moz,1995,15.28
moz,1996,15.32
moz,1997,15.4
moz,1998,15.43
moz,1999,15.46
moz,2000,15.65
moz,2001,15.42
moz,2002,15.64
moz,2003,15.54
moz,2004,15.62
moz,2005,15.73
moz,2006,15.96
moz,2007,16.06
moz,2008,16.38
moz,2009,16.71
moz,2010,17.1
moz,2011,17.28
moz,2012,17.39
moz,2013,17.38
moz,2014,17.27
moz,2015,17.24
moz,2016,17.08
moz,2017,16.97
moz,2018,16.79
moz,2019,16.7
moz,2020,16.51
moz,2021,15.95
mrt,1990,14.16
mrt,1991,14.01
mrt,1992,13.94
mrt,1993,13.83
mrt,1994,13.66
mrt,1995,13.52
mrt,1996,13.47
mrt,1997,13.32
mrt,1998,13.14
mrt,1999,12.93
mrt,2000,12.93
mrt,2001,12.88
mrt,2002,12.77
mrt,2003,12.41
mrt,2004,12.45
mrt,2005,12.41
mrt,2006,12.37
mrt,2007,12.15
mrt,2008,11.88
mrt,2009,12.02
mrt,2010,11.95
mrt,2011,11.83
mrt,2012,11.85
mrt,2013,11.79
mrt,2014,11.63
mrt,2015,11.55
mrt,2016,11.39
mrt,2017,11.48
mrt,2018,11.48
mrt,2019,11.7
mrt,2020,11.73
mrt,2021,11.76
mus,1990,2.36
mus,1991,2.5
mus,1992,2.25
mus,1993,2.22
mus,1994,2.29
mus,1995,3.08
mus,1996,4.33
mus,1997,5.44
mus,1998,5.47
mus,1999,5.34
mus,2000,5.47
mus,2001,5.19
mus,2002,4.85
mus,2003,4.5
mus,2004,4.05
mus,2005,3.98
mus,2006,4.18
mus,2007,4.18
mus,2008,4.24
mus,2009,4.49
mus,2010,4.57
mus,2011,4.52
mus,2012,4.09
mus,2013,3.91
mus,2014,4.01
mus,2015,4.16
mus,2016,4.07
mus,2017,4.24
mus,2018,4.6
mus,2019,4.12
mus,2020,4.01
mus,2021,4
mwi,1990,18.77
mwi,1991,18.72
mwi,1992,18.81
mwi,1993,18.89
mwi,1994,19.12
mwi,1995,19.35
mwi,1996,19.53
mwi,1997,19.68
mwi,1998,19.89
mwi,1999,19.99
mwi,2000,20.14
mwi,2001,19.94
mwi,2002,19.99
mwi,2003,19.99
mwi,2004,20.01
mwi,2005,19.59
mwi,2006,19.32
mwi,2007,18.96
mwi,2008,18.93
mwi,2009,18.89
mwi,2010,18.89
mwi,2011,18.75
mwi,2012,18.53
mwi,2013,18.33
mwi,2014,18.2
mwi,2015,18.27
mwi,2016,18.22
mwi,2017,18.27
mwi,2018,18.45
mwi,2019,18.44
mwi,2020,18.41
mwi,2021,17.82
mys,1990,7.43
mys,1991,7.24
mys,1992,7.24
mys,1993,7.31
mys,1994,7.1
mys,1995,7.16
mys,1996,7.18
mys,1997,7.32
mys,1998,7.45
mys,1999,7.76
mys,2000,7.42
mys,2001,7.12
mys,2002,6.95
mys,2003,7.1
mys,2004,7.02
mys,2005,6.91
mys,2006,6.79
mys,2007,6.74
mys,2008,6.84
mys,2009,6.98
mys,2010,6.99
mys,2011,6.8
mys,2012,6.68
mys,2013,6.67
mys,2014,6.65
mys,2015,6.69
mys,2016,6.57
mys,2017,6.51
mys,2018,6.4
mys,2019,6.3
mys,2020,5.51
mys,2021,6.2
nam,1990,4.74
nam,1991,4.75
nam,1992,4.79
nam,1993,4.83
nam,1994,4.87
nam,1995,4.91
nam,1996,4.94
nam,1997,4.98
nam,1998,5.03
nam,1999,5.12
nam,2000,5.2
nam,2001,5.17
nam,2002,5.2
nam,2003,5.17
nam,2004,5.09
nam,2005,5.04
nam,2006,4.93
nam,2007,4.84
nam,2008,4.76
nam,2009,4.7
nam,2010,4.67
nam,2011,4.59
nam,2012,4.53
nam,2013,4.51
nam,2014,4.51
nam,2015,4.51
nam,2016,4.49
nam,2017,4.47
nam,2018,4.46
nam,2019,4.43
nam,2020,4.4
nam,2021,4.2
ner,1990,15.8
ner,1991,15.71
ner,1992,15.72
ner,1993,15.73
ner,1994,15.72
ner,1995,15.77
ner,1996,15.63
ner,1997,15.66
ner,1998,15.65
ner,1999,15.7
ner,2000,15.85
ner,2001,15.85
ner,2002,15.8
ner,2003,15.73
ner,2004,15.51
ner,2005,15.58
ner,2006,15.49
ner,2007,15.39
ner,2008,15.09
ner,2009,15.13
ner,2010,15.05
ner,2011,15.13
ner,2012,15.17
ner,2013,15.25
ner,2014,15.26
ner,2015,15.3
ner,2016,15.18
ner,2017,15.08
ner,2018,14.89
ner,2019,14.82
ner,2020,14.78
ner,2021,14.67
nga,1990,13.71
nga,1991,13.76
nga,1992,13.84
nga,1993,13.89
nga,1994,13.94
nga,1995,13.94
nga,1996,13.82
nga,1997,13.78
nga,1998,13.72
nga,1999,13.66
nga,2000,13.69
nga,2001,13.63
nga,2002,13.71
nga,2003,13.64
nga,2004,13.62
nga,2005,13.55
nga,2006,13.58
nga,2007,13.42
nga,2008,13.35
nga,2009,13.31
nga,2010,13.34
nga,2011,13.34
nga,2012,13.32
nga,2013,13.28
nga,2014,13.11
nga,2015,12.95
nga,2016,12.83
nga,2017,12.67
nga,2018,12.51
nga,2019,12.37
nga,2020,12.25
nga,2021,12.15
nic,1990,7.02
nic,1991,7.21
nic,1992,7.03
nic,1993,7.06
nic,1994,6.85
nic,1995,6.76
nic,1996,6.75
nic,1997,6.47
nic,1998,6.26
nic,1999,6.21
nic,2000,6.05
nic,2001,6.08
nic,2002,6.17
nic,2003,6.26
nic,2004,6.25
nic,2005,6.34
nic,2006,6.1
nic,2007,6.23
nic,2008,6.31
nic,2009,6.31
nic,2010,6.18
nic,2011,6.23
nic,2012,6.18
nic,2013,6.07
nic,2014,5.9
nic,2015,5.72
nic,2016,5.78
nic,2017,5.56
nic,2018,5.56
nic,2019,5.45
nic,2020,4.97
nic,2021,4.86
niu,1990,7.79
niu,1991,7.84
niu,1992,7.92
niu,1993,7.93
niu,1994,7.9
niu,1995,7.86
niu,1996,7.82
niu,1997,7.82
niu,1998,7.77
niu,1999,7.75
niu,2000,7.69
niu,2001,7.62
niu,2002,7.65
niu,2003,7.65
niu,2004,7.64
niu,2005,7.55
niu,2006,7.52
niu,2007,7.5
niu,2008,7.51
niu,2009,7.44
niu,2010,7.39
niu,2011,7.37
niu,2012,7.34
niu,2013,7.31
niu,2014,7.28
niu,2015,7.26
niu,2016,7.23
niu,2017,7.19
niu,2018,7.14
niu,2019,7.1
niu,2020,7.94
niu,2021,7.94
nld,1990,8.75
nld,1991,8.74
nld,1992,8.43
nld,1993,8.23
nld,1994,8.06
nld,1995,7.92
nld,1996,8.05
nld,1997,7.78
nld,1998,7.77
nld,1999,8.22
nld,2000,8.58
nld,2001,9.35
nld,2002,9.15
nld,2003,9.19
nld,2004,9.02
nld,2005,9.19
nld,2006,9.31
nld,2007,9.27
nld,2008,9.42
nld,2009,9.6
nld,2010,9.93
nld,2011,10.09
nld,2012,10.79
nld,2013,11.24
nld,2014,11.45
nld,2015,12.35
nld,2016,13.24
nld,2017,13.72
nld,2018,14.55
nld,2019,14.17
nld,2020,14.22
nld,2021,14.21
nor,1990,12.15
nor,1991,11.85
nor,1992,11.47
nor,1993,11.92
nor,1994,11.63
nor,1995,11.33
nor,1996,12.12
nor,1997,12.19
nor,1998,12.27
nor,1999,12.66
nor,2000,12.1
nor,2001,11.88
nor,2002,11.42
nor,2003,11.04
nor,2004,10.58
nor,2005,10.36
nor,2006,10.24
nor,2007,10.48
nor,2008,10.73
nor,2009,11.09
nor,2010,11.3
nor,2011,11.59
nor,2012,11.84
nor,2013,12.07
nor,2014,11.94
nor,2015,11.73
nor,2016,11.85
nor,2017,11.93
nor,2018,11.96
nor,2019,11.45
nor,2020,11.07
nor,2021,11.19
npl,1990,17
npl,1991,16.86
npl,1992,16.68
npl,1993,16.67
npl,1994,16.56
npl,1995,16.4
npl,1996,16.18
npl,1997,16.05
npl,1998,15.89
npl,1999,15.72
npl,2000,15.54
npl,2001,15.32
npl,2002,15.14
npl,2003,15.02
npl,2004,14.93
npl,2005,14.98
npl,2006,15
npl,2007,15.05
npl,2008,15.1
npl,2009,15.15
npl,2010,15.22
npl,2011,15.34
npl,2012,15.42
npl,2013,15.61
npl,2014,15.67
npl,2015,15.9
npl,2016,15.97
npl,2017,16.08
npl,2018,16.06
npl,2019,16.07
npl,2020,16.12
npl,2021,16.09
nru,1990,8.53
nru,1991,8.56
nru,1992,8.6
nru,1993,8.62
nru,1994,8.69
nru,1995,8.78
nru,1996,8.88
nru,1997,8.99
nru,1998,9.11
nru,1999,9.2
nru,2000,9.29
nru,2001,9.4
nru,2002,9.53
nru,2003,9.61
nru,2004,9.68
nru,2005,9.73
nru,2006,9.76
nru,2007,9.8
nru,2008,9.83
nru,2009,9.83
nru,2010,9.8
nru,2011,9.75
nru,2012,9.67
nru,2013,9.55
nru,2014,9.41
nru,2015,9.29
nru,2016,9.17
nru,2017,9.08
nru,2018,8.98
nru,2019,8.9
nru,2020,8.86
nru,2021,8.79
nzl,1990,6.88
nzl,1991,6.05
nzl,1992,6
nzl,1993,5.89
nzl,1994,5.9
nzl,1995,6.11
nzl,1996,6.16
nzl,1997,5.73
nzl,1998,5.12
nzl,1999,5.64
nzl,2000,5.76
nzl,2001,6.16
nzl,2002,6.42
nzl,2003,6.7
nzl,2004,6.7
nzl,2005,6.58
nzl,2006,7
nzl,2007,7.46
nzl,2008,7.91
nzl,2009,7.92
nzl,2010,8.38
nzl,2011,8.08
nzl,2012,8.01
nzl,2013,7.7
nzl,2014,8.05
nzl,2015,8
nzl,2016,7.82
nzl,2017,7.96
nzl,2018,7.81
nzl,2019,7.76
nzl,2020,7.12
nzl,2021,7.37
omn,1990,9.34
omn,1991,9.18
omn,1992,9.1
omn,1993,8.99
omn,1994,8.95
omn,1995,8.81
omn,1996,8.65
omn,1997,8.48
omn,1998,8.31
omn,1999,8.16
omn,2000,8
omn,2001,7.77
omn,2002,7.58
omn,2003,7.43
omn,2004,7.27
omn,2005,7.09
omn,2006,6.98
omn,2007,7.08
omn,2008,7.3
omn,2009,7.58
omn,2010,7.47
omn,2011,7.59
omn,2012,7.8
omn,2013,7.67
omn,2014,7.55
omn,2015,7.59
omn,2016,7.69
omn,2017,7.45
omn,2018,7
omn,2019,6.84
omn,2020,6.79
omn,2021,6.02
pak,1990,13.72
pak,1991,13.78
pak,1992,13.86
pak,1993,14.04
pak,1994,14.25
pak,1995,14.45
pak,1996,14.54
pak,1997,14.59
pak,1998,14.57
pak,1999,14.52
pak,2000,14.48
pak,2001,14.46
pak,2002,14.39
pak,2003,14.3
pak,2004,14.16
pak,2005,14.02
pak,2006,13.82
pak,2007,13.64
pak,2008,13.57
pak,2009,13.46
pak,2010,13.33
pak,2011,13.18
pak,2012,13.02
pak,2013,12.97
pak,2014,12.81
pak,2015,12.76
pak,2016,12.69
pak,2017,12.65
pak,2018,12.52
pak,2019,12.46
pak,2020,12.3
pak,2021,12.09
pan,1990,5.67
pan,1991,5.5
pan,1992,5.58
pan,1993,5.83
pan,1994,5.72
pan,1995,5.73
pan,1996,5.53
pan,1997,5.42
pan,1998,5.05
pan,1999,4.75
pan,2000,4.41
pan,2001,4.2
pan,2002,4.29
pan,2003,4.18
pan,2004,4.02
pan,2005,3.95
pan,2006,4.09
pan,2007,3.93
pan,2008,3.86
pan,2009,3.88
pan,2010,3.87
pan,2011,3.9
pan,2012,3.97
pan,2013,3.9
pan,2014,3.73
pan,2015,3.49
pan,2016,3.23
pan,2017,3.05
pan,2018,2.83
pan,2019,2.78
pan,2020,2.76
pan,2021,2.68
per,1990,5.86
per,1991,5.6
per,1992,5.81
per,1993,5.87
per,1994,5.89
per,1995,5.9
per,1996,5.77
per,1997,5.78
per,1998,5.79
per,1999,5.58
per,2000,5.49
per,2001,5.26
per,2002,5.19
per,2003,5.14
per,2004,5.02
per,2005,4.94
per,2006,4.85
per,2007,4.74
per,2008,4.73
per,2009,4.92
per,2010,4.95
per,2011,4.93
per,2012,4.94
per,2013,4.96
per,2014,4.81
per,2015,4.8
per,2016,4.91
per,2017,5.16
per,2018,5.39
per,2019,5.91
per,2020,5.5
per,2021,5.28
phl,1990,6.8
phl,1991,6.4
phl,1992,6.27
phl,1993,6.2
phl,1994,6.17
phl,1995,6.18
phl,1996,6.19
phl,1997,6.11
phl,1998,6.1
phl,1999,6.11
phl,2000,6.12
phl,2001,6.15
phl,2002,6.18
phl,2003,6.12
phl,2004,6.07
phl,2005,6.15
phl,2006,6.2
phl,2007,6.2
phl,2008,6.27
phl,2009,6.29
phl,2010,6.3
phl,2011,6.3
phl,2012,6.32
phl,2013,6.32
phl,2014,6.29
phl,2015,6.37
phl,2016,6.41
phl,2017,6.43
phl,2018,6.49
phl,2019,6.56
phl,2020,6.28
phl,2021,6.4
plw,1990,19.08
plw,1991,18.89
plw,1992,18.71
plw,1993,18.62
plw,1994,18.19
plw,1995,17.9
plw,1996,17.72
plw,1997,17.59
plw,1998,17.49
plw,1999,17.39
plw,2000,17.21
plw,2001,17.1
plw,2002,16.96
plw,2003,16.82
plw,2004,16.83
plw,2005,16.91
plw,2006,16.97
plw,2007,17.06
plw,2008,17.16
plw,2009,17.23
plw,2010,17.32
plw,2011,17.45
plw,2012,17.55
plw,2013,18.01
plw,2014,17.88
plw,2015,17.77
plw,2016,17.83
plw,2017,17.81
plw,2018,17.48
plw,2019,17.17
plw,2020,16.97
plw,2021,16.91
png,1990,8.23
png,1991,8.27
png,1992,8.25
png,1993,8.23
png,1994,8.19
png,1995,8.18
png,1996,8.22
png,1997,8.2
png,1998,8.25
png,1999,8.3
png,2000,8.35
png,2001,8.39
png,2002,8.51
png,2003,8.52
png,2004,8.54
png,2005,8.63
png,2006,8.7
png,2007,8.72
png,2008,8.7
png,2009,8.6
png,2010,8.72
png,2011,8.81
png,2012,8.8
png,2013,8.7
png,2014,8.71
png,2015,8.76
png,2016,8.76
png,2017,8.82
png,2018,8.81
png,2019,8.88
png,2020,8.84
png,2021,8.7
pol,1990,12.51
pol,1991,13.22
pol,1992,12.78
pol,1993,12.54
pol,1994,12.68
pol,1995,12.71
pol,1996,12.41
pol,1997,12.41
pol,1998,12.86
pol,1999,13.03
pol,2000,11.97
pol,2001,11.51
pol,2002,10.99
pol,2003,10.61
pol,2004,10.45
pol,2005,10.22
pol,2006,10.06
pol,2007,10.16
pol,2008,10.19
pol,2009,9.49
pol,2010,9.36
pol,2011,9.44
pol,2012,9.64
pol,2013,9.39
pol,2014,9
pol,2015,8.68
pol,2016,8.55
pol,2017,8.64
pol,2018,8.64
pol,2019,8.49
pol,2020,8.33
pol,2021,8.31
pri,1990,5.85
pri,1991,5.65
pri,1992,5.33
pri,1993,5.45
pri,1994,5.57
pri,1995,5.78
pri,1996,5.75
pri,1997,5.48
pri,1998,5.53
pri,1999,5.22
pri,2000,4.8
pri,2001,4.59
pri,2002,3.88
pri,2003,3.99
pri,2004,4.36
pri,2005,4.57
pri,2006,4.59
pri,2007,4.83
pri,2008,4.66
pri,2009,4.73
pri,2010,4.54
pri,2011,4.88
pri,2012,4.53
pri,2013,4.82
pri,2014,4.8
pri,2015,4.79
pri,2016,4.76
pri,2017,5.04
pri,2018,4.58
pri,2019,4.39
pri,2020,4.32
pri,2021,4.34
prk,1990,7.45
prk,1991,7.45
prk,1992,7.45
prk,1993,7.46
prk,1994,7.46
prk,1995,7.47
prk,1996,7.48
prk,1997,7.49
prk,1998,7.51
prk,1999,7.55
prk,2000,7.59
prk,2001,7.64
prk,2002,7.74
prk,2003,7.82
prk,2004,7.88
prk,2005,7.94
prk,2006,8.04
prk,2007,8.15
prk,2008,8.29
prk,2009,8.42
prk,2010,8.45
prk,2011,8.41
prk,2012,8.37
prk,2013,8.26
prk,2014,8.18
prk,2015,8.08
prk,2016,8
prk,2017,7.91
prk,2018,7.83
prk,2019,7.76
prk,2020,7.69
prk,2021,7.61
prt,1990,7.24
prt,1991,7.13
prt,1992,6.4
prt,1993,6.19
prt,1994,5.65
prt,1995,5.5
prt,1996,5.36
prt,1997,5.28
prt,1998,5.24
prt,1999,5.16
prt,2000,5.33
prt,2001,5.44
prt,2002,6.14
prt,2003,6.32
prt,2004,5.66
prt,2005,4.82
prt,2006,4.71
prt,2007,4.6
prt,2008,4.54
prt,2009,4.49
prt,2010,4.43
prt,2011,4.21
prt,2012,4.19
prt,2013,4.62
prt,2014,4.89
prt,2015,5.22
prt,2016,5.62
prt,2017,5.78
prt,2018,5.85
prt,2019,5.72
prt,2020,5.57
prt,2021,5.48
pry,1990,4.48
pry,1991,4.37
pry,1992,4.51
pry,1993,4.6
pry,1994,4.64
pry,1995,4.72
pry,1996,4.78
pry,1997,4.69
pry,1998,4.69
pry,1999,4.7
pry,2000,4.68
pry,2001,4.62
pry,2002,4.65
pry,2003,4.72
pry,2004,4.82
pry,2005,4.89
pry,2006,5.01
pry,2007,5.12
pry,2008,5.22
pry,2009,5.42
pry,2010,5.59
pry,2011,5.64
pry,2012,5.69
pry,2013,5.83
pry,2014,5.84
pry,2015,5.99
pry,2016,6.12
pry,2017,6.03
pry,2018,6.24
pry,2019,6.37
pry,2020,5.78
pry,2021,5.6
pse,1990,8.93
pse,1991,8.88
pse,1992,8.82
pse,1993,8.76
pse,1994,8.68
pse,1995,8.6
pse,1996,8.53
pse,1997,8.49
pse,1998,8.4
pse,1999,8.32
pse,2000,8.28
pse,2001,8.27
pse,2002,8.26
pse,2003,8.2
pse,2004,8.2
pse,2005,8.17
pse,2006,8.09
pse,2007,8.03
pse,2008,7.91
pse,2009,7.76
pse,2010,7.52
pse,2011,7.4
pse,2012,7.23
pse,2013,7.06
pse,2014,6.91
pse,2015,6.62
pse,2016,6.28
pse,2017,6.04
pse,2018,5.81
pse,2019,5.7
pse,2020,5.54
pse,2021,5.6
qat,1990,15.82
qat,1991,15.52
qat,1992,15.19
qat,1993,15.2
qat,1994,13.41
qat,1995,11.69
qat,1996,13.36
qat,1997,15.08
qat,1998,14.96
qat,1999,14.87
qat,2000,15.78
qat,2001,16.3
qat,2002,16.05
qat,2003,15.4
qat,2004,15.29
qat,2005,14.79
qat,2006,13.76
qat,2007,13.36
qat,2008,12.95
qat,2009,12.67
qat,2010,12.01
qat,2011,11.21
qat,2012,10.3
qat,2013,9.31
qat,2014,8.59
qat,2015,7.63
qat,2016,7.47
qat,2017,7.48
qat,2018,7.49
qat,2019,7.29
qat,2020,7.36
qat,2021,7.35
rou,1990,10.34
rou,1991,9.85
rou,1992,10.32
rou,1993,10.19
rou,1994,10.05
rou,1995,10.15
rou,1996,9.82
rou,1997,9.2
rou,1998,8.36
rou,1999,7.73
rou,2000,7.32
rou,2001,7.3
rou,2002,7.43
rou,2003,7.34
rou,2004,6.91
rou,2005,6.41
rou,2006,6.17
rou,2007,6.19
rou,2008,6.56
rou,2009,6.55
rou,2010,6.46
rou,2011,5.96
rou,2012,5.89
rou,2013,5.7
rou,2014,6
rou,2015,5.95
rou,2016,6.24
rou,2017,6.27
rou,2018,6.47
rou,2019,6.38
rou,2020,6.2
rou,2021,6.25
rus,1990,5.91
rus,1991,6.01
rus,1992,6.84
rus,1993,8.47
rus,1994,9.15
rus,1995,8.48
rus,1996,7.51
rus,1997,6.71
rus,1998,6.73
rus,1999,8.36
rus,2000,9.86
rus,2001,10.66
rus,2002,10.95
rus,2003,10.93
rus,2004,10.52
rus,2005,10.42
rus,2006,9.23
rus,2007,8.7
rus,2008,8.71
rus,2009,8.06
rus,2010,7.99
rus,2011,7.51
rus,2012,7.34
rus,2013,7.28
rus,2014,7.46
rus,2015,7.18
rus,2016,6.98
rus,2017,6.37
rus,2018,6.36
rus,2019,6.35
rus,2020,6.17
rus,2021,6.14
rwa,1990,18.96
rwa,1991,19.24
rwa,1992,19.55
rwa,1993,19.8
rwa,1994,20
rwa,1995,20.12
rwa,1996,20.11
rwa,1997,20.13
rwa,1998,20.04
rwa,1999,19.73
rwa,2000,19.3
rwa,2001,18.61
rwa,2002,18.06
rwa,2003,17.47
rwa,2004,17.09
rwa,2005,16.69
rwa,2006,16.37
rwa,2007,16.02
rwa,2008,15.68
rwa,2009,15.36
rwa,2010,15.22
rwa,2011,15.1
rwa,2012,14.96
rwa,2013,14.89
rwa,2014,14.83
rwa,2015,14.73
rwa,2016,14.61
rwa,2017,14.63
rwa,2018,14.61
rwa,2019,14.6
rwa,2020,14.7
rwa,2021,14.7
sau,1990,6.99
sau,1991,7
sau,1992,6.98
sau,1993,6.94
sau,1994,6.88
sau,1995,6.82
sau,1996,6.74
sau,1997,6.65
sau,1998,6.56
sau,1999,6.48
sau,2000,6.4
sau,2001,6.3
sau,2002,6.24
sau,2003,6.19
sau,2004,6.1
sau,2005,6.08
sau,2006,6.03
sau,2007,5.97
sau,2008,5.88
sau,2009,5.8
sau,2010,5.71
sau,2011,5.6
sau,2012,5.51
sau,2013,5.46
sau,2014,5.41
sau,2015,5.33
sau,2016,5.31
sau,2017,5.24
sau,2018,5.17
sau,2019,5.09
sau,2020,5.02
sau,2021,4.96
sdn,1990,8.03
sdn,1991,7.98
sdn,1992,7.92
sdn,1993,7.85
sdn,1994,7.79
sdn,1995,7.69
sdn,1996,7.58
sdn,1997,7.47
sdn,1998,7.37
sdn,1999,7.25
sdn,2000,7.19
sdn,2001,7.09
sdn,2002,7.03
sdn,2003,6.91
sdn,2004,6.85
sdn,2005,6.78
sdn,2006,6.69
sdn,2007,6.62
sdn,2008,6.57
sdn,2009,6.5
sdn,2010,6.41
sdn,2011,6.32
sdn,2012,6.25
sdn,2013,6.17
sdn,2014,6.11
sdn,2015,5.99
sdn,2016,5.89
sdn,2017,5.8
sdn,2018,5.74
sdn,2019,5.67
sdn,2020,5.61
sdn,2021,5.54
sen,1990,15.3
sen,1991,15.34
sen,1992,15.41
sen,1993,15.43
sen,1994,15.49
sen,1995,15.28
sen,1996,15.22
sen,1997,15.04
sen,1998,14.95
sen,1999,14.88
sen,2000,14.58
sen,2001,15.5
sen,2002,15.4
sen,2003,14.95
sen,2004,15.08
sen,2005,14.91
sen,2006,14.73
sen,2007,14.71
sen,2008,14.81
sen,2009,14.94
sen,2010,14.7
sen,2011,14.72
sen,2012,14.56
sen,2013,14.74
sen,2014,14.93
sen,2015,14.68
sen,2016,14.77
sen,2017,14.68
sen,2018,14.62
sen,2019,14.79
sen,2020,14.71
sen,2021,14.53
sgp,1990,4.41
sgp,1991,4.62
sgp,1992,4.8
sgp,1993,4.55
sgp,1994,4.47
sgp,1995,4.78
sgp,1996,4.74
sgp,1997,4.82
sgp,1998,4.59
sgp,1999,4.62
sgp,2000,4.66
sgp,2001,4.59
sgp,2002,4.46
sgp,2003,4.38
sgp,2004,4.27
sgp,2005,4.2
sgp,2006,4.16
sgp,2007,4.01
sgp,2008,3.78
sgp,2009,3.6
sgp,2010,3.48
sgp,2011,3.5
sgp,2012,3.41
sgp,2013,3.28
sgp,2014,3.12
sgp,2015,3.05
sgp,2016,2.93
sgp,2017,2.91
sgp,2018,2.91
sgp,2019,2.81
sgp,2020,2.78
sgp,2021,2.68
slb,1990,8.78
slb,1991,8.86
slb,1992,8.85
slb,1993,8.87
slb,1994,8.89
slb,1995,8.82
slb,1996,8.82
slb,1997,8.88
slb,1998,8.95
slb,1999,8.97
slb,2000,9.03
slb,2001,9.02
slb,2002,9.14
slb,2003,9.18
slb,2004,9.18
slb,2005,9.23
slb,2006,9.34
slb,2007,9.32
slb,2008,9.24
slb,2009,9.39
slb,2010,9.35
slb,2011,9.55
slb,2012,9.58
slb,2013,9.62
slb,2014,9.66
slb,2015,9.67
slb,2016,9.57
slb,2017,9.56
slb,2018,9.5
slb,2019,9.5
slb,2020,9.48
slb,2021,9.39
sle,1990,14.25
sle,1991,14.12
sle,1992,14.15
sle,1993,14.15
sle,1994,14.07
sle,1995,14.06
sle,1996,14.08
sle,1997,14.13
sle,1998,14.13
sle,1999,14.01
sle,2000,14.02
sle,2001,14.01
sle,2002,14.06
sle,2003,14.04
sle,2004,14.05
sle,2005,14.01
sle,2006,13.98
sle,2007,13.84
sle,2008,13.68
sle,2009,13.55
sle,2010,13.59
sle,2011,13.47
sle,2012,13.43
sle,2013,13.39
sle,2014,13.23
sle,2015,13.19
sle,2016,13.05
sle,2017,13.03
sle,2018,12.94
sle,2019,12.89
sle,2020,12.82
sle,2021,12.76
slv,1990,8.94
slv,1991,8.68
slv,1992,8.59
slv,1993,8.52
slv,1994,8.39
slv,1995,8.04
slv,1996,7.8
slv,1997,7.72
slv,1998,7.68
slv,1999,7.18
slv,2000,7.01
slv,2001,6.83
slv,2002,6.63
slv,2003,6.7
slv,2004,6.82
slv,2005,6.85
slv,2006,6.85
slv,2007,6.77
slv,2008,6.64
slv,2009,6.77
slv,2010,6.51
slv,2011,6.47
slv,2012,6.22
slv,2013,6.28
slv,2014,6.46
slv,2015,6.73
slv,2016,6.57
slv,2017,6.52
slv,2018,6.19
slv,2019,6.2
slv,2020,6.21
slv,2021,5.99
smr,1990,4.98
smr,1991,4.94
smr,1992,4.91
smr,1993,4.86
smr,1994,4.83
smr,1995,4.78
smr,1996,4.72
smr,1997,4.63
smr,1998,4.57
smr,1999,4.5
smr,2000,4.45
smr,2001,4.39
smr,2002,4.34
smr,2003,4.29
smr,2004,3.89
smr,2005,3.89
smr,2006,3.95
smr,2007,3.99
smr,2008,4.02
smr,2009,4.07
smr,2010,4.13
smr,2011,4.16
smr,2012,4.19
smr,2013,4.22
smr,2014,4.29
smr,2015,4.31
smr,2016,4.32
smr,2017,4.34
smr,2018,4.29
smr,2019,4.22
smr,2020,2.69
smr,2021,2.54
som,1990,16.66
som,1991,16.62
som,1992,16.66
som,1993,16.71
som,1994,16.8
som,1995,16.91
som,1996,16.98
som,1997,17.03
som,1998,17.07
som,1999,17.08
som,2000,17.14
som,2001,17.09
som,2002,17.03
som,2003,16.94
som,2004,16.89
som,2005,16.8
som,2006,16.81
som,2007,16.8
som,2008,16.86
som,2009,16.89
som,2010,16.84
som,2011,16.78
som,2012,16.55
som,2013,16.38
som,2014,16.31
som,2015,16.23
som,2016,16.17
som,2017,16.12
som,2018,16.12
som,2019,16.1
som,2020,15.71
som,2021,14.89
srb,1990,7.41
srb,1991,7.37
srb,1992,7.25
srb,1993,7.3
srb,1994,7.5
srb,1995,7.59
srb,1996,7.57
srb,1997,7.42
srb,1998,6.98
srb,1999,6.85
srb,2000,6.69
srb,2001,6.35
srb,2002,6.02
srb,2003,5.95
srb,2004,5.72
srb,2005,5.54
srb,2006,5.42
srb,2007,5.37
srb,2008,5.24
srb,2009,5.09
srb,2010,4.94
srb,2011,4.89
srb,2012,4.86
srb,2013,4.75
srb,2014,4.74
srb,2015,4.78
srb,2016,4.71
srb,2017,4.71
srb,2018,4.55
srb,2019,4.54
srb,2020,4.56
srb,2021,4.38
ssd,1990,14.66
ssd,1991,14.67
ssd,1992,14.74
ssd,1993,14.79
ssd,1994,14.82
ssd,1995,15.02
ssd,1996,14.98
ssd,1997,14.74
ssd,1998,14.74
ssd,1999,14.67
ssd,2000,14.64
ssd,2001,14.37
ssd,2002,14.22
ssd,2003,14.2
ssd,2004,14.18
ssd,2005,14.06
ssd,2006,14.07
ssd,2007,14
ssd,2008,13.94
ssd,2009,13.92
ssd,2010,13.85
ssd,2011,13.8
ssd,2012,13.91
ssd,2013,14
ssd,2014,14.1
ssd,2015,14.15
ssd,2016,14.24
ssd,2017,14.35
ssd,2018,14.54
ssd,2019,14.63
ssd,2020,14.63
ssd,2021,14.51
stp,1990,14.78
stp,1991,14.81
stp,1992,14.86
stp,1993,14.32
stp,1994,14.48
stp,1995,14.43
stp,1996,14.76
stp,1997,15.03
stp,1998,15.32
stp,1999,15.41
stp,2000,15.27
stp,2001,15.33
stp,2002,15.38
stp,2003,15.4
stp,2004,15.48
stp,2005,15.39
stp,2006,15.64
stp,2007,15.59
stp,2008,15.54
stp,2009,15.57
stp,2010,15.59
stp,2011,15.36
stp,2012,15.33
stp,2013,15.32
stp,2014,15.52
stp,2015,15.46
stp,2016,15.39
stp,2017,15.11
stp,2018,15.08
stp,2019,14.93
stp,2020,14.69
stp,2021,14.3
sur,1990,6.09
sur,1991,6.07
sur,1992,6.2
sur,1993,6.64
sur,1994,6.66
sur,1995,6.43
sur,1996,6.42
sur,1997,6.54
sur,1998,6.4
sur,1999,6.41
sur,2000,6.3
sur,2001,6.26
sur,2002,6.39
sur,2003,6.53
sur,2004,6.54
sur,2005,6.5
sur,2006,6.46
sur,2007,6.4
sur,2008,6.31
sur,2009,6.26
sur,2010,6.23
sur,2011,6.23
sur,2012,6.21
sur,2013,6.31
sur,2014,6.34
sur,2015,6.27
sur,2016,6.19
sur,2017,6.2
sur,2018,6.33
sur,2019,6.34
sur,2020,6.15
sur,2021,5.48
svk,1990,15.24
svk,1991,15.11
svk,1992,14.96
svk,1993,14.67
svk,1994,14.1
svk,1995,13.67
svk,1996,12.9
svk,1997,12.53
svk,1998,11.79
svk,1999,11.18
svk,2000,10.55
svk,2001,10.12
svk,2002,9.86
svk,2003,9.7
svk,2004,9.48
svk,2005,9.61
svk,2006,9.68
svk,2007,9.84
svk,2008,9.86
svk,2009,9.91
svk,2010,9.96
svk,2011,10.19
svk,2012,10.4
svk,2013,10.45
svk,2014,10.39
svk,2015,10.43
svk,2016,10.14
svk,2017,10.09
svk,2018,10.01
svk,2019,9.56
svk,2020,9.4
svk,2021,9.18
svn,1990,17.86
svn,1991,18.57
svn,1992,18.57
svn,1993,19.73
svn,1994,19.35
svn,1995,18.07
svn,1996,17.46
svn,1997,17.15
svn,1998,16.11
svn,1999,15.64
svn,2000,15.12
svn,2001,15.35
svn,2002,14.25
svn,2003,14.99
svn,2004,14.24
svn,2005,13.2
svn,2006,14.36
svn,2007,15.17
svn,2008,15.61
svn,2009,15.19
svn,2010,14.71
svn,2011,14.26
svn,2012,13.86
svn,2013,13.27
svn,2014,11.65
svn,2015,11.87
svn,2016,12.12
svn,2017,13.29
svn,2018,13.46
svn,2019,13.27
svn,2020,13.46
svn,2021,12.38
swe,1990,7.91
swe,1991,8.08
swe,1992,7.64
swe,1993,7.57
swe,1994,7.32
swe,1995,7.26
swe,1996,7.4
swe,1997,7.32
swe,1998,7.06
swe,1999,7.11
swe,2000,7.12
swe,2001,7.5
swe,2002,7.96
swe,2003,8.21
swe,2004,8.37
swe,2005,8.29
swe,2006,8.08
swe,2007,8.27
swe,2008,8.35
swe,2009,8.15
swe,2010,8.39
swe,2011,8.33
swe,2012,8.35
swe,2013,8.42
swe,2014,8.39
swe,2015,8.48
swe,2016,8.25
swe,2017,8.14
swe,2018,8.11
swe,2019,7.92
swe,2020,7.79
swe,2021,7.5
swz,1990,5.14
swz,1991,5.15
swz,1992,5.13
swz,1993,5.1
swz,1994,5.14
swz,1995,5.21
swz,1996,5.28
swz,1997,5.32
swz,1998,5.39
swz,1999,5.49
swz,2000,5.63
swz,2001,5.74
swz,2002,5.8
swz,2003,5.82
swz,2004,5.83
swz,2005,5.8
swz,2006,5.73
swz,2007,5.7
swz,2008,5.63
swz,2009,5.57
swz,2010,5.49
swz,2011,5.4
swz,2012,5.33
swz,2013,5.27
swz,2014,5.19
swz,2015,5.1
swz,2016,5.04
swz,2017,4.98
swz,2018,4.91
swz,2019,4.84
swz,2020,4.67
swz,2021,4.2
syc,1990,7.51
syc,1991,7.22
syc,1992,7
syc,1993,6.77
syc,1994,6.62
syc,1995,6.36
syc,1996,6.11
syc,1997,5.87
syc,1998,5.68
syc,1999,5.53
syc,2000,5.36
syc,2001,5.31
syc,2002,5.29
syc,2003,5.25
syc,2004,5.1
syc,2005,5.03
syc,2006,5
syc,2007,4.92
syc,2008,4.86
syc,2009,4.86
syc,2010,4.8
syc,2011,4.75
syc,2012,4.75
syc,2013,4.72
syc,2014,4.7
syc,2015,4.72
syc,2016,4.71
syc,2017,4.66
syc,2018,4.63
syc,2019,4.59
syc,2020,4.21
syc,2021,3.79
syr,1990,4.59
syr,1991,4.63
syr,1992,4.71
syr,1993,4.62
syr,1994,4.57
syr,1995,4.53
syr,1996,4.54
syr,1997,4.49
syr,1998,4.36
syr,1999,4.38
syr,2000,4.48
syr,2001,4.34
syr,2002,4.26
syr,2003,4.02
syr,2004,3.91
syr,2005,3.85
syr,2006,3.85
syr,2007,3.82
syr,2008,3.86
syr,2009,3.82
syr,2010,3.83
syr,2011,3.81
syr,2012,3.73
syr,2013,3.7
syr,2014,3.71
syr,2015,3.65
syr,2016,3.63
syr,2017,3.61
syr,2018,3.57
syr,2019,3.52
syr,2020,3.46
syr,2021,3.39
tcd,1990,14.01
tcd,1991,13.94
tcd,1992,14.12
tcd,1993,14.34
tcd,1994,14.39
tcd,1995,14.46
tcd,1996,14.73
tcd,1997,14.95
tcd,1998,15.13
tcd,1999,15.29
tcd,2000,15.5
tcd,2001,15.57
tcd,2002,15.68
tcd,2003,15.73
tcd,2004,15.64
tcd,2005,15.54
tcd,2006,15.53
tcd,2007,15.57
tcd,2008,15.67
tcd,2009,15.63
tcd,2010,15.67
tcd,2011,15.64
tcd,2012,15.6
tcd,2013,15.55
tcd,2014,15.44
tcd,2015,15.41
tcd,2016,15.36
tcd,2017,15.36
tcd,2018,15.32
tcd,2019,15.28
tcd,2020,15.26
tcd,2021,15.2
tgo,1990,14.4
tgo,1991,14.44
tgo,1992,14.51
tgo,1993,14.62
tgo,1994,14.65
tgo,1995,14.61
tgo,1996,14.63
tgo,1997,14.69
tgo,1998,14.75
tgo,1999,14.64
tgo,2000,14.68
tgo,2001,14.6
tgo,2002,14.66
tgo,2003,14.56
tgo,2004,14.34
tgo,2005,14.25
tgo,2006,14.33
tgo,2007,14.23
tgo,2008,14.43
tgo,2009,14.46
tgo,2010,14.43
tgo,2011,14.37
tgo,2012,14.19
tgo,2013,14.07
tgo,2014,13.9
tgo,2015,13.84
tgo,2016,13.77
tgo,2017,13.75
tgo,2018,13.64
tgo,2019,13.59
tgo,2020,13.54
tgo,2021,13.52
tha,1990,8.88
tha,1991,8.99
tha,1992,8.99
tha,1993,9.09
tha,1994,9.06
tha,1995,9.04
tha,1996,8.99
tha,1997,8.61
tha,1998,8.52
tha,1999,8.64
tha,2000,8.8
tha,2001,8.94
tha,2002,9.17
tha,2003,9.23
tha,2004,9.26
tha,2005,9.22
tha,2006,8.68
tha,2007,8.33
tha,2008,7.97
tha,2009,7.6
tha,2010,7.39
tha,2011,7.17
tha,2012,6.94
tha,2013,6.7
tha,2014,6.57
tha,2015,6.49
tha,2016,6.4
tha,2017,6.32
tha,2018,6.38
tha,2019,6.5
tha,2020,6.48
tha,2021,6.49
tjk,1990,6.4
tjk,1991,6.47
tjk,1992,6.76
tjk,1993,6.85
tjk,1994,7.06
tjk,1995,6.98
tjk,1996,6.76
tjk,1997,6.54
tjk,1998,6.38
tjk,1999,6.22
tjk,2000,6.08
tjk,2001,5.94
tjk,2002,5.85
tjk,2003,5.76
tjk,2004,5.68
tjk,2005,5.66
tjk,2006,5.62
tjk,2007,5.58
tjk,2008,5.54
tjk,2009,5.52
tjk,2010,5.43
tjk,2011,5.37
tjk,2012,5.31
tjk,2013,5.23
tjk,2014,5.2
tjk,2015,5.11
tjk,2016,5.05
tjk,2017,5.01
tjk,2018,5.01
tjk,2019,4.97
tjk,2020,4.86
tjk,2021,4.85
tkl,1990,8.23
tkl,1991,8.2
tkl,1992,8.15
tkl,1993,8.12
tkl,1994,8.08
tkl,1995,8.03
tkl,1996,7.98
tkl,1997,7.92
tkl,1998,7.87
tkl,1999,7.87
tkl,2000,7.85
tkl,2001,7.83
tkl,2002,7.84
tkl,2003,7.83
tkl,2004,7.81
tkl,2005,7.77
tkl,2006,7.72
tkl,2007,7.66
tkl,2008,7.59
tkl,2009,7.5
tkl,2010,7.41
tkl,2011,7.33
tkl,2012,7.27
tkl,2013,7.21
tkl,2014,7.16
tkl,2015,7.1
tkl,2016,7.02
tkl,2017,6.97
tkl,2018,6.91
tkl,2019,6.86
tkl,2020,8.35
tkl,2021,8.32
tkm,1990,4.12
tkm,1991,3.79
tkm,1992,3.5
tkm,1993,3.87
tkm,1994,3.76
tkm,1995,3.59
tkm,1996,3.73
tkm,1997,3.67
tkm,1998,3.36
tkm,1999,2.71
tkm,2000,2.44
tkm,2001,2.46
tkm,2002,2.67
tkm,2003,2.75
tkm,2004,2.74
tkm,2005,2.83
tkm,2006,2.58
tkm,2007,2.49
tkm,2008,2.4
tkm,2009,2.27
tkm,2010,2.31
tkm,2011,2.39
tkm,2012,2.51
tkm,2013,2.72
tkm,2014,2.73
tkm,2015,2.61
tkm,2016,2.58
tkm,2017,2.59
tkm,2018,2.56
tkm,2019,2.56
tkm,2020,2.52
tkm,2021,2.5
tls,1990,9.16
tls,1991,9.13
tls,1992,9.11
tls,1993,9.09
tls,1994,9.04
tls,1995,8.93
tls,1996,8.82
tls,1997,8.71
tls,1998,8.7
tls,1999,8.73
tls,2000,8.76
tls,2001,8.73
tls,2002,8.66
tls,2003,8.81
tls,2004,8.57
tls,2005,8.64
tls,2006,8.65
tls,2007,8.74
tls,2008,8.73
tls,2009,9
tls,2010,9.03
tls,2011,9.38
tls,2012,9.56
tls,2013,9.65
tls,2014,9.7
tls,2015,9.63
tls,2016,9.6
tls,2017,9.61
tls,2018,9.63
tls,2019,9.67
tls,2020,9.62
tls,2021,9.57
ton,1990,5.27
ton,1991,5.17
ton,1992,4.97
ton,1993,4.98
ton,1994,4.98
ton,1995,4.87
ton,1996,4.85
ton,1997,4.97
ton,1998,5.12
ton,1999,5.18
ton,2000,5.13
ton,2001,5.12
ton,2002,5.08
ton,2003,5.06
ton,2004,5.07
ton,2005,5.05
ton,2006,5.07
ton,2007,5.1
ton,2008,5.12
ton,2009,5.13
ton,2010,5.13
ton,2011,5.11
ton,2012,5.09
ton,2013,5.06
ton,2014,5.02
ton,2015,5
ton,2016,4.95
ton,2017,4.9
ton,2018,4.86
ton,2019,4.83
ton,2020,4.81
ton,2021,4.78
tto,1990,6.92
tto,1991,6.49
tto,1992,6.36
tto,1993,6.4
tto,1994,6.53
tto,1995,6.45
tto,1996,6.63
tto,1997,6.15
tto,1998,6.08
tto,1999,6.24
tto,2000,5.98
tto,2001,5.79
tto,2002,5.33
tto,2003,5.5
tto,2004,5.43
tto,2005,5.39
tto,2006,5.33
tto,2007,5.74
tto,2008,5.97
tto,2009,5.61
tto,2010,5.22
tto,2011,5.01
tto,2012,4.59
tto,2013,4.76
tto,2014,4.73
tto,2015,4.72
tto,2016,4.95
tto,2017,4.86
tto,2018,4.77
tto,2019,4.72
tto,2020,4.78
tto,2021,4.71
tun,1990,6.28
tun,1991,6.39
tun,1992,6.35
tun,1993,6.32
tun,1994,6.24
tun,1995,6.26
tun,1996,6.18
tun,1997,5.97
tun,1998,5.89
tun,1999,5.83
tun,2000,5.78
tun,2001,5.74
tun,2002,5.71
tun,2003,5.71
tun,2004,5.65
tun,2005,5.57
tun,2006,5.5
tun,2007,5.41
tun,2008,5.33
tun,2009,5.26
tun,2010,5.19
tun,2011,5.08
tun,2012,5.04
tun,2013,4.99
tun,2014,4.93
tun,2015,4.88
tun,2016,4.83
tun,2017,4.77
tun,2018,4.69
tun,2019,4.61
tun,2020,4.52
tun,2021,4.47
tur,1990,10.21
tur,1991,9.57
tur,1992,9.37
tur,1993,9.27
tur,1994,9.19
tur,1995,9.29
tur,1996,9.16
tur,1997,8.99
tur,1998,8.77
tur,1999,8.45
tur,2000,8.21
tur,2001,7.96
tur,2002,7.75
tur,2003,7.67
tur,2004,7.49
tur,2005,7.44
tur,2006,7.39
tur,2007,7.51
tur,2008,7.61
tur,2009,7.8
tur,2010,7.54
tur,2011,7.36
tur,2012,7.33
tur,2013,7.47
tur,2014,7.66
tur,2015,7.83
tur,2016,7.82
tur,2017,7.64
tur,2018,7.32
tur,2019,7.35
tur,2020,7.37
tur,2021,7.11
tuv,1990,9.48
tuv,1991,9.43
tuv,1992,9.38
tuv,1993,9.33
tuv,1994,9.27
tuv,1995,9.25
tuv,1996,9.22
tuv,1997,9.23
tuv,1998,9.19
tuv,1999,9.21
tuv,2000,9.19
tuv,2001,9.16
tuv,2002,9.16
tuv,2003,9.14
tuv,2004,9.1
tuv,2005,9.08
tuv,2006,9.15
tuv,2007,9.18
tuv,2008,9.21
tuv,2009,9.23
tuv,2010,9.23
tuv,2011,9.22
tuv,2012,9.21
tuv,2013,9.2
tuv,2014,9.18
tuv,2015,9.14
tuv,2016,9.09
tuv,2017,9.05
tuv,2018,9
tuv,2019,8.94
tuv,2020,8.88
tuv,2021,8.81
twn,1990,7.33
twn,1991,7.11
twn,1992,6.57
twn,1993,6.33
twn,1994,6.86
twn,1995,6.95
twn,1996,7.07
twn,1997,6.67
twn,1998,6.63
twn,1999,6.78
twn,2000,7.08
twn,2001,6.35
twn,2002,5.67
twn,2003,5.69
twn,2004,5.9
twn,2005,6.02
twn,2006,5.77
twn,2007,5.65
twn,2008,5.91
twn,2009,5.6
twn,2010,5.62
twn,2011,5.93
twn,2012,6.09
twn,2013,6.15
twn,2014,6.43
twn,2015,6.36
twn,2016,6.6
twn,2017,6.43
twn,2018,6.29
twn,2019,6.18
twn,2020,5.84
twn,2021,5.91
tza,1990,16.66
tza,1991,16.59
tza,1992,16.53
tza,1993,16.5
tza,1994,16.49
tza,1995,16.42
tza,1996,16.4
tza,1997,16.39
tza,1998,16.4
tza,1999,16.32
tza,2000,16.2
tza,2001,16.2
tza,2002,16.07
tza,2003,16.01
tza,2004,15.94
tza,2005,15.84
tza,2006,15.73
tza,2007,15.55
tza,2008,15.37
tza,2009,15.22
tza,2010,15.07
tza,2011,14.87
tza,2012,14.69
tza,2013,14.53
tza,2014,14.38
tza,2015,14.33
tza,2016,14.21
tza,2017,14.15
tza,2018,14.06
tza,2019,14.04
tza,2020,14.02
tza,2021,13.92
uga,1990,13.37
uga,1991,13.6
uga,1992,13.7
uga,1993,13.87
uga,1994,14.03
uga,1995,14.1
uga,1996,14.14
uga,1997,14.12
uga,1998,14.2
uga,1999,14.24
uga,2000,14.4
uga,2001,14.35
uga,2002,14.27
uga,2003,14.03
uga,2004,13.89
uga,2005,13.67
uga,2006,13.49
uga,2007,13.22
uga,2008,13.02
uga,2009,12.89
uga,2010,12.84
uga,2011,12.74
uga,2012,12.61
uga,2013,12.59
uga,2014,12.52
uga,2015,12.47
uga,2016,12.46
uga,2017,12.32
uga,2018,12.27
uga,2019,12.26
uga,2020,12.3
uga,2021,12.14
ukr,1990,6.94
ukr,1991,7.83
ukr,1992,8.6
ukr,1993,9.19
ukr,1994,9.68
ukr,1995,10.61
ukr,1996,10.12
ukr,1997,9.17
ukr,1998,8.36
ukr,1999,8.74
ukr,2000,9.57
ukr,2001,9.98
ukr,2002,10.58
ukr,2003,10.56
ukr,2004,10.19
ukr,2005,8.35
ukr,2006,7.42
ukr,2007,7.74
ukr,2008,7.57
ukr,2009,5.97
ukr,2010,5.32
ukr,2011,5.22
ukr,2012,5.22
ukr,2013,5.12
ukr,2014,5
ukr,2015,4.76
ukr,2016,4.57
ukr,2017,4.51
ukr,2018,4.6
ukr,2019,4.61
ukr,2020,4.38
ukr,2021,4.39
ury,1990,5.85
ury,1991,5.73
ury,1992,5.75
ury,1993,5.76
ury,1994,5.58
ury,1995,5.71
ury,1996,5.45
ury,1997,5.04
ury,1998,5.13
ury,1999,5.02
ury,2000,4.86
ury,2001,4.62
ury,2002,4.76
ury,2003,4.93
ury,2004,5.14
ury,2005,5.26
ury,2006,5.22
ury,2007,5.29
ury,2008,4.97
ury,2009,4.84
ury,2010,4.73
ury,2011,5.31
ury,2012,5.63
ury,2013,6
ury,2014,5.73
ury,2015,5.65
ury,2016,5.36
ury,2017,5.35
ury,2018,5.42
ury,2019,5.46
ury,2020,5.09
ury,2021,5.34
usa,1990,4.26
usa,1991,4.28
usa,1992,4.26
usa,1993,4.36
usa,1994,4.42
usa,1995,4.53
usa,1996,4.68
usa,1997,4.77
usa,1998,4.88
usa,1999,5.07
usa,2000,5.25
usa,2001,5.56
usa,2002,5.76
usa,2003,5.95
usa,2004,6.09
usa,2005,6.27
usa,2006,6.44
usa,2007,6.64
usa,2008,6.78
usa,2009,6.84
usa,2010,6.95
usa,2011,7.16
usa,2012,7.25
usa,2013,7.4
usa,2014,7.61
usa,2015,7.76
usa,2016,7.91
usa,2017,8.02
usa,2018,7.99
usa,2019,8.09
usa,2020,8.01
usa,2021,8.09
uzb,1990,4.74
uzb,1991,4.62
uzb,1992,4.3
uzb,1993,4.35
uzb,1994,4.16
uzb,1995,4.31
uzb,1996,4.52
uzb,1997,4.28
uzb,1998,3.97
uzb,1999,3.87
uzb,2000,3.87
uzb,2001,3.79
uzb,2002,3.75
uzb,2003,3.72
uzb,2004,3.63
uzb,2005,3.57
uzb,2006,3.18
uzb,2007,3.06
uzb,2008,2.97
uzb,2009,2.85
uzb,2010,2.79
uzb,2011,2.78
uzb,2012,2.97
uzb,2013,3.05
uzb,2014,2.97
uzb,2015,2.75
uzb,2016,2.73
uzb,2017,2.74
uzb,2018,2.67
uzb,2019,2.51
uzb,2020,2.47
uzb,2021,2.44
vct,1990,6.11
vct,1991,6.33
vct,1992,6.57
vct,1993,6.73
vct,1994,6.72
vct,1995,6.71
vct,1996,6.91
vct,1997,6.91
vct,1998,6.76
vct,1999,6.94
vct,2000,6.87
vct,2001,6.43
vct,2002,6.25
vct,2003,6.36
vct,2004,6.37
vct,2005,6.42
vct,2006,6.44
vct,2007,6.61
vct,2008,6.75
vct,2009,7.04
vct,2010,7.02
vct,2011,7.21
vct,2012,7.41
vct,2013,7.53
vct,2014,7.94
vct,2015,8.1
vct,2016,8.16
vct,2017,8.27
vct,2018,8.37
vct,2019,8.52
vct,2020,8.5
vct,2021,8.5
ven,1990,7.18
ven,1991,7.24
ven,1992,7.31
ven,1993,7.1
ven,1994,7.08
ven,1995,6.72
ven,1996,6.26
ven,1997,5.92
ven,1998,5.98
ven,1999,6.05
ven,2000,6.09
ven,2001,5.91
ven,2002,5.94
ven,2003,5.9
ven,2004,5.7
ven,2005,5.53
ven,2006,5.62
ven,2007,5.28
ven,2008,5.06
ven,2009,4.72
ven,2010,4.51
ven,2011,4.55
ven,2012,4.41
ven,2013,4.28
ven,2014,4.28
ven,2015,4.3
ven,2016,4.69
ven,2017,4.54
ven,2018,4.51
ven,2019,4.56
ven,2020,4.62
ven,2021,4.69
vir,1990,6.25
vir,1991,6.22
vir,1992,6.23
vir,1993,6.23
vir,1994,6.22
vir,1995,6.07
vir,1996,6.1
vir,1997,6.12
vir,1998,6.08
vir,1999,6.01
vir,2000,6.1
vir,2001,6.09
vir,2002,5.96
vir,2003,5.96
vir,2004,5.9
vir,2005,5.77
vir,2006,5.44
vir,2007,5.26
vir,2008,5.01
vir,2009,4.88
vir,2010,4.84
vir,2011,4.79
vir,2012,4.75
vir,2013,4.76
vir,2014,4.76
vir,2015,4.7
vir,2016,4.67
vir,2017,4.65
vir,2018,4.65
vir,2019,4.66
vir,2020,4.15
vir,2021,3.83
vnm,1990,18.82
vnm,1991,18.82
vnm,1992,18.84
vnm,1993,18.88
vnm,1994,18.94
vnm,1995,19
vnm,1996,19
vnm,1997,18.98
vnm,1998,18.93
vnm,1999,18.9
vnm,2000,18.85
vnm,2001,18.94
vnm,2002,19.04
vnm,2003,19.11
vnm,2004,19.14
vnm,2005,19.11
vnm,2006,19
vnm,2007,18.85
vnm,2008,18.73
vnm,2009,18.7
vnm,2010,18.71
vnm,2011,18.74
vnm,2012,18.72
vnm,2013,18.72
vnm,2014,18.77
vnm,2015,18.82
vnm,2016,18.79
vnm,2017,18.75
vnm,2018,18.65
vnm,2019,18.54
vnm,2020,18.49
vnm,2021,18.25
vut,1990,8.12
vut,1991,8.22
vut,1992,8.29
vut,1993,8.33
vut,1994,8.41
vut,1995,8.37
vut,1996,8.41
vut,1997,8.44
vut,1998,8.46
vut,1999,8.57
vut,2000,8.54
vut,2001,8.63
vut,2002,8.6
vut,2003,8.53
vut,2004,8.57
vut,2005,8.73
vut,2006,8.78
vut,2007,8.87
vut,2008,8.9
vut,2009,8.85
vut,2010,8.81
vut,2011,8.82
vut,2012,8.77
vut,2013,8.72
vut,2014,8.69
vut,2015,8.68
vut,2016,8.67
vut,2017,8.65
vut,2018,8.63
vut,2019,8.6
vut,2020,8.58
vut,2021,8.52
wsm,1990,8.15
wsm,1991,8.13
wsm,1992,8.11
wsm,1993,8.09
wsm,1994,8.07
wsm,1995,8.04
wsm,1996,8.01
wsm,1997,7.99
wsm,1998,7.95
wsm,1999,7.94
wsm,2000,7.9
wsm,2001,7.87
wsm,2002,7.87
wsm,2003,7.88
wsm,2004,7.87
wsm,2005,7.85
wsm,2006,7.83
wsm,2007,7.83
wsm,2008,7.84
wsm,2009,7.86
wsm,2010,7.89
wsm,2011,7.89
wsm,2012,7.95
wsm,2013,7.98
wsm,2014,8
wsm,2015,8.01
wsm,2016,8.01
wsm,2017,7.98
wsm,2018,7.94
wsm,2019,7.88
wsm,2020,7.84
wsm,2021,7.78
yem,1990,7.96
yem,1991,7.91
yem,1992,7.89
yem,1993,7.86
yem,1994,7.85
yem,1995,7.77
yem,1996,7.69
yem,1997,7.6
yem,1998,7.49
yem,1999,7.45
yem,2000,7.4
yem,2001,7.31
yem,2002,7.36
yem,2003,7.34
yem,2004,7.36
yem,2005,7.29
yem,2006,7.2
yem,2007,7.19
yem,2008,7.21
yem,2009,7.09
yem,2010,6.84
yem,2011,6.78
yem,2012,6.64
yem,2013,6.65
yem,2014,6.56
yem,2015,6.56
yem,2016,6.45
yem,2017,6.31
yem,2018,6.27
yem,2019,6.41
yem,2020,6.43
yem,2021,6.37
zaf,1990,3.19
zaf,1991,3.2
zaf,1992,3.27
zaf,1993,3.23
zaf,1994,3.29
zaf,1995,3.29
zaf,1996,3.37
zaf,1997,3.52
zaf,1998,3.53
zaf,1999,3.45
zaf,2000,3.46
zaf,2001,3.42
zaf,2002,3.42
zaf,2003,3.43
zaf,2004,3.38
zaf,2005,3.32
zaf,2006,3.27
zaf,2007,3.2
zaf,2008,3.13
zaf,2009,3.05
zaf,2010,2.98
zaf,2011,2.9
zaf,2012,2.83
zaf,2013,2.76
zaf,2014,2.73
zaf,2015,2.72
zaf,2016,2.71
zaf,2017,2.6
zaf,2018,2.57
zaf,2019,2.52
zaf,2020,2.53
zaf,2021,2.5
zmb,1990,19.96
zmb,1991,20.27
zmb,1992,20.57
zmb,1993,20.82
zmb,1994,21.09
zmb,1995,21.28
zmb,1996,21.35
zmb,1997,21.3
zmb,1998,21.23
zmb,1999,21.07
zmb,2000,20.97
zmb,2001,20.64
zmb,2002,20.46
zmb,2003,20.18
zmb,2004,20.02
zmb,2005,19.79
zmb,2006,19.7
zmb,2007,19.46
zmb,2008,19.4
zmb,2009,19.29
zmb,2010,19.37
zmb,2011,19.25
zmb,2012,18.99
zmb,2013,18.75
zmb,2014,18.48
zmb,2015,18.3
zmb,2016,18.01
zmb,2017,17.99
zmb,2018,17.91
zmb,2019,17.83
zmb,2020,17.72
zmb,2021,16.62
zwe,1990,6.62
zwe,1991,6.48
zwe,1992,6.44
zwe,1993,6.36
zwe,1994,6.4
zwe,1995,6.4
zwe,1996,6.36
zwe,1997,6.44
zwe,1998,6.7
zwe,1999,7.08
zwe,2000,7.45
zwe,2001,7.61
zwe,2002,7.76
zwe,2003,7.84
zwe,2004,7.86
zwe,2005,7.83
zwe,2006,7.76
zwe,2007,7.62
zwe,2008,7.69
zwe,2009,7.64
zwe,2010,7.58
zwe,2011,7.52
zwe,2012,7.45
zwe,2013,7.34
zwe,2014,7.25
zwe,2015,7.22
zwe,2016,7.21
zwe,2017,7.16
zwe,2018,7.16
zwe,2019,7.14
zwe,2020,7.07
zwe,2021,6.52
