geo,time,motorcycle_deaths_per_100000_people
afg,1990,2.93
afg,1991,2.82
afg,1992,2.77
afg,1993,2.86
afg,1994,3.01
afg,1995,3.11
afg,1996,3.22
afg,1997,3.36
afg,1998,3.5
afg,1999,3.66
afg,2000,3.82
afg,2001,3.94
afg,2002,3.73
afg,2003,3.73
afg,2004,3.7
afg,2005,3.56
afg,2006,3.43
afg,2007,3.24
afg,2008,3.08
afg,2009,2.92
afg,2010,2.78
afg,2011,2.65
afg,2012,2.53
afg,2013,2.33
afg,2014,2.25
afg,2015,2.31
afg,2016,2.26
afg,2017,2.23
afg,2018,2.2
afg,2019,2.17
ago,1990,1.94
ago,1991,1.93
ago,1992,1.95
ago,1993,2.02
ago,1994,2.09
ago,1995,2.08
ago,1996,1.98
ago,1997,2.01
ago,1998,2.19
ago,1999,2.35
ago,2000,2.41
ago,2001,2.38
ago,2002,2.27
ago,2003,2.26
ago,2004,2.32
ago,2005,2.21
ago,2006,2.17
ago,2007,2.09
ago,2008,2.02
ago,2009,2.01
ago,2010,1.99
ago,2011,1.96
ago,2012,1.96
ago,2013,1.94
ago,2014,1.85
ago,2015,1.84
ago,2016,1.78
ago,2017,1.8
ago,2018,1.8
ago,2019,1.78
alb,1990,0.83
alb,1991,0.92
alb,1992,0.88
alb,1993,0.84
alb,1994,0.77
alb,1995,0.76
alb,1996,0.77
alb,1997,0.8
alb,1998,0.82
alb,1999,0.82
alb,2000,0.84
alb,2001,0.84
alb,2002,0.88
alb,2003,0.95
alb,2004,0.98
alb,2005,0.92
alb,2006,0.86
alb,2007,0.86
alb,2008,0.88
alb,2009,0.86
alb,2010,0.89
alb,2011,0.9
alb,2012,0.9
alb,2013,0.91
alb,2014,0.95
alb,2015,0.97
alb,2016,0.97
alb,2017,0.97
alb,2018,0.96
alb,2019,0.96
and,1990,1.95
and,1991,1.9
and,1992,1.9
and,1993,1.86
and,1994,1.83
and,1995,1.78
and,1996,1.73
and,1997,1.65
and,1998,1.6
and,1999,1.57
and,2000,1.54
and,2001,1.52
and,2002,1.49
and,2003,1.48
and,2004,1.47
and,2005,1.45
and,2006,1.44
and,2007,1.41
and,2008,1.39
and,2009,1.38
and,2010,1.36
and,2011,1.34
and,2012,1.32
and,2013,1.3
and,2014,1.32
and,2015,1.29
and,2016,1.29
and,2017,1.29
and,2018,1.28
and,2019,1.27
ant,1988,0.609
ant,1990,0.607
ant,1993,0.677
ant,1994,1.457
ant,1996,0.798
ant,1997,2.789
ant,1998,3.496
ant,1999,1.138
ant,2000,0.904
are,1990,3.86
are,1991,3.87
are,1992,3.9
are,1993,3.95
are,1994,4.02
are,1995,4.05
are,1996,4.05
are,1997,4.07
are,1998,4.04
are,1999,4.04
are,2000,4.18
are,2001,4.19
are,2002,4.16
are,2003,3.79
are,2004,3.63
are,2005,3.62
are,2006,3.48
are,2007,3.31
are,2008,3.05
are,2009,2.98
are,2010,3.06
are,2011,3.16
are,2012,3.27
are,2013,3.63
are,2014,3.72
are,2015,3.86
are,2016,4
are,2017,4.11
are,2018,4.18
are,2019,4.19
arg,1990,1.22
arg,1991,1.25
arg,1992,1.31
arg,1993,1.35
arg,1994,1.4
arg,1995,1.4
arg,1996,1.42
arg,1997,1.39
arg,1998,1.43
arg,1999,1.48
arg,2000,1.57
arg,2001,1.7
arg,2002,1.75
arg,2003,1.77
arg,2004,1.79
arg,2005,1.91
arg,2006,2.08
arg,2007,2.34
arg,2008,2.5
arg,2009,2.64
arg,2010,2.76
arg,2011,2.94
arg,2012,3.15
arg,2013,3.27
arg,2014,3.21
arg,2015,3.12
arg,2016,3.11
arg,2017,3
arg,2018,2.93
arg,2019,2.82
arm,1990,2.47
arm,1991,2.53
arm,1992,2.85
arm,1993,2.79
arm,1994,2.66
arm,1995,2.18
arm,1996,2.02
arm,1997,1.85
arm,1998,1.68
arm,1999,1.52
arm,2000,1.45
arm,2001,1.42
arm,2002,1.3
arm,2003,1.22
arm,2004,1.11
arm,2005,1.08
arm,2006,1.03
arm,2007,0.93
arm,2008,0.97
arm,2009,0.98
arm,2010,0.97
arm,2011,0.99
arm,2012,0.97
arm,2013,0.82
arm,2014,0.82
arm,2015,0.93
arm,2016,0.88
arm,2017,0.86
arm,2018,0.83
arm,2019,0.83
asm,1990,1.09
asm,1991,1.07
asm,1992,1.05
asm,1993,1.02
asm,1994,1.02
asm,1995,1.02
asm,1996,1.01
asm,1997,1
asm,1998,1.02
asm,1999,1.06
asm,2000,1.13
asm,2001,1.14
asm,2002,1.13
asm,2003,1.17
asm,2004,1.19
asm,2005,1.22
asm,2006,1.31
asm,2007,1.33
asm,2008,1.34
asm,2009,1.36
asm,2010,1.35
asm,2011,1.37
asm,2012,1.37
asm,2013,1.37
asm,2014,1.34
asm,2015,1.3
asm,2016,1.26
asm,2017,1.26
asm,2018,1.24
asm,2019,1.23
atg,1990,1.29
atg,1991,1.26
atg,1992,1.24
atg,1993,1.25
atg,1994,1.22
atg,1995,1.18
atg,1996,1.21
atg,1997,1.22
atg,1998,1.27
atg,1999,1.27
atg,2000,1.26
atg,2001,1.2
atg,2002,1.2
atg,2003,1.19
atg,2004,1.17
atg,2005,1.19
atg,2006,1.19
atg,2007,1.01
atg,2008,1.02
atg,2009,1.09
atg,2010,1.1
atg,2011,1.1
atg,2012,1.4
atg,2013,1.44
atg,2014,1.39
atg,2015,1.38
atg,2016,1.39
atg,2017,1.41
atg,2018,1.44
atg,2019,1.44
aus,1990,1.83
aus,1991,1.63
aus,1992,1.48
aus,1993,1.38
aus,1994,1.33
aus,1995,1.31
aus,1996,1.28
aus,1997,1.27
aus,1998,1.3
aus,1999,1.28
aus,2000,1.27
aus,2001,1.26
aus,2002,1.25
aus,2003,1.24
aus,2004,1.23
aus,2005,1.23
aus,2006,1.21
aus,2007,1.2
aus,2008,1.2
aus,2009,1.16
aus,2010,1.1
aus,2011,1.02
aus,2012,0.96
aus,2013,0.97
aus,2014,0.96
aus,2015,0.96
aus,2016,0.95
aus,2017,0.94
aus,2018,0.94
aus,2019,0.94
aut,1990,1.91
aut,1991,1.85
aut,1992,1.7
aut,1993,1.64
aut,1994,1.56
aut,1995,1.43
aut,1996,1.34
aut,1997,1.31
aut,1998,1.25
aut,1999,1.31
aut,2000,1.41
aut,2001,1.43
aut,2002,1.54
aut,2003,1.6
aut,2004,1.6
aut,2005,1.56
aut,2006,1.46
aut,2007,1.39
aut,2008,1.29
aut,2009,1.24
aut,2010,1.16
aut,2011,1.06
aut,2012,0.98
aut,2013,0.95
aut,2014,0.91
aut,2015,0.9
aut,2016,0.87
aut,2017,0.84
aut,2018,0.87
aut,2019,0.88
aze,1990,1.36
aze,1991,1.51
aze,1992,2.03
aze,1993,2.07
aze,1994,1.98
aze,1995,1.32
aze,1996,1
aze,1997,0.85
aze,1998,0.75
aze,1999,0.68
aze,2000,0.64
aze,2001,0.59
aze,2002,0.57
aze,2003,0.57
aze,2004,0.56
aze,2005,0.59
aze,2006,0.58
aze,2007,0.55
aze,2008,0.56
aze,2009,0.55
aze,2010,0.56
aze,2011,0.56
aze,2012,0.55
aze,2013,0.55
aze,2014,0.55
aze,2015,0.5
aze,2016,0.48
aze,2017,0.49
aze,2018,0.51
aze,2019,0.52
bdi,1990,1.89
bdi,1991,1.93
bdi,1992,1.97
bdi,1993,1.99
bdi,1994,2
bdi,1995,2.06
bdi,1996,2.1
bdi,1997,2.09
bdi,1998,2.07
bdi,1999,2.02
bdi,2000,1.98
bdi,2001,1.88
bdi,2002,1.86
bdi,2003,1.85
bdi,2004,1.85
bdi,2005,1.83
bdi,2006,1.79
bdi,2007,1.73
bdi,2008,1.68
bdi,2009,1.66
bdi,2010,1.69
bdi,2011,1.69
bdi,2012,1.69
bdi,2013,1.68
bdi,2014,1.67
bdi,2015,1.65
bdi,2016,1.61
bdi,2017,1.59
bdi,2018,1.66
bdi,2019,1.66
bel,1990,1.17
bel,1991,1.24
bel,1992,1.24
bel,1993,1.38
bel,1994,1.46
bel,1995,1.42
bel,1996,1.36
bel,1997,1.59
bel,1998,1.88
bel,1999,2.13
bel,2000,2.36
bel,2001,2.42
bel,2002,2.33
bel,2003,2.16
bel,2004,2.05
bel,2005,1.95
bel,2006,1.89
bel,2007,1.88
bel,2008,1.78
bel,2009,1.66
bel,2010,1.56
bel,2011,1.47
bel,2012,1.35
bel,2013,1.28
bel,2014,1.18
bel,2015,1.16
bel,2016,1.1
bel,2017,1.13
bel,2018,1.13
bel,2019,1.14
ben,1990,4.83
ben,1991,4.88
ben,1992,4.89
ben,1993,4.89
ben,1994,4.97
ben,1995,5.01
ben,1996,5.04
ben,1997,4.97
ben,1998,4.91
ben,1999,4.79
ben,2000,4.7
ben,2001,4.51
ben,2002,4.36
ben,2003,4.14
ben,2004,3.92
ben,2005,3.66
ben,2006,3.39
ben,2007,3.13
ben,2008,3.05
ben,2009,3.03
ben,2010,3.01
ben,2011,2.99
ben,2012,2.94
ben,2013,2.93
ben,2014,2.85
ben,2015,2.72
ben,2016,2.67
ben,2017,2.62
ben,2018,2.5
ben,2019,2.43
bfa,1990,3.67
bfa,1991,3.61
bfa,1992,3.59
bfa,1993,3.6
bfa,1994,3.59
bfa,1995,3.61
bfa,1996,3.58
bfa,1997,3.59
bfa,1998,3.6
bfa,1999,3.57
bfa,2000,3.59
bfa,2001,3.52
bfa,2002,3.49
bfa,2003,3.51
bfa,2004,3.55
bfa,2005,3.6
bfa,2006,3.59
bfa,2007,3.57
bfa,2008,3.56
bfa,2009,3.59
bfa,2010,3.72
bfa,2011,3.77
bfa,2012,3.93
bfa,2013,4.06
bfa,2014,4.12
bfa,2015,4.15
bfa,2016,4.21
bfa,2017,4.22
bfa,2018,4.29
bfa,2019,4.18
bgd,1990,2.06
bgd,1991,1.89
bgd,1992,1.89
bgd,1993,1.88
bgd,1994,1.87
bgd,1995,1.92
bgd,1996,1.9
bgd,1997,1.85
bgd,1998,1.81
bgd,1999,1.77
bgd,2000,1.83
bgd,2001,1.84
bgd,2002,1.82
bgd,2003,1.81
bgd,2004,1.78
bgd,2005,1.81
bgd,2006,1.82
bgd,2007,1.9
bgd,2008,1.9
bgd,2009,1.9
bgd,2010,1.89
bgd,2011,1.73
bgd,2012,1.6
bgd,2013,1.56
bgd,2014,1.6
bgd,2015,1.54
bgd,2016,1.51
bgd,2017,1.54
bgd,2018,1.52
bgd,2019,1.5
bgr,1990,1.25
bgr,1991,1.16
bgr,1992,1.2
bgr,1993,1.22
bgr,1994,1.3
bgr,1995,1.26
bgr,1996,1.2
bgr,1997,1.19
bgr,1998,1.21
bgr,1999,1.21
bgr,2000,1.2
bgr,2001,1.18
bgr,2002,1.16
bgr,2003,1.17
bgr,2004,1.19
bgr,2005,1.25
bgr,2006,1.35
bgr,2007,1.33
bgr,2008,1.34
bgr,2009,1.26
bgr,2010,1.2
bgr,2011,1.14
bgr,2012,1.11
bgr,2013,1.18
bgr,2014,1.01
bgr,2015,1
bgr,2016,0.97
bgr,2017,0.96
bgr,2018,0.95
bgr,2019,0.94
bhr,1990,0.89
bhr,1991,0.92
bhr,1992,0.93
bhr,1993,0.94
bhr,1994,0.96
bhr,1995,0.96
bhr,1996,0.97
bhr,1997,1
bhr,1998,1
bhr,1999,1
bhr,2000,0.94
bhr,2001,0.81
bhr,2002,0.72
bhr,2003,0.68
bhr,2004,0.66
bhr,2005,0.65
bhr,2006,0.64
bhr,2007,0.63
bhr,2008,0.61
bhr,2009,0.59
bhr,2010,0.59
bhr,2011,0.64
bhr,2012,0.69
bhr,2013,0.72
bhr,2014,0.74
bhr,2015,0.73
bhr,2016,0.72
bhr,2017,0.71
bhr,2018,0.69
bhr,2019,0.68
bhs,1990,2.46
bhs,1991,2.51
bhs,1992,2.51
bhs,1993,2.51
bhs,1994,2.54
bhs,1995,2.57
bhs,1996,2.63
bhs,1997,2.65
bhs,1998,2.64
bhs,1999,2.58
bhs,2000,2.85
bhs,2001,3.08
bhs,2002,3.32
bhs,2003,1.62
bhs,2004,1.77
bhs,2005,1.92
bhs,2006,2.13
bhs,2007,2.14
bhs,2008,2.25
bhs,2009,2.43
bhs,2010,2.5
bhs,2011,2.51
bhs,2012,2.55
bhs,2013,2.52
bhs,2014,2.51
bhs,2015,2.52
bhs,2016,2.49
bhs,2017,2.45
bhs,2018,2.37
bhs,2019,2.31
bih,1990,0.62
bih,1991,0.82
bih,1992,0.85
bih,1993,0.76
bih,1994,0.75
bih,1995,0.72
bih,1996,0.66
bih,1997,0.62
bih,1998,0.56
bih,1999,0.52
bih,2000,0.54
bih,2001,0.55
bih,2002,0.54
bih,2003,0.52
bih,2004,0.51
bih,2005,0.57
bih,2006,0.56
bih,2007,0.63
bih,2008,0.6
bih,2009,0.58
bih,2010,0.56
bih,2011,0.55
bih,2012,0.57
bih,2013,0.62
bih,2014,0.65
bih,2015,0.65
bih,2016,0.63
bih,2017,0.63
bih,2018,0.61
bih,2019,0.61
blr,1990,1.92
blr,1991,2.04
blr,1992,2.09
blr,1993,2.14
blr,1994,2.07
blr,1995,2.11
blr,1996,2.05
blr,1997,2
blr,1998,2.04
blr,1999,2.03
blr,2000,1.84
blr,2001,1.88
blr,2002,1.88
blr,2003,1.77
blr,2004,1.65
blr,2005,1.63
blr,2006,1.49
blr,2007,1.33
blr,2008,1.24
blr,2009,1.13
blr,2010,1.09
blr,2011,1.05
blr,2012,0.86
blr,2013,0.77
blr,2014,0.71
blr,2015,0.64
blr,2016,0.62
blr,2017,0.63
blr,2018,0.67
blr,2019,0.68
blz,1990,1.88
blz,1991,2.19
blz,1992,2.26
blz,1993,2.29
blz,1994,2.31
blz,1995,2.84
blz,1996,2.99
blz,1997,3.15
blz,1998,3.34
blz,1999,3.34
blz,2000,3.33
blz,2001,3.42
blz,2002,3.38
blz,2003,3.25
blz,2004,3.17
blz,2005,3.16
blz,2006,3.1
blz,2007,3.12
blz,2008,3.09
blz,2009,3
blz,2010,3.07
blz,2011,3.24
blz,2012,3.25
blz,2013,3.39
blz,2014,3.41
blz,2015,3.52
blz,2016,3.71
blz,2017,3.74
blz,2018,3.66
blz,2019,3.62
bmu,1990,12.08
bmu,1991,11.74
bmu,1992,11.44
bmu,1993,10.91
bmu,1994,9.93
bmu,1995,9.86
bmu,1996,9.22
bmu,1997,9.17
bmu,1998,8.94
bmu,1999,8.52
bmu,2000,8.12
bmu,2001,7.89
bmu,2002,7.57
bmu,2003,7.38
bmu,2004,7.18
bmu,2005,7.22
bmu,2006,7.05
bmu,2007,6.87
bmu,2008,6.69
bmu,2009,6.49
bmu,2010,6.26
bmu,2011,6.21
bmu,2012,6.46
bmu,2013,6.39
bmu,2014,6.35
bmu,2015,6.11
bmu,2016,6.04
bmu,2017,6.04
bmu,2018,6
bmu,2019,5.95
bol,1990,2.17
bol,1991,2.12
bol,1992,2.05
bol,1993,1.99
bol,1994,1.9
bol,1995,1.85
bol,1996,1.77
bol,1997,1.77
bol,1998,1.72
bol,1999,1.65
bol,2000,1.62
bol,2001,1.58
bol,2002,1.54
bol,2003,1.5
bol,2004,1.46
bol,2005,1.44
bol,2006,1.41
bol,2007,1.41
bol,2008,1.4
bol,2009,1.39
bol,2010,1.38
bol,2011,1.37
bol,2012,1.36
bol,2013,1.39
bol,2014,1.35
bol,2015,1.35
bol,2016,1.38
bol,2017,1.37
bol,2018,1.34
bol,2019,1.33
bra,1990,4.21
bra,1991,4.05
bra,1992,3.98
bra,1993,4.09
bra,1994,4.14
bra,1995,4.19
bra,1996,4.46
bra,1997,4.52
bra,1998,4.49
bra,1999,4.54
bra,2000,4.67
bra,2001,4.81
bra,2002,5.02
bra,2003,5.21
bra,2004,5.47
bra,2005,5.63
bra,2006,5.88
bra,2007,6.2
bra,2008,6.53
bra,2009,6.84
bra,2010,7.11
bra,2011,7.34
bra,2012,7.45
bra,2013,7.43
bra,2014,7.37
bra,2015,7.16
bra,2016,7.08
bra,2017,6.79
bra,2018,6.61
bra,2019,6.46
brb,1990,1.33
brb,1991,1.31
brb,1992,1.34
brb,1993,1.39
brb,1994,1.38
brb,1995,1.45
brb,1996,1.51
brb,1997,1.46
brb,1998,1.45
brb,1999,1.41
brb,2000,1.3
brb,2001,1.13
brb,2002,1.14
brb,2003,1.22
brb,2004,1.19
brb,2005,1.14
brb,2006,1.12
brb,2007,1.07
brb,2008,1.06
brb,2009,1.12
brb,2010,1.1
brb,2011,1.2
brb,2012,1.2
brb,2013,1.2
brb,2014,1.17
brb,2015,1.18
brb,2016,1.18
brb,2017,1.18
brb,2018,1.13
brb,2019,1.17
brn,1990,7.13
brn,1991,7.01
brn,1992,6.84
brn,1993,6.66
brn,1994,6.34
brn,1995,6.2
brn,1996,6.1
brn,1997,5.68
brn,1998,4.97
brn,1999,4.51
brn,2000,4.27
brn,2001,4.06
brn,2002,3.95
brn,2003,3.88
brn,2004,3.77
brn,2005,3.6
brn,2006,3.45
brn,2007,3.3
brn,2008,3.23
brn,2009,3.17
brn,2010,3.21
brn,2011,3.32
brn,2012,3.36
brn,2013,3.34
brn,2014,3.23
brn,2015,3.12
brn,2016,3.11
brn,2017,3.26
brn,2018,3.28
brn,2019,3.27
btn,1990,1.87
btn,1991,1.88
btn,1992,1.86
btn,1993,1.84
btn,1994,1.81
btn,1995,1.8
btn,1996,1.74
btn,1997,1.74
btn,1998,1.71
btn,1999,1.61
btn,2000,1.61
btn,2001,1.53
btn,2002,1.45
btn,2003,1.41
btn,2004,1.35
btn,2005,1.3
btn,2006,1.25
btn,2007,1.23
btn,2008,1.2
btn,2009,1.18
btn,2010,1.15
btn,2011,1.13
btn,2012,1.11
btn,2013,1.15
btn,2014,1.14
btn,2015,1.17
btn,2016,1.18
btn,2017,1.17
btn,2018,1.17
btn,2019,1.16
bwa,1990,0.78
bwa,1991,0.82
bwa,1992,0.9
bwa,1993,0.99
bwa,1994,1.1
bwa,1995,1.22
bwa,1996,1.32
bwa,1997,1.41
bwa,1998,1.48
bwa,1999,1.51
bwa,2000,1.54
bwa,2001,1.55
bwa,2002,1.53
bwa,2003,1.44
bwa,2004,1.37
bwa,2005,1.28
bwa,2006,1.27
bwa,2007,1.2
bwa,2008,1.14
bwa,2009,1.1
bwa,2010,1.09
bwa,2011,1.06
bwa,2012,1.03
bwa,2013,1
bwa,2014,0.98
bwa,2015,0.98
bwa,2016,0.95
bwa,2017,0.95
bwa,2018,0.95
bwa,2019,0.94
caf,1990,4.34
caf,1991,4.46
caf,1992,4.41
caf,1993,4.52
caf,1994,4.65
caf,1995,4.73
caf,1996,5.07
caf,1997,5.27
caf,1998,5.65
caf,1999,6.09
caf,2000,6.26
caf,2001,6.41
caf,2002,6.6
caf,2003,6.73
caf,2004,6.82
caf,2005,6.9
caf,2006,7.05
caf,2007,7.08
caf,2008,6.89
caf,2009,6.87
caf,2010,7.03
caf,2011,7.05
caf,2012,6.91
caf,2013,7.1
caf,2014,7.07
caf,2015,7.01
caf,2016,6.99
caf,2017,6.99
caf,2018,6.95
caf,2019,6.85
can,1990,1.14
can,1991,1.07
can,1992,0.98
can,1993,0.91
can,1994,0.82
can,1995,0.75
can,1996,0.68
can,1997,0.65
can,1998,0.65
can,1999,0.65
can,2000,0.66
can,2001,0.65
can,2002,0.66
can,2003,0.67
can,2004,0.68
can,2005,0.69
can,2006,0.66
can,2007,0.66
can,2008,0.64
can,2009,0.61
can,2010,0.58
can,2011,0.55
can,2012,0.56
can,2013,0.55
can,2014,0.55
can,2015,0.56
can,2016,0.57
can,2017,0.57
can,2018,0.55
can,2019,0.54
che,1990,2.97
che,1991,2.89
che,1992,2.7
che,1993,2.49
che,1994,2.34
che,1995,2.1
che,1996,1.84
che,1997,1.68
che,1998,1.59
che,1999,1.5
che,2000,1.45
che,2001,1.39
che,2002,1.35
che,2003,1.33
che,2004,1.27
che,2005,1.15
che,2006,1.09
che,2007,1.06
che,2008,1.02
che,2009,0.95
che,2010,0.85
che,2011,0.79
che,2012,0.74
che,2013,0.73
che,2014,0.68
che,2015,0.67
che,2016,0.63
che,2017,0.63
che,2018,0.66
che,2019,0.68
chl,1990,0.4
chl,1991,0.37
chl,1992,0.37
chl,1993,0.39
chl,1994,0.4
chl,1995,0.43
chl,1996,0.49
chl,1997,0.59
chl,1998,0.63
chl,1999,0.65
chl,2000,0.68
chl,2001,0.69
chl,2002,0.66
chl,2003,0.67
chl,2004,0.69
chl,2005,0.69
chl,2006,0.7
chl,2007,0.75
chl,2008,0.78
chl,2009,0.83
chl,2010,0.82
chl,2011,0.82
chl,2012,0.83
chl,2013,0.81
chl,2014,0.83
chl,2015,0.85
chl,2016,0.86
chl,2017,0.83
chl,2018,0.81
chl,2019,0.79
chn,1990,2.79
chn,1991,2.76
chn,1992,2.75
chn,1993,2.79
chn,1994,2.88
chn,1995,3
chn,1996,3.1
chn,1997,3.22
chn,1998,3.36
chn,1999,3.54
chn,2000,3.83
chn,2001,4
chn,2002,4.13
chn,2003,4.23
chn,2004,4.35
chn,2005,4.27
chn,2006,4.06
chn,2007,3.93
chn,2008,3.83
chn,2009,3.75
chn,2010,3.6
chn,2011,3.3
chn,2012,3.02
chn,2013,2.84
chn,2014,2.76
chn,2015,2.64
chn,2016,2.57
chn,2017,2.54
chn,2018,2.46
chn,2019,2.43
civ,1990,1.56
civ,1991,1.6
civ,1992,1.66
civ,1993,1.73
civ,1994,1.8
civ,1995,1.86
civ,1996,1.88
civ,1997,1.87
civ,1998,1.88
civ,1999,1.87
civ,2000,1.86
civ,2001,1.84
civ,2002,1.82
civ,2003,1.81
civ,2004,1.8
civ,2005,1.76
civ,2006,1.75
civ,2007,1.72
civ,2008,1.68
civ,2009,1.66
civ,2010,1.65
civ,2011,1.63
civ,2012,1.62
civ,2013,1.63
civ,2014,1.6
civ,2015,1.55
civ,2016,1.46
civ,2017,1.4
civ,2018,1.38
civ,2019,1.32
cmr,1990,6.27
cmr,1991,6.46
cmr,1992,6.69
cmr,1993,6.97
cmr,1994,7.1
cmr,1995,7.25
cmr,1996,7.4
cmr,1997,7.61
cmr,1998,7.77
cmr,1999,7.79
cmr,2000,7.82
cmr,2001,7.77
cmr,2002,7.88
cmr,2003,7.86
cmr,2004,7.79
cmr,2005,7.75
cmr,2006,7.67
cmr,2007,7.51
cmr,2008,7.32
cmr,2009,7.22
cmr,2010,7.14
cmr,2011,7.09
cmr,2012,6.99
cmr,2013,6.93
cmr,2014,6.74
cmr,2015,6.48
cmr,2016,6.34
cmr,2017,6.16
cmr,2018,6.03
cmr,2019,5.86
cod,1990,2.12
cod,1991,2.15
cod,1992,2.14
cod,1993,2.09
cod,1994,2.07
cod,1995,2.11
cod,1996,2.15
cod,1997,2.09
cod,1998,2.09
cod,1999,2.09
cod,2000,2.09
cod,2001,2.07
cod,2002,2.02
cod,2003,2.05
cod,2004,1.99
cod,2005,1.95
cod,2006,1.92
cod,2007,1.88
cod,2008,1.87
cod,2009,1.86
cod,2010,1.84
cod,2011,1.84
cod,2012,1.82
cod,2013,1.84
cod,2014,1.82
cod,2015,1.72
cod,2016,1.69
cod,2017,1.65
cod,2018,1.66
cod,2019,1.63
cog,1990,2.22
cog,1991,2.13
cog,1992,2.1
cog,1993,2.1
cog,1994,2.26
cog,1995,2.32
cog,1996,2.39
cog,1997,2.53
cog,1998,2.37
cog,1999,2.41
cog,2000,2.29
cog,2001,2.08
cog,2002,1.94
cog,2003,1.97
cog,2004,1.92
cog,2005,1.88
cog,2006,1.83
cog,2007,1.81
cog,2008,1.78
cog,2009,1.76
cog,2010,1.7
cog,2011,1.63
cog,2012,1.67
cog,2013,1.66
cog,2014,1.64
cog,2015,1.61
cog,2016,1.58
cog,2017,1.56
cog,2018,1.56
cog,2019,1.56
cok,1990,4.21
cok,1991,4.06
cok,1992,3.91
cok,1993,3.76
cok,1994,3.64
cok,1995,3.53
cok,1996,3.44
cok,1997,3.39
cok,1998,3.35
cok,1999,3.31
cok,2000,3.28
cok,2001,3.26
cok,2002,3.26
cok,2003,3.27
cok,2004,3.27
cok,2005,3.22
cok,2006,3.14
cok,2007,3.06
cok,2008,2.97
cok,2009,2.89
cok,2010,2.88
cok,2011,2.91
cok,2012,2.93
cok,2013,3.03
cok,2014,3.03
cok,2015,2.91
cok,2016,2.87
cok,2017,2.91
cok,2018,2.92
cok,2019,2.93
col,1990,1.85
col,1991,2.07
col,1992,2.2
col,1993,2.4
col,1994,2.67
col,1995,2.95
col,1996,3.28
col,1997,3.42
col,1998,3.54
col,1999,3.67
col,2000,3.52
col,2001,3.41
col,2002,3.82
col,2003,3.69
col,2004,3.89
col,2005,3.99
col,2006,4.39
col,2007,4.6
col,2008,4.96
col,2009,5.51
col,2010,5.66
col,2011,5.62
col,2012,5.86
col,2013,6.07
col,2014,6.16
col,2015,6.35
col,2016,5.97
col,2017,5.82
col,2018,5.6
col,2019,5.42
com,1990,2.51
com,1991,2.51
com,1992,2.61
com,1993,2.63
com,1994,2.71
com,1995,2.74
com,1996,2.76
com,1997,2.75
com,1998,2.69
com,1999,2.58
com,2000,2.59
com,2001,2.49
com,2002,2.44
com,2003,2.32
com,2004,2.03
com,2005,2.11
com,2006,1.93
com,2007,2.16
com,2008,2.2
com,2009,2.02
com,2010,1.84
com,2011,1.92
com,2012,1.9
com,2013,1.92
com,2014,2.24
com,2015,2.22
com,2016,2.19
com,2017,2.17
com,2018,2.08
com,2019,2.04
cpv,1990,0.61
cpv,1991,0.63
cpv,1992,0.65
cpv,1993,0.67
cpv,1994,0.71
cpv,1995,0.74
cpv,1996,0.79
cpv,1997,0.83
cpv,1998,0.83
cpv,1999,0.82
cpv,2000,0.79
cpv,2001,0.77
cpv,2002,0.77
cpv,2003,0.76
cpv,2004,0.75
cpv,2005,0.74
cpv,2006,0.71
cpv,2007,0.69
cpv,2008,0.68
cpv,2009,0.67
cpv,2010,0.67
cpv,2011,0.67
cpv,2012,0.66
cpv,2013,0.66
cpv,2014,0.66
cpv,2015,0.67
cpv,2016,0.67
cpv,2017,0.67
cpv,2018,0.66
cpv,2019,0.66
cri,1990,1.95
cri,1991,1.93
cri,1992,2.05
cri,1993,2.02
cri,1994,2.13
cri,1995,2.21
cri,1996,2.1
cri,1997,2.25
cri,1998,2.26
cri,1999,2.43
cri,2000,2.14
cri,2001,1.85
cri,2002,1.92
cri,2003,1.89
cri,2004,1.8
cri,2005,1.69
cri,2006,1.97
cri,2007,2.04
cri,2008,2.19
cri,2009,2.04
cri,2010,2.09
cri,2011,1.87
cri,2012,1.93
cri,2013,2.07
cri,2014,2.18
cri,2015,2.55
cri,2016,3.16
cri,2017,3.01
cri,2018,2.76
cri,2019,2.65
cub,1990,2.35
cub,1991,2.31
cub,1992,2.28
cub,1993,2.31
cub,1994,2.35
cub,1995,2.25
cub,1996,2.08
cub,1997,1.89
cub,1998,1.93
cub,1999,1.88
cub,2000,1.76
cub,2001,1.67
cub,2002,1.51
cub,2003,1.46
cub,2004,1.44
cub,2005,1.45
cub,2006,1.29
cub,2007,1.2
cub,2008,1.13
cub,2009,1.11
cub,2010,1.11
cub,2011,1.06
cub,2012,1.12
cub,2013,1.06
cub,2014,1.08
cub,2015,1.09
cub,2016,1.13
cub,2017,1.11
cub,2018,1.08
cub,2019,1.07
cyp,1990,4.74
cyp,1991,4.78
cyp,1992,4.97
cyp,1993,5.24
cyp,1994,5.5
cyp,1995,5.61
cyp,1996,5.65
cyp,1997,5.83
cyp,1998,5.84
cyp,1999,5.55
cyp,2000,5.33
cyp,2001,5.1
cyp,2002,4.91
cyp,2003,4.43
cyp,2004,4.35
cyp,2005,4.15
cyp,2006,3.95
cyp,2007,3.83
cyp,2008,3.45
cyp,2009,3.13
cyp,2010,2.67
cyp,2011,2.39
cyp,2012,2.25
cyp,2013,2.27
cyp,2014,2.28
cyp,2015,2.29
cyp,2016,2.36
cyp,2017,2.45
cyp,2018,2.46
cyp,2019,2.46
cze,1990,0.52
cze,1991,0.55
cze,1992,0.63
cze,1993,0.72
cze,1994,1
cze,1995,1.14
cze,1996,1.21
cze,1997,1.34
cze,1998,1.36
cze,1999,1.41
cze,2000,1.44
cze,2001,1.41
cze,2002,1.42
cze,2003,1.4
cze,2004,1.31
cze,2005,1.24
cze,2006,1.14
cze,2007,1.08
cze,2008,1.08
cze,2009,1.01
cze,2010,0.97
cze,2011,0.92
cze,2012,0.88
cze,2013,0.87
cze,2014,0.83
cze,2015,0.79
cze,2016,0.76
cze,2017,0.74
cze,2018,0.73
cze,2019,0.72
deu,1990,1.78
deu,1991,1.81
deu,1992,1.73
deu,1993,1.65
deu,1994,1.59
deu,1995,1.5
deu,1996,1.47
deu,1997,1.48
deu,1998,1.48
deu,1999,1.53
deu,2000,1.52
deu,2001,1.48
deu,2002,1.46
deu,2003,1.43
deu,2004,1.34
deu,2005,1.26
deu,2006,1.19
deu,2007,1.15
deu,2008,1.09
deu,2009,1.04
deu,2010,1
deu,2011,0.96
deu,2012,0.91
deu,2013,0.88
deu,2014,0.85
deu,2015,0.85
deu,2016,0.83
deu,2017,0.85
deu,2018,0.86
deu,2019,0.87
dji,1990,1.16
dji,1991,1.19
dji,1992,1.24
dji,1993,1.3
dji,1994,1.28
dji,1995,1.36
dji,1996,1.39
dji,1997,1.38
dji,1998,1.43
dji,1999,1.43
dji,2000,1.43
dji,2001,1.42
dji,2002,1.44
dji,2003,1.43
dji,2004,1.53
dji,2005,1.56
dji,2006,1.56
dji,2007,1.59
dji,2008,1.6
dji,2009,1.59
dji,2010,1.61
dji,2011,1.62
dji,2012,1.62
dji,2013,1.62
dji,2014,1.55
dji,2015,1.55
dji,2016,1.53
dji,2017,1.54
dji,2018,1.55
dji,2019,1.54
dma,1990,3.68
dma,1991,3.76
dma,1992,3.78
dma,1993,3.83
dma,1994,3.9
dma,1995,3.97
dma,1996,4.02
dma,1997,4.02
dma,1998,4.11
dma,1999,4.17
dma,2000,4.1
dma,2001,3.93
dma,2002,3.95
dma,2003,4.04
dma,2004,4.1
dma,2005,4.05
dma,2006,4.05
dma,2007,4.01
dma,2008,3.94
dma,2009,3.94
dma,2010,3.97
dma,2011,3.95
dma,2012,3.8
dma,2013,3.83
dma,2014,3.74
dma,2015,3.69
dma,2016,3.68
dma,2017,3.69
dma,2018,3.71
dma,2019,3.71
dnk,1990,1.57
dnk,1991,1.56
dnk,1992,1.52
dnk,1993,1.49
dnk,1994,1.47
dnk,1995,1.39
dnk,1996,1.31
dnk,1997,1.25
dnk,1998,1.29
dnk,1999,1.42
dnk,2000,1.36
dnk,2001,1.29
dnk,2002,1.3
dnk,2003,1.3
dnk,2004,1.26
dnk,2005,1.15
dnk,2006,1.13
dnk,2007,1.14
dnk,2008,1.09
dnk,2009,0.95
dnk,2010,0.84
dnk,2011,0.76
dnk,2012,0.7
dnk,2013,0.67
dnk,2014,0.65
dnk,2015,0.67
dnk,2016,0.67
dnk,2017,0.67
dnk,2018,0.69
dnk,2019,0.71
dom,1990,1.3
dom,1991,1.28
dom,1992,1.27
dom,1993,1.32
dom,1994,1.37
dom,1995,1.44
dom,1996,1.5
dom,1997,1.58
dom,1998,1.64
dom,1999,1.7
dom,2000,1.63
dom,2001,1.6
dom,2002,1.64
dom,2003,1.76
dom,2004,1.87
dom,2005,1.94
dom,2006,2.02
dom,2007,2.05
dom,2008,2.08
dom,2009,2.19
dom,2010,2.29
dom,2011,2.37
dom,2012,2.69
dom,2013,3.11
dom,2014,3.15
dom,2015,3.17
dom,2016,3.14
dom,2017,2.96
dom,2018,2.75
dom,2019,2.58
dza,1990,3.64
dza,1991,3.47
dza,1992,3.39
dza,1993,3.32
dza,1994,3.35
dza,1995,3.29
dza,1996,3.22
dza,1997,3.16
dza,1998,3.06
dza,1999,3.01
dza,2000,2.92
dza,2001,2.83
dza,2002,2.72
dza,2003,2.52
dza,2004,2.42
dza,2005,2.32
dza,2006,2.23
dza,2007,2.13
dza,2008,2.05
dza,2009,1.99
dza,2010,1.92
dza,2011,1.9
dza,2012,1.87
dza,2013,1.84
dza,2014,1.85
dza,2015,1.85
dza,2016,1.8
dza,2017,1.78
dza,2018,1.81
dza,2019,1.82
ecu,1990,1.39
ecu,1991,1.56
ecu,1992,1.52
ecu,1993,1.48
ecu,1994,1.49
ecu,1995,1.46
ecu,1996,1.5
ecu,1997,1.3
ecu,1998,1.29
ecu,1999,1.23
ecu,2000,1.25
ecu,2001,1.36
ecu,2002,1.54
ecu,2003,1.66
ecu,2004,1.89
ecu,2005,2.17
ecu,2006,2.37
ecu,2007,2.72
ecu,2008,3.16
ecu,2009,3.48
ecu,2010,3.82
ecu,2011,4.12
ecu,2012,4.31
ecu,2013,4.57
ecu,2014,4.57
ecu,2015,4.57
ecu,2016,4.49
ecu,2017,4.48
ecu,2018,4.38
ecu,2019,4.36
egy,1990,3.23
egy,1991,3.02
egy,1992,2.85
egy,1993,2.95
egy,1994,3
egy,1995,2.9
egy,1996,2.88
egy,1997,2.88
egy,1998,2.77
egy,1999,2.77
egy,2000,2.68
egy,2001,2.79
egy,2002,2.79
egy,2003,2.79
egy,2004,2.75
egy,2005,2.69
egy,2006,2.72
egy,2007,2.65
egy,2008,2.68
egy,2009,2.77
egy,2010,2.83
egy,2011,2.95
egy,2012,2.98
egy,2013,2.89
egy,2014,2.84
egy,2015,2.91
egy,2016,2.89
egy,2017,2.9
egy,2018,2.89
egy,2019,2.86
eri,1990,1.95
eri,1991,1.97
eri,1992,1.96
eri,1993,1.97
eri,1994,2.02
eri,1995,2.16
eri,1996,2.13
eri,1997,2.11
eri,1998,2.06
eri,1999,2.07
eri,2000,2.06
eri,2001,2
eri,2002,2.05
eri,2003,2.05
eri,2004,2.07
eri,2005,2.06
eri,2006,2.04
eri,2007,2.01
eri,2008,2.02
eri,2009,2.01
eri,2010,1.99
eri,2011,1.97
eri,2012,1.96
eri,2013,1.95
eri,2014,1.93
eri,2015,1.95
eri,2016,1.93
eri,2017,1.9
eri,2018,1.88
eri,2019,1.87
esp,1990,2.11
esp,1991,2.1
esp,1992,1.95
esp,1993,1.81
esp,1994,1.79
esp,1995,1.78
esp,1996,1.77
esp,1997,1.84
esp,1998,1.91
esp,1999,1.98
esp,2000,2.01
esp,2001,1.99
esp,2002,1.96
esp,2003,1.97
esp,2004,1.87
esp,2005,1.81
esp,2006,1.68
esp,2007,1.58
esp,2008,1.39
esp,2009,1.21
esp,2010,1.05
esp,2011,0.95
esp,2012,0.86
esp,2013,0.82
esp,2014,0.77
esp,2015,0.8
esp,2016,0.8
esp,2017,0.8
esp,2018,0.85
esp,2019,0.88
est,1990,1.18
est,1991,1.25
est,1992,1.18
est,1993,1.27
est,1994,1.42
est,1995,1.25
est,1996,1.01
est,1997,0.85
est,1998,0.71
est,1999,0.6
est,2000,0.56
est,2001,0.61
est,2002,0.55
est,2003,0.54
est,2004,0.52
est,2005,0.53
est,2006,0.55
est,2007,0.6
est,2008,0.52
est,2009,0.43
est,2010,0.39
est,2011,0.38
est,2012,0.4
est,2013,0.35
est,2014,0.36
est,2015,0.33
est,2016,0.35
est,2017,0.34
est,2018,0.33
est,2019,0.33
eth,1990,2.37
eth,1991,2.34
eth,1992,2.35
eth,1993,2.33
eth,1994,2.28
eth,1995,2.25
eth,1996,2.18
eth,1997,2.13
eth,1998,2.12
eth,1999,2.08
eth,2000,1.99
eth,2001,1.9
eth,2002,1.86
eth,2003,1.81
eth,2004,1.78
eth,2005,1.75
eth,2006,1.69
eth,2007,1.62
eth,2008,1.57
eth,2009,1.52
eth,2010,1.47
eth,2011,1.41
eth,2012,1.35
eth,2013,1.34
eth,2014,1.29
eth,2015,1.24
eth,2016,1.21
eth,2017,1.18
eth,2018,1.15
eth,2019,1.13
fin,1990,1.23
fin,1991,1.14
fin,1992,1.02
fin,1993,0.92
fin,1994,0.88
fin,1995,0.83
fin,1996,0.76
fin,1997,0.7
fin,1998,0.69
fin,1999,0.67
fin,2000,0.68
fin,2001,0.7
fin,2002,0.74
fin,2003,0.78
fin,2004,0.78
fin,2005,0.79
fin,2006,0.83
fin,2007,0.88
fin,2008,0.83
fin,2009,0.8
fin,2010,0.74
fin,2011,0.72
fin,2012,0.69
fin,2013,0.66
fin,2014,0.61
fin,2015,0.55
fin,2016,0.54
fin,2017,0.55
fin,2018,0.56
fin,2019,0.56
fji,1990,1.25
fji,1991,1.22
fji,1992,1.19
fji,1993,1.17
fji,1994,1.14
fji,1995,1.12
fji,1996,1.12
fji,1997,1.08
fji,1998,1.02
fji,1999,1.09
fji,2000,1.14
fji,2001,1.1
fji,2002,1
fji,2003,1.06
fji,2004,1.07
fji,2005,1.16
fji,2006,1.28
fji,2007,1.3
fji,2008,1.32
fji,2009,1.26
fji,2010,1.29
fji,2011,1.34
fji,2012,1.38
fji,2013,1.34
fji,2014,1.31
fji,2015,1.35
fji,2016,1.36
fji,2017,1.34
fji,2018,1.33
fji,2019,1.33
fra,1990,1.18
fra,1991,1.19
fra,1992,1.21
fra,1993,1.24
fra,1994,1.25
fra,1995,1.26
fra,1996,1.29
fra,1997,1.36
fra,1998,1.46
fra,1999,1.6
fra,2000,1.96
fra,2001,2.14
fra,2002,2.16
fra,2003,2.1
fra,2004,2.01
fra,2005,1.99
fra,2006,1.9
fra,2007,1.86
fra,2008,1.81
fra,2009,1.78
fra,2010,1.72
fra,2011,1.63
fra,2012,1.5
fra,2013,1.4
fra,2014,1.33
fra,2015,1.33
fra,2016,1.26
fra,2017,1.25
fra,2018,1.29
fra,2019,1.31
fsm,1990,2.62
fsm,1991,2.61
fsm,1992,2.6
fsm,1993,2.58
fsm,1994,2.57
fsm,1995,2.55
fsm,1996,2.53
fsm,1997,2.52
fsm,1998,2.5
fsm,1999,2.48
fsm,2000,2.48
fsm,2001,2.5
fsm,2002,2.52
fsm,2003,2.54
fsm,2004,2.56
fsm,2005,2.59
fsm,2006,2.6
fsm,2007,2.61
fsm,2008,2.63
fsm,2009,2.64
fsm,2010,2.64
fsm,2011,2.63
fsm,2012,2.62
fsm,2013,2.62
fsm,2014,2.62
fsm,2015,2.62
fsm,2016,2.62
fsm,2017,2.64
fsm,2018,2.66
fsm,2019,2.68
gab,1990,2.17
gab,1991,2.18
gab,1992,2.21
gab,1993,2.14
gab,1994,2.2
gab,1995,2.38
gab,1996,2.41
gab,1997,2.45
gab,1998,2.49
gab,1999,2.48
gab,2000,2.62
gab,2001,2.7
gab,2002,2.67
gab,2003,2.71
gab,2004,2.66
gab,2005,2.62
gab,2006,2.59
gab,2007,2.65
gab,2008,2.69
gab,2009,2.67
gab,2010,2.56
gab,2011,2.52
gab,2012,2.47
gab,2013,2.4
gab,2014,2.36
gab,2015,2.32
gab,2016,2.29
gab,2017,2.27
gab,2018,2.23
gab,2019,2.19
gbr,1990,1.74
gbr,1991,1.61
gbr,1992,1.45
gbr,1993,1.29
gbr,1994,1.21
gbr,1995,1.19
gbr,1996,1.17
gbr,1997,1.15
gbr,1998,1.14
gbr,1999,1.14
gbr,2000,1.14
gbr,2001,1.13
gbr,2002,1.13
gbr,2003,1.11
gbr,2004,1.06
gbr,2005,1.02
gbr,2006,1.04
gbr,2007,1
gbr,2008,0.95
gbr,2009,0.88
gbr,2010,0.79
gbr,2011,0.71
gbr,2012,0.66
gbr,2013,0.63
gbr,2014,0.62
gbr,2015,0.61
gbr,2016,0.61
gbr,2017,0.6
gbr,2018,0.61
gbr,2019,0.62
geo,1990,1.42
geo,1991,1.47
geo,1992,1.51
geo,1993,1.29
geo,1994,1.17
geo,1995,0.97
geo,1996,0.79
geo,1997,0.69
geo,1998,0.58
geo,1999,0.59
geo,2000,0.68
geo,2001,0.88
geo,2002,1.06
geo,2003,1.15
geo,2004,1.37
geo,2005,1.49
geo,2006,1.62
geo,2007,1.65
geo,2008,1.74
geo,2009,1.83
geo,2010,1.59
geo,2011,1.42
geo,2012,1.35
geo,2013,1.2
geo,2014,1.12
geo,2015,1.03
geo,2016,1.11
geo,2017,1.12
geo,2018,1.13
geo,2019,1.13
gha,1990,1.07
gha,1991,1.07
gha,1992,1.08
gha,1993,1.08
gha,1994,1.08
gha,1995,1.08
gha,1996,1.09
gha,1997,1.12
gha,1998,1.13
gha,1999,1.14
gha,2000,1.16
gha,2001,1.2
gha,2002,1.22
gha,2003,1.25
gha,2004,1.28
gha,2005,1.31
gha,2006,1.32
gha,2007,1.36
gha,2008,1.33
gha,2009,1.31
gha,2010,1.3
gha,2011,1.29
gha,2012,1.27
gha,2013,1.25
gha,2014,1.24
gha,2015,1.19
gha,2016,1.2
gha,2017,1.19
gha,2018,1.14
gha,2019,1.1
gin,1990,1.92
gin,1991,1.91
gin,1992,1.94
gin,1993,1.95
gin,1994,1.98
gin,1995,2
gin,1996,2.02
gin,1997,2.01
gin,1998,2.04
gin,1999,2.08
gin,2000,2.04
gin,2001,2.05
gin,2002,2.07
gin,2003,2.09
gin,2004,2.15
gin,2005,2.16
gin,2006,2.2
gin,2007,2.2
gin,2008,2.16
gin,2009,2.14
gin,2010,2.17
gin,2011,2.16
gin,2012,2.14
gin,2013,2.17
gin,2014,2.19
gin,2015,2.17
gin,2016,2.12
gin,2017,2.05
gin,2018,1.99
gin,2019,1.9
glp,2000,19.41
glp,2001,9.027
glp,2002,5.626
glp,2003,9.38
glp,2004,11.56
glp,2005,3.939
glp,2006,12.49
gmb,1990,1.26
gmb,1991,1.28
gmb,1992,1.32
gmb,1993,1.28
gmb,1994,1.27
gmb,1995,1.39
gmb,1996,1.3
gmb,1997,1.31
gmb,1998,1.37
gmb,1999,1.45
gmb,2000,1.35
gmb,2001,1.32
gmb,2002,1.33
gmb,2003,1.38
gmb,2004,1.53
gmb,2005,1.56
gmb,2006,1.53
gmb,2007,1.52
gmb,2008,1.44
gmb,2009,1.45
gmb,2010,1.42
gmb,2011,1.29
gmb,2012,1.3
gmb,2013,1.33
gmb,2014,1.42
gmb,2015,1.35
gmb,2016,1.41
gmb,2017,1.47
gmb,2018,1.44
gmb,2019,1.43
gnb,1990,3.86
gnb,1991,3.83
gnb,1992,3.81
gnb,1993,3.79
gnb,1994,3.77
gnb,1995,3.74
gnb,1996,3.7
gnb,1997,3.63
gnb,1998,3.61
gnb,1999,3.57
gnb,2000,3.57
gnb,2001,3.57
gnb,2002,3.56
gnb,2003,3.53
gnb,2004,3.53
gnb,2005,3.42
gnb,2006,3.35
gnb,2007,3.4
gnb,2008,3.32
gnb,2009,3.26
gnb,2010,3.21
gnb,2011,3.12
gnb,2012,3.02
gnb,2013,3
gnb,2014,2.96
gnb,2015,2.88
gnb,2016,2.84
gnb,2017,2.76
gnb,2018,2.74
gnb,2019,2.66
gnq,1990,2.23
gnq,1991,2.2
gnq,1992,2.14
gnq,1993,2.11
gnq,1994,2.05
gnq,1995,2.08
gnq,1996,2.05
gnq,1997,1.87
gnq,1998,1.78
gnq,1999,1.75
gnq,2000,1.67
gnq,2001,1.49
gnq,2002,1.31
gnq,2003,1.26
gnq,2004,1.26
gnq,2005,1.24
gnq,2006,1.23
gnq,2007,1.2
gnq,2008,1.15
gnq,2009,1.14
gnq,2010,1.12
gnq,2011,1.16
gnq,2012,1.16
gnq,2013,1.12
gnq,2014,1.1
gnq,2015,1.1
gnq,2016,1.13
gnq,2017,1.12
gnq,2018,1.1
gnq,2019,1.08
grc,1990,2.11
grc,1991,2.08
grc,1992,1.99
grc,1993,1.81
grc,1994,1.65
grc,1995,1.42
grc,1996,1.23
grc,1997,1.1
grc,1998,1.03
grc,1999,1.09
grc,2000,1.04
grc,2001,0.99
grc,2002,0.93
grc,2003,1.01
grc,2004,1.06
grc,2005,1.16
grc,2006,1.22
grc,2007,1.3
grc,2008,1.33
grc,2009,1.45
grc,2010,1.51
grc,2011,1.61
grc,2012,1.75
grc,2013,1.96
grc,2014,2.24
grc,2015,2.31
grc,2016,2.25
grc,2017,2.12
grc,2018,2.16
grc,2019,2.15
grd,1990,1.92
grd,1991,1.89
grd,1992,1.87
grd,1993,1.78
grd,1994,1.67
grd,1995,1.59
grd,1996,1.59
grd,1997,1.52
grd,1998,1.42
grd,1999,1.35
grd,2000,1.24
grd,2001,1.26
grd,2002,1.24
grd,2003,1.22
grd,2004,1.25
grd,2005,1.26
grd,2006,1.25
grd,2007,1.19
grd,2008,1.65
grd,2009,1.63
grd,2010,1.58
grd,2011,1.63
grd,2012,1.63
grd,2013,1.64
grd,2014,1.59
grd,2015,1.57
grd,2016,1.52
grd,2017,1.43
grd,2018,1.43
grd,2019,1.42
grl,1990,1.01
grl,1991,0.99
grl,1992,0.97
grl,1993,0.99
grl,1994,0.99
grl,1995,0.98
grl,1996,0.97
grl,1997,0.96
grl,1998,0.95
grl,1999,0.96
grl,2000,0.92
grl,2001,0.89
grl,2002,0.88
grl,2003,0.83
grl,2004,0.76
grl,2005,0.72
grl,2006,0.7
grl,2007,0.68
grl,2008,0.65
grl,2009,0.63
grl,2010,0.61
grl,2011,0.57
grl,2012,0.55
grl,2013,0.52
grl,2014,0.51
grl,2015,0.49
grl,2016,0.47
grl,2017,0.47
grl,2018,0.47
grl,2019,0.47
gtm,1990,1.22
gtm,1991,1.31
gtm,1992,1.35
gtm,1993,1.44
gtm,1994,1.45
gtm,1995,1.36
gtm,1996,1.32
gtm,1997,1.39
gtm,1998,1.42
gtm,1999,1.39
gtm,2000,1.48
gtm,2001,1.48
gtm,2002,1.43
gtm,2003,1.45
gtm,2004,1.51
gtm,2005,1.54
gtm,2006,1.63
gtm,2007,1.62
gtm,2008,1.67
gtm,2009,1.81
gtm,2010,1.89
gtm,2011,1.96
gtm,2012,1.94
gtm,2013,1.91
gtm,2014,1.86
gtm,2015,1.88
gtm,2016,1.88
gtm,2017,1.92
gtm,2018,1.87
gtm,2019,1.87
guf,2001,8.654
guf,2003,18.07
guf,2004,18.38
guf,2005,17.14
guf,2006,3.906
gum,1990,0.86
gum,1991,0.86
gum,1992,0.85
gum,1993,0.85
gum,1994,0.85
gum,1995,0.87
gum,1996,0.91
gum,1997,0.96
gum,1998,1.03
gum,1999,1.14
gum,2000,1.26
gum,2001,1.29
gum,2002,1.29
gum,2003,1.34
gum,2004,1.41
gum,2005,1.48
gum,2006,1.58
gum,2007,1.69
gum,2008,1.68
gum,2009,1.7
gum,2010,1.65
gum,2011,1.58
gum,2012,1.58
gum,2013,1.58
gum,2014,1.6
gum,2015,1.64
gum,2016,1.57
gum,2017,1.56
gum,2018,1.54
gum,2019,1.57
guy,1990,1.98
guy,1991,1.8
guy,1992,1.78
guy,1993,1.83
guy,1994,1.86
guy,1995,1.99
guy,1996,2.2
guy,1997,2.29
guy,1998,2.27
guy,1999,2.37
guy,2000,2.44
guy,2001,2.57
guy,2002,2.69
guy,2003,2.76
guy,2004,2.86
guy,2005,3
guy,2006,3.18
guy,2007,3.2
guy,2008,3.07
guy,2009,3.09
guy,2010,3.23
guy,2011,3.47
guy,2012,3.66
guy,2013,3.51
guy,2014,3.61
guy,2015,3.44
guy,2016,3.35
guy,2017,3.27
guy,2018,3.21
guy,2019,3.17
hkg,2001,0.324
hkg,2002,0.28
hkg,2003,0.267
hkg,2004,0.273
hkg,2005,0.238
hkg,2006,0.222
hkg,2007,0.192
hnd,1990,1.84
hnd,1991,1.82
hnd,1992,1.79
hnd,1993,1.76
hnd,1994,1.74
hnd,1995,1.71
hnd,1996,1.67
hnd,1997,1.65
hnd,1998,1.64
hnd,1999,1.65
hnd,2000,1.64
hnd,2001,1.66
hnd,2002,1.67
hnd,2003,1.69
hnd,2004,1.66
hnd,2005,1.65
hnd,2006,1.62
hnd,2007,1.59
hnd,2008,1.53
hnd,2009,1.46
hnd,2010,1.39
hnd,2011,1.3
hnd,2012,1.14
hnd,2013,1.14
hnd,2014,1.14
hnd,2015,1.13
hnd,2016,1.13
hnd,2017,1.12
hnd,2018,1.12
hnd,2019,1.11
hrv,1990,0.8
hrv,1991,0.78
hrv,1992,0.84
hrv,1993,0.89
hrv,1994,0.98
hrv,1995,1.22
hrv,1996,1.33
hrv,1997,1.42
hrv,1998,1.47
hrv,1999,1.55
hrv,2000,1.63
hrv,2001,1.72
hrv,2002,1.86
hrv,2003,1.93
hrv,2004,1.92
hrv,2005,2.11
hrv,2006,2.11
hrv,2007,2.3
hrv,2008,2.38
hrv,2009,2.13
hrv,2010,1.9
hrv,2011,1.82
hrv,2012,1.71
hrv,2013,1.62
hrv,2014,1.53
hrv,2015,1.52
hrv,2016,1.39
hrv,2017,1.39
hrv,2018,1.42
hrv,2019,1.42
hti,1990,2.71
hti,1991,2.58
hti,1992,2.59
hti,1993,2.55
hti,1994,2.47
hti,1995,2.45
hti,1996,2.33
hti,1997,2.32
hti,1998,2.13
hti,1999,2.13
hti,2000,2.11
hti,2001,2.16
hti,2002,2.15
hti,2003,2.19
hti,2004,2.24
hti,2005,2.26
hti,2006,2.27
hti,2007,2.3
hti,2008,2.31
hti,2009,2.32
hti,2010,2.33
hti,2011,2.44
hti,2012,2.48
hti,2013,2.54
hti,2014,2.57
hti,2015,2.59
hti,2016,2.6
hti,2017,2.59
hti,2018,2.57
hti,2019,2.56
hun,1990,1.9
hun,1991,1.71
hun,1992,1.62
hun,1993,1.44
hun,1994,1.34
hun,1995,1.27
hun,1996,1.16
hun,1997,1.16
hun,1998,1.19
hun,1999,1.15
hun,2000,1.08
hun,2001,1.07
hun,2002,1.09
hun,2003,1.17
hun,2004,1.17
hun,2005,1.26
hun,2006,1.24
hun,2007,1.23
hun,2008,1.16
hun,2009,1.09
hun,2010,0.99
hun,2011,0.94
hun,2012,0.9
hun,2013,0.85
hun,2014,0.84
hun,2015,0.86
hun,2016,0.82
hun,2017,0.8
hun,2018,0.8
hun,2019,0.79
idn,1990,6.71
idn,1991,6.66
idn,1992,6.63
idn,1993,6.57
idn,1994,6.5
idn,1995,6.44
idn,1996,6.38
idn,1997,6.4
idn,1998,6.48
idn,1999,6.57
idn,2000,6.68
idn,2001,6.78
idn,2002,6.71
idn,2003,6.56
idn,2004,6.24
idn,2005,6.16
idn,2006,6.05
idn,2007,6.03
idn,2008,5.82
idn,2009,5.65
idn,2010,5.44
idn,2011,5.24
idn,2012,5.18
idn,2013,5.11
idn,2014,4.99
idn,2015,4.86
idn,2016,4.78
idn,2017,4.71
idn,2018,4.64
idn,2019,4.56
ind,1990,4.03
ind,1991,4.13
ind,1992,4.12
ind,1993,4.17
ind,1994,4.26
ind,1995,4.25
ind,1996,4.28
ind,1997,4.56
ind,1998,4.68
ind,1999,4.79
ind,2000,4.76
ind,2001,4.72
ind,2002,4.67
ind,2003,4.5
ind,2004,4.48
ind,2005,4.6
ind,2006,4.87
ind,2007,5.09
ind,2008,5.36
ind,2009,5.43
ind,2010,5.54
ind,2011,5.67
ind,2012,5.83
ind,2013,5.54
ind,2014,5.14
ind,2015,4.83
ind,2016,4.66
ind,2017,4.54
ind,2018,4.65
ind,2019,4.61
irl,1990,1.5
irl,1991,1.58
irl,1992,1.53
irl,1993,1.48
irl,1994,1.41
irl,1995,1.44
irl,1996,1.43
irl,1997,1.37
irl,1998,1.2
irl,1999,1.11
irl,2000,1.05
irl,2001,1.01
irl,2002,0.94
irl,2003,0.85
irl,2004,0.79
irl,2005,0.75
irl,2006,0.69
irl,2007,0.6
irl,2008,0.57
irl,2009,0.57
irl,2010,0.48
irl,2011,0.45
irl,2012,0.41
irl,2013,0.39
irl,2014,0.36
irl,2015,0.33
irl,2016,0.32
irl,2017,0.32
irl,2018,0.32
irl,2019,0.32
irn,1990,7.29
irn,1991,7.24
irn,1992,7.23
irn,1993,7.18
irn,1994,7.05
irn,1995,6.9
irn,1996,6.74
irn,1997,6.52
irn,1998,6.28
irn,1999,6
irn,2000,5.92
irn,2001,5.84
irn,2002,5.82
irn,2003,5.84
irn,2004,5.96
irn,2005,6
irn,2006,5.94
irn,2007,5.68
irn,2008,5.46
irn,2009,5.07
irn,2010,4.77
irn,2011,4.42
irn,2012,4.1
irn,2013,3.77
irn,2014,3.49
irn,2015,3.25
irn,2016,3.17
irn,2017,3.2
irn,2018,3.2
irn,2019,3.23
irq,1990,1.87
irq,1991,1.93
irq,1992,1.95
irq,1993,1.98
irq,1994,2.02
irq,1995,2.05
irq,1996,2.08
irq,1997,2.08
irq,1998,2.03
irq,1999,1.98
irq,2000,1.95
irq,2001,1.92
irq,2002,1.9
irq,2003,1.91
irq,2004,1.86
irq,2005,1.84
irq,2006,1.82
irq,2007,1.76
irq,2008,1.69
irq,2009,1.7
irq,2010,1.72
irq,2011,1.69
irq,2012,1.64
irq,2013,1.63
irq,2014,1.56
irq,2015,1.47
irq,2016,1.39
irq,2017,1.37
irq,2018,1.4
irq,2019,1.34
isl,1990,0.64
isl,1991,0.6
isl,1992,0.54
isl,1993,0.53
isl,1994,0.51
isl,1995,0.49
isl,1996,0.49
isl,1997,0.49
isl,1998,0.49
isl,1999,0.51
isl,2000,0.53
isl,2001,0.5
isl,2002,0.45
isl,2003,0.43
isl,2004,0.44
isl,2005,0.43
isl,2006,0.43
isl,2007,0.42
isl,2008,0.4
isl,2009,0.38
isl,2010,0.36
isl,2011,0.35
isl,2012,0.34
isl,2013,0.34
isl,2014,0.31
isl,2015,0.31
isl,2016,0.3
isl,2017,0.29
isl,2018,0.27
isl,2019,0.28
isr,1990,0.46
isr,1991,0.47
isr,1992,0.48
isr,1993,0.48
isr,1994,0.51
isr,1995,0.49
isr,1996,0.54
isr,1997,0.63
isr,1998,0.77
isr,1999,0.79
isr,2000,0.93
isr,2001,0.94
isr,2002,0.96
isr,2003,0.93
isr,2004,0.88
isr,2005,0.87
isr,2006,0.81
isr,2007,0.79
isr,2008,0.81
isr,2009,0.79
isr,2010,0.8
isr,2011,0.76
isr,2012,0.73
isr,2013,0.82
isr,2014,0.8
isr,2015,0.84
isr,2016,0.82
isr,2017,0.8
isr,2018,0.8
isr,2019,0.77
ita,1990,3.16
ita,1991,3.16
ita,1992,3.02
ita,1993,2.8
ita,1994,2.68
ita,1995,2.63
ita,1996,2.54
ita,1997,2.49
ita,1998,2.39
ita,1999,2.29
ita,2000,2.22
ita,2001,2.24
ita,2002,2.23
ita,2003,2.28
ita,2004,2.24
ita,2005,2.2
ita,2006,2.18
ita,2007,2.14
ita,2008,2.04
ita,2009,1.91
ita,2010,1.81
ita,2011,1.79
ita,2012,1.7
ita,2013,1.72
ita,2014,1.61
ita,2015,1.61
ita,2016,1.53
ita,2017,1.53
ita,2018,1.58
ita,2019,1.6
jam,1990,0.64
jam,1991,0.64
jam,1992,0.68
jam,1993,0.68
jam,1994,0.72
jam,1995,0.78
jam,1996,0.84
jam,1997,0.87
jam,1998,0.89
jam,1999,0.95
jam,2000,0.94
jam,2001,0.87
jam,2002,0.77
jam,2003,0.7
jam,2004,0.64
jam,2005,0.66
jam,2006,0.66
jam,2007,0.77
jam,2008,1
jam,2009,1.08
jam,2010,0.79
jam,2011,0.89
jam,2012,0.7
jam,2013,0.64
jam,2014,0.68
jam,2015,0.68
jam,2016,0.7
jam,2017,0.7
jam,2018,0.71
jam,2019,0.74
jor,1990,1.44
jor,1991,1.39
jor,1992,1.36
jor,1993,1.39
jor,1994,1.39
jor,1995,1.39
jor,1996,1.37
jor,1997,1.35
jor,1998,1.34
jor,1999,1.31
jor,2000,1.32
jor,2001,1.28
jor,2002,1.23
jor,2003,1.24
jor,2004,1.18
jor,2005,1.09
jor,2006,1
jor,2007,0.96
jor,2008,0.95
jor,2009,0.91
jor,2010,0.88
jor,2011,0.86
jor,2012,0.86
jor,2013,0.83
jor,2014,0.81
jor,2015,0.81
jor,2016,0.83
jor,2017,0.84
jor,2018,0.86
jor,2019,0.86
jpn,1990,2.63
jpn,1991,2.52
jpn,1992,2.44
jpn,1993,2.31
jpn,1994,2.18
jpn,1995,2.07
jpn,1996,1.92
jpn,1997,1.82
jpn,1998,1.8
jpn,1999,1.72
jpn,2000,1.61
jpn,2001,1.52
jpn,2002,1.42
jpn,2003,1.35
jpn,2004,1.25
jpn,2005,1.18
jpn,2006,1.09
jpn,2007,1.02
jpn,2008,0.98
jpn,2009,0.93
jpn,2010,0.89
jpn,2011,0.85
jpn,2012,0.8
jpn,2013,0.74
jpn,2014,0.7
jpn,2015,0.67
jpn,2016,0.65
jpn,2017,0.63
jpn,2018,0.64
jpn,2019,0.65
kaz,1990,1.01
kaz,1991,1.04
kaz,1992,1.04
kaz,1993,0.96
kaz,1994,0.89
kaz,1995,0.85
kaz,1996,0.79
kaz,1997,0.72
kaz,1998,0.66
kaz,1999,0.63
kaz,2000,0.67
kaz,2001,0.73
kaz,2002,0.77
kaz,2003,0.87
kaz,2004,1
kaz,2005,1.12
kaz,2006,1.22
kaz,2007,1.22
kaz,2008,1.1
kaz,2009,0.99
kaz,2010,0.95
kaz,2011,0.9
kaz,2012,0.87
kaz,2013,0.81
kaz,2014,0.78
kaz,2015,0.74
kaz,2016,0.64
kaz,2017,0.58
kaz,2018,0.53
kaz,2019,0.55
ken,1990,0.27
ken,1991,0.27
ken,1992,0.27
ken,1993,0.26
ken,1994,0.26
ken,1995,0.26
ken,1996,0.26
ken,1997,0.26
ken,1998,0.27
ken,1999,0.27
ken,2000,0.28
ken,2001,0.28
ken,2002,0.29
ken,2003,0.3
ken,2004,0.31
ken,2005,0.32
ken,2006,0.33
ken,2007,0.34
ken,2008,0.35
ken,2009,0.35
ken,2010,0.35
ken,2011,0.36
ken,2012,0.36
ken,2013,0.36
ken,2014,0.35
ken,2015,0.36
ken,2016,0.35
ken,2017,0.35
ken,2018,0.34
ken,2019,0.34
kgz,1990,2.65
kgz,1991,2.54
kgz,1992,2.29
kgz,1993,2.18
kgz,1994,2.04
kgz,1995,1.91
kgz,1996,1.74
kgz,1997,1.58
kgz,1998,1.48
kgz,1999,1.41
kgz,2000,1.48
kgz,2001,1.58
kgz,2002,1.68
kgz,2003,1.75
kgz,2004,1.76
kgz,2005,1.82
kgz,2006,1.97
kgz,2007,2
kgz,2008,1.92
kgz,2009,1.75
kgz,2010,1.69
kgz,2011,1.61
kgz,2012,1.59
kgz,2013,1.55
kgz,2014,1.44
kgz,2015,1.29
kgz,2016,1.13
kgz,2017,1.11
kgz,2018,1.16
kgz,2019,1.17
khm,1990,8.17
khm,1991,8.08
khm,1992,8
khm,1993,7.96
khm,1994,7.98
khm,1995,8.01
khm,1996,7.92
khm,1997,7.84
khm,1998,7.82
khm,1999,7.74
khm,2000,7.6
khm,2001,7.58
khm,2002,7.5
khm,2003,7.35
khm,2004,7.25
khm,2005,7.1
khm,2006,6.82
khm,2007,6.71
khm,2008,6.51
khm,2009,6.34
khm,2010,6.24
khm,2011,6.05
khm,2012,5.91
khm,2013,5.77
khm,2014,5.7
khm,2015,5.63
khm,2016,5.58
khm,2017,5.49
khm,2018,5.44
khm,2019,5.39
kir,1990,1.52
kir,1991,1.52
kir,1992,1.54
kir,1993,1.54
kir,1994,1.51
kir,1995,1.46
kir,1996,1.57
kir,1997,1.71
kir,1998,1.92
kir,1999,2.27
kir,2000,2.87
kir,2001,3.69
kir,2002,4.59
kir,2003,5.49
kir,2004,6.27
kir,2005,6.9
kir,2006,7.48
kir,2007,8.04
kir,2008,7.8
kir,2009,7.62
kir,2010,7.47
kir,2011,7.33
kir,2012,7.21
kir,2013,7.09
kir,2014,6.97
kir,2015,6.88
kir,2016,6.85
kir,2017,6.8
kir,2018,6.7
kir,2019,6.67
kna,1990,2.2
kna,1991,2.13
kna,1992,2.09
kna,1993,2.12
kna,1994,2.13
kna,1995,2.1
kna,1996,2.04
kna,1997,1.86
kna,1998,1.76
kna,1999,1.67
kna,2000,1.63
kna,2001,1.56
kna,2002,1.52
kna,2003,1.43
kna,2004,1.36
kna,2005,1.38
kna,2006,1.42
kna,2007,1.36
kna,2008,1.69
kna,2009,1.72
kna,2010,1.75
kna,2011,1.72
kna,2012,1.86
kna,2013,1.89
kna,2014,1.89
kna,2015,1.88
kna,2016,1.82
kna,2017,1.84
kna,2018,1.78
kna,2019,1.31
kor,1990,6.9
kor,1991,7.16
kor,1992,7.2
kor,1993,7.22
kor,1994,7.36
kor,1995,7.01
kor,1996,6.7
kor,1997,6.08
kor,1998,5.38
kor,1999,4.69
kor,2000,4.21
kor,2001,3.68
kor,2002,3.32
kor,2003,3.16
kor,2004,2.95
kor,2005,2.74
kor,2006,2.61
kor,2007,2.55
kor,2008,2.49
kor,2009,2.41
kor,2010,2.3
kor,2011,2.13
kor,2012,1.97
kor,2013,1.82
kor,2014,1.7
kor,2015,1.59
kor,2016,1.51
kor,2017,1.52
kor,2018,1.52
kor,2019,1.54
kwt,1990,0.83
kwt,1991,0.78
kwt,1992,0.71
kwt,1993,0.7
kwt,1994,0.78
kwt,1995,0.82
kwt,1996,0.65
kwt,1997,0.75
kwt,1998,0.65
kwt,1999,0.74
kwt,2000,0.74
kwt,2001,0.61
kwt,2002,0.68
kwt,2003,0.66
kwt,2004,0.67
kwt,2005,0.68
kwt,2006,0.69
kwt,2007,0.66
kwt,2008,0.71
kwt,2009,0.64
kwt,2010,0.55
kwt,2011,0.51
kwt,2012,0.51
kwt,2013,0.5
kwt,2014,0.49
kwt,2015,0.49
kwt,2016,0.48
kwt,2017,0.48
kwt,2018,0.47
kwt,2019,0.47
lao,1990,8.29
lao,1991,8.17
lao,1992,8.12
lao,1993,8.07
lao,1994,8
lao,1995,7.94
lao,1996,7.78
lao,1997,7.66
lao,1998,7.6
lao,1999,7.48
lao,2000,7.26
lao,2001,7.27
lao,2002,7.07
lao,2003,6.94
lao,2004,6.78
lao,2005,6.64
lao,2006,6.5
lao,2007,6.32
lao,2008,6.23
lao,2009,6.08
lao,2010,5.85
lao,2011,5.62
lao,2012,5.39
lao,2013,5.29
lao,2014,5.23
lao,2015,5.24
lao,2016,5.14
lao,2017,4.98
lao,2018,4.85
lao,2019,4.69
lbn,1990,0.89
lbn,1991,0.85
lbn,1992,0.83
lbn,1993,0.81
lbn,1994,0.77
lbn,1995,0.74
lbn,1996,0.71
lbn,1997,0.69
lbn,1998,0.68
lbn,1999,0.65
lbn,2000,0.63
lbn,2001,0.62
lbn,2002,0.61
lbn,2003,0.61
lbn,2004,0.61
lbn,2005,0.61
lbn,2006,0.62
lbn,2007,0.62
lbn,2008,0.63
lbn,2009,0.64
lbn,2010,0.64
lbn,2011,0.65
lbn,2012,0.66
lbn,2013,0.67
lbn,2014,0.69
lbn,2015,0.71
lbn,2016,0.73
lbn,2017,0.73
lbn,2018,0.74
lbn,2019,0.75
lbr,1990,1.69
lbr,1991,1.64
lbr,1992,1.65
lbr,1993,1.69
lbr,1994,1.7
lbr,1995,1.63
lbr,1996,1.73
lbr,1997,1.68
lbr,1998,1.64
lbr,1999,1.55
lbr,2000,1.46
lbr,2001,1.38
lbr,2002,1.32
lbr,2003,1.31
lbr,2004,1.29
lbr,2005,1.29
lbr,2006,1.29
lbr,2007,1.3
lbr,2008,1.29
lbr,2009,1.32
lbr,2010,1.34
lbr,2011,1.33
lbr,2012,1.36
lbr,2013,1.34
lbr,2014,1.29
lbr,2015,1.24
lbr,2016,1.21
lbr,2017,1.17
lbr,2018,1.13
lbr,2019,1.12
lby,1990,2.76
lby,1991,2.69
lby,1992,2.68
lby,1993,2.64
lby,1994,2.6
lby,1995,2.59
lby,1996,2.51
lby,1997,2.58
lby,1998,2.53
lby,1999,2.51
lby,2000,2.54
lby,2001,2.59
lby,2002,2.63
lby,2003,2.56
lby,2004,2.27
lby,2005,2.14
lby,2006,2.13
lby,2007,2.37
lby,2008,2.57
lby,2009,2.68
lby,2010,2.74
lby,2011,2.82
lby,2012,2.69
lby,2013,2.6
lby,2014,2.63
lby,2015,2.57
lby,2016,2.49
lby,2017,2.51
lby,2018,2.52
lby,2019,2.54
lca,1990,1.95
lca,1991,1.95
lca,1992,1.95
lca,1993,1.95
lca,1994,1.97
lca,1995,1.94
lca,1996,1.81
lca,1997,1.83
lca,1998,1.86
lca,1999,1.88
lca,2000,1.84
lca,2001,2.15
lca,2002,2.12
lca,2003,2.07
lca,2004,2.08
lca,2005,2.07
lca,2006,2.08
lca,2007,2.12
lca,2008,2.15
lca,2009,2.14
lca,2010,2.12
lca,2011,2.25
lca,2012,2.37
lca,2013,2.41
lca,2014,2.39
lca,2015,2.35
lca,2016,2.3
lca,2017,2.27
lca,2018,2.24
lca,2019,2.21
lka,1990,3.49
lka,1991,3.19
lka,1992,3.1
lka,1993,2.97
lka,1994,3.27
lka,1995,3.77
lka,1996,4.13
lka,1997,4.64
lka,1998,4.31
lka,1999,4.38
lka,2000,4.63
lka,2001,4.21
lka,2002,3.83
lka,2003,3.78
lka,2004,3.58
lka,2005,3.84
lka,2006,4
lka,2007,3.97
lka,2008,4.02
lka,2009,3.49
lka,2010,3.15
lka,2011,3.27
lka,2012,3.2
lka,2013,2.95
lka,2014,2.92
lka,2015,3.01
lka,2016,3.02
lka,2017,2.98
lka,2018,3.06
lka,2019,3.01
lso,1990,0.86
lso,1991,0.84
lso,1992,0.84
lso,1993,0.83
lso,1994,0.84
lso,1995,0.85
lso,1996,0.87
lso,1997,0.91
lso,1998,0.98
lso,1999,1.07
lso,2000,1.19
lso,2001,1.27
lso,2002,1.39
lso,2003,1.5
lso,2004,1.63
lso,2005,1.71
lso,2006,1.78
lso,2007,1.8
lso,2008,1.81
lso,2009,1.81
lso,2010,1.85
lso,2011,1.87
lso,2012,1.92
lso,2013,2.01
lso,2014,2.05
lso,2015,2.05
lso,2016,1.98
lso,2017,1.93
lso,2018,1.89
lso,2019,1.86
ltu,1990,0.98
ltu,1991,1.04
ltu,1992,0.97
ltu,1993,1.04
ltu,1994,0.96
ltu,1995,0.91
ltu,1996,0.86
ltu,1997,0.81
ltu,1998,0.77
ltu,1999,0.77
ltu,2000,0.77
ltu,2001,0.83
ltu,2002,0.87
ltu,2003,0.89
ltu,2004,0.92
ltu,2005,1.05
ltu,2006,1.11
ltu,2007,1.24
ltu,2008,1.16
ltu,2009,0.97
ltu,2010,0.89
ltu,2011,0.82
ltu,2012,0.8
ltu,2013,0.79
ltu,2014,0.74
ltu,2015,0.7
ltu,2016,0.63
ltu,2017,0.55
ltu,2018,0.58
ltu,2019,0.6
lux,1990,1.43
lux,1991,1.42
lux,1992,1.38
lux,1993,1.39
lux,1994,1.37
lux,1995,1.31
lux,1996,1.3
lux,1997,1.21
lux,1998,1.12
lux,1999,1.15
lux,2000,1.21
lux,2001,1.2
lux,2002,1.21
lux,2003,1.19
lux,2004,1.08
lux,2005,1.05
lux,2006,1.03
lux,2007,0.96
lux,2008,0.9
lux,2009,0.85
lux,2010,0.8
lux,2011,0.82
lux,2012,0.8
lux,2013,0.79
lux,2014,0.83
lux,2015,0.86
lux,2016,0.83
lux,2017,0.82
lux,2018,0.8
lux,2019,0.79
lva,1990,2.57
lva,1991,2.61
lva,1992,2.61
lva,1993,2.79
lva,1994,2.91
lva,1995,2.56
lva,1996,2.15
lva,1997,1.89
lva,1998,1.86
lva,1999,1.61
lva,2000,1.4
lva,2001,1.35
lva,2002,1.29
lva,2003,1.11
lva,2004,1.06
lva,2005,1.03
lva,2006,1.06
lva,2007,1.02
lva,2008,0.95
lva,2009,0.84
lva,2010,0.84
lva,2011,0.72
lva,2012,0.69
lva,2013,0.74
lva,2014,0.73
lva,2015,0.7
lva,2016,0.64
lva,2017,0.66
lva,2018,0.66
lva,2019,0.67
mar,1990,2.19
mar,1991,2.19
mar,1992,2.4
mar,1993,2.46
mar,1994,2.39
mar,1995,2.36
mar,1996,2.32
mar,1997,2.3
mar,1998,2.26
mar,1999,2.24
mar,2000,2.18
mar,2001,2.16
mar,2002,2.07
mar,2003,2.06
mar,2004,2
mar,2005,1.96
mar,2006,1.91
mar,2007,1.9
mar,2008,1.9
mar,2009,1.89
mar,2010,1.88
mar,2011,1.87
mar,2012,1.87
mar,2013,1.82
mar,2014,1.82
mar,2015,1.8
mar,2016,1.79
mar,2017,1.77
mar,2018,1.71
mar,2019,1.69
mco,1990,1.19
mco,1991,1.16
mco,1992,1.14
mco,1993,1.12
mco,1994,1.11
mco,1995,1.08
mco,1996,1.05
mco,1997,1.01
mco,1998,0.98
mco,1999,0.94
mco,2000,0.9
mco,2001,0.88
mco,2002,0.86
mco,2003,0.85
mco,2004,0.84
mco,2005,0.84
mco,2006,0.83
mco,2007,0.82
mco,2008,0.81
mco,2009,0.81
mco,2010,0.8
mco,2011,0.8
mco,2012,0.8
mco,2013,0.79
mco,2014,0.78
mco,2015,0.77
mco,2016,0.75
mco,2017,0.73
mco,2018,0.72
mco,2019,0.7
mda,1990,2.41
mda,1991,2.38
mda,1992,2.09
mda,1993,1.83
mda,1994,1.93
mda,1995,1.86
mda,1996,1.62
mda,1997,1.36
mda,1998,1.19
mda,1999,1.1
mda,2000,1.1
mda,2001,1.1
mda,2002,1.09
mda,2003,1.09
mda,2004,1.11
mda,2005,1.17
mda,2006,1.17
mda,2007,1.18
mda,2008,1.14
mda,2009,1.14
mda,2010,1.17
mda,2011,1.03
mda,2012,1.01
mda,2013,0.94
mda,2014,0.97
mda,2015,0.99
mda,2016,0.88
mda,2017,0.79
mda,2018,0.75
mda,2019,0.75
mdg,1990,1.43
mdg,1991,1.4
mdg,1992,1.37
mdg,1993,1.4
mdg,1994,1.33
mdg,1995,1.22
mdg,1996,1.23
mdg,1997,1.23
mdg,1998,1.25
mdg,1999,1.21
mdg,2000,1.19
mdg,2001,1.18
mdg,2002,1.19
mdg,2003,1.19
mdg,2004,1.17
mdg,2005,1.17
mdg,2006,1.14
mdg,2007,1.11
mdg,2008,1.12
mdg,2009,1.12
mdg,2010,1.11
mdg,2011,1.1
mdg,2012,1.09
mdg,2013,1.07
mdg,2014,1.06
mdg,2015,1.04
mdg,2016,1.03
mdg,2017,1.02
mdg,2018,1.02
mdg,2019,1
mdv,1990,5.8
mdv,1991,5.49
mdv,1992,5.29
mdv,1993,5.04
mdv,1994,4.87
mdv,1995,4.85
mdv,1996,4.73
mdv,1997,4.53
mdv,1998,4.31
mdv,1999,4.42
mdv,2000,4.17
mdv,2001,3.89
mdv,2002,3.6
mdv,2003,3.3
mdv,2004,3.05
mdv,2005,2.88
mdv,2006,2.79
mdv,2007,2.73
mdv,2008,2.47
mdv,2009,2.27
mdv,2010,2.1
mdv,2011,1.95
mdv,2012,1.83
mdv,2013,1.73
mdv,2014,1.64
mdv,2015,1.54
mdv,2016,1.6
mdv,2017,1.62
mdv,2018,1.64
mdv,2019,1.66
mex,1990,2.39
mex,1991,2.29
mex,1992,2.19
mex,1993,2.11
mex,1994,2.02
mex,1995,1.88
mex,1996,1.76
mex,1997,1.68
mex,1998,1.53
mex,1999,1.44
mex,2000,1.37
mex,2001,1.33
mex,2002,1.34
mex,2003,1.36
mex,2004,1.35
mex,2005,1.41
mex,2006,1.43
mex,2007,1.48
mex,2008,1.56
mex,2009,1.59
mex,2010,1.55
mex,2011,1.52
mex,2012,1.54
mex,2013,1.61
mex,2014,1.64
mex,2015,1.68
mex,2016,1.77
mex,2017,1.9
mex,2018,1.88
mex,2019,1.77
mhl,1990,2.01
mhl,1991,2.09
mhl,1992,2.11
mhl,1993,2.06
mhl,1994,1.91
mhl,1995,1.9
mhl,1996,1.88
mhl,1997,1.89
mhl,1998,1.88
mhl,1999,1.88
mhl,2000,1.89
mhl,2001,1.92
mhl,2002,1.94
mhl,2003,1.96
mhl,2004,1.97
mhl,2005,1.98
mhl,2006,2.02
mhl,2007,2.02
mhl,2008,2.02
mhl,2009,2.01
mhl,2010,2
mhl,2011,1.99
mhl,2012,1.99
mhl,2013,1.97
mhl,2014,1.96
mhl,2015,1.95
mhl,2016,1.93
mhl,2017,1.92
mhl,2018,1.91
mhl,2019,1.9
mkd,1990,0.47
mkd,1991,0.47
mkd,1992,0.52
mkd,1993,0.53
mkd,1994,0.49
mkd,1995,0.45
mkd,1996,0.43
mkd,1997,0.4
mkd,1998,0.4
mkd,1999,0.41
mkd,2000,0.42
mkd,2001,0.45
mkd,2002,0.49
mkd,2003,0.48
mkd,2004,0.46
mkd,2005,0.46
mkd,2006,0.5
mkd,2007,0.55
mkd,2008,0.54
mkd,2009,0.56
mkd,2010,0.54
mkd,2011,0.5
mkd,2012,0.51
mkd,2013,0.51
mkd,2014,0.51
mkd,2015,0.5
mkd,2016,0.52
mkd,2017,0.51
mkd,2018,0.51
mkd,2019,0.51
mli,1990,1.64
mli,1991,1.61
mli,1992,1.6
mli,1993,1.57
mli,1994,1.55
mli,1995,1.52
mli,1996,1.49
mli,1997,1.43
mli,1998,1.37
mli,1999,1.32
mli,2000,1.3
mli,2001,1.26
mli,2002,1.28
mli,2003,1.26
mli,2004,1.24
mli,2005,1.22
mli,2006,1.19
mli,2007,1.19
mli,2008,1.18
mli,2009,1.18
mli,2010,1.17
mli,2011,1.14
mli,2012,1.13
mli,2013,1.14
mli,2014,1.13
mli,2015,1.13
mli,2016,1.17
mli,2017,1.18
mli,2018,1.15
mli,2019,1.12
mlt,1990,1.08
mlt,1991,1.17
mlt,1992,1.22
mlt,1993,1.22
mlt,1994,1.28
mlt,1995,1.28
mlt,1996,1.26
mlt,1997,1.3
mlt,1998,1.3
mlt,1999,1.32
mlt,2000,1.36
mlt,2001,1.39
mlt,2002,1.41
mlt,2003,1.43
mlt,2004,1.44
mlt,2005,1.42
mlt,2006,1.44
mlt,2007,1.42
mlt,2008,1.37
mlt,2009,1.27
mlt,2010,1.22
mlt,2011,1.21
mlt,2012,1.17
mlt,2013,1.13
mlt,2014,1.1
mlt,2015,1.05
mlt,2016,1.03
mlt,2017,1
mlt,2018,0.96
mlt,2019,0.92
mmr,1990,9.75
mmr,1991,9.86
mmr,1992,9.85
mmr,1993,9.82
mmr,1994,9.75
mmr,1995,9.69
mmr,1996,9.58
mmr,1997,9.46
mmr,1998,9.35
mmr,1999,9.17
mmr,2000,8.66
mmr,2001,7.96
mmr,2002,7.48
mmr,2003,7.06
mmr,2004,6.93
mmr,2005,6.63
mmr,2006,6.36
mmr,2007,6.02
mmr,2008,5.7
mmr,2009,5.56
mmr,2010,5.34
mmr,2011,5.22
mmr,2012,4.96
mmr,2013,4.98
mmr,2014,4.88
mmr,2015,4.66
mmr,2016,4.61
mmr,2017,4.12
mmr,2018,3.72
mmr,2019,3.66
mne,1990,1.04
mne,1991,1.25
mne,1992,1.2
mne,1993,0.97
mne,1994,0.9
mne,1995,0.87
mne,1996,0.85
mne,1997,0.89
mne,1998,1.01
mne,1999,1.21
mne,2000,1.18
mne,2001,1.02
mne,2002,0.91
mne,2003,0.95
mne,2004,1
mne,2005,1.07
mne,2006,1.12
mne,2007,1.08
mne,2008,1.07
mne,2009,1.02
mne,2010,0.89
mne,2011,0.85
mne,2012,0.86
mne,2013,0.91
mne,2014,0.89
mne,2015,0.81
mne,2016,0.78
mne,2017,0.78
mne,2018,0.81
mne,2019,0.81
mng,1990,2.4
mng,1991,2.52
mng,1992,2.92
mng,1993,3.1
mng,1994,3.18
mng,1995,3.44
mng,1996,3.62
mng,1997,3.61
mng,1998,3.46
mng,1999,3.42
mng,2000,3.55
mng,2001,3.68
mng,2002,3.8
mng,2003,3.93
mng,2004,4.14
mng,2005,4.2
mng,2006,4.09
mng,2007,3.99
mng,2008,3.85
mng,2009,3.72
mng,2010,3.67
mng,2011,3.6
mng,2012,3.48
mng,2013,3.44
mng,2014,3.41
mng,2015,3.33
mng,2016,3.31
mng,2017,3.33
mng,2018,3.38
mng,2019,3.41
mnp,1990,1.47
mnp,1991,1.46
mnp,1992,1.46
mnp,1993,1.48
mnp,1994,1.48
mnp,1995,1.48
mnp,1996,1.47
mnp,1997,1.46
mnp,1998,1.44
mnp,1999,1.37
mnp,2000,1.39
mnp,2001,1.36
mnp,2002,1.45
mnp,2003,1.53
mnp,2004,1.58
mnp,2005,1.63
mnp,2006,1.72
mnp,2007,1.8
mnp,2008,1.86
mnp,2009,1.91
mnp,2010,1.82
mnp,2011,1.79
mnp,2012,1.75
mnp,2013,1.72
mnp,2014,1.68
mnp,2015,1.68
mnp,2016,1.62
mnp,2017,1.6
mnp,2018,1.55
mnp,2019,1.52
moz,1990,1.84
moz,1991,1.84
moz,1992,1.86
moz,1993,1.86
moz,1994,1.84
moz,1995,1.86
moz,1996,1.87
moz,1997,1.89
moz,1998,1.92
moz,1999,1.95
moz,2000,1.99
moz,2001,1.95
moz,2002,1.94
moz,2003,1.94
moz,2004,1.97
moz,2005,2.02
moz,2006,2.08
moz,2007,2.11
moz,2008,2.15
moz,2009,2.17
moz,2010,2.21
moz,2011,2.22
moz,2012,2.23
moz,2013,2.36
moz,2014,2.32
moz,2015,2.12
moz,2016,2.06
moz,2017,2
moz,2018,1.96
moz,2019,1.92
mrt,1990,4.02
mrt,1991,3.92
mrt,1992,3.87
mrt,1993,3.81
mrt,1994,3.64
mrt,1995,3.49
mrt,1996,3.47
mrt,1997,3.38
mrt,1998,3.35
mrt,1999,3.18
mrt,2000,3.11
mrt,2001,3.09
mrt,2002,3.02
mrt,2003,2.9
mrt,2004,2.89
mrt,2005,2.86
mrt,2006,2.84
mrt,2007,2.69
mrt,2008,2.57
mrt,2009,2.61
mrt,2010,2.51
mrt,2011,2.47
mrt,2012,2.52
mrt,2013,2.42
mrt,2014,2.28
mrt,2015,2.31
mrt,2016,2.22
mrt,2017,2.21
mrt,2018,2.12
mrt,2019,2.05
mtq,2000,16.78
mtq,2001,11.23
mtq,2002,7.005
mtq,2003,3.143
mtq,2004,4.817
mtq,2005,3.837
mtq,2006,11.14
mus,1990,0.3
mus,1991,0.31
mus,1992,0.32
mus,1993,0.34
mus,1994,0.35
mus,1995,0.35
mus,1996,0.35
mus,1997,0.35
mus,1998,0.34
mus,1999,0.35
mus,2000,0.37
mus,2001,0.41
mus,2002,0.47
mus,2003,0.56
mus,2004,0.73
mus,2005,1.15
mus,2006,1.44
mus,2007,1.69
mus,2008,1.91
mus,2009,2.12
mus,2010,2.3
mus,2011,2.56
mus,2012,2.66
mus,2013,2.8
mus,2014,3.01
mus,2015,3.24
mus,2016,3.31
mus,2017,3.15
mus,2018,2.86
mus,2019,2.7
mwi,1990,1.59
mwi,1991,1.57
mwi,1992,1.58
mwi,1993,1.59
mwi,1994,1.63
mwi,1995,1.64
mwi,1996,1.63
mwi,1997,1.62
mwi,1998,1.65
mwi,1999,1.65
mwi,2000,1.62
mwi,2001,1.56
mwi,2002,1.53
mwi,2003,1.51
mwi,2004,1.49
mwi,2005,1.44
mwi,2006,1.41
mwi,2007,1.36
mwi,2008,1.33
mwi,2009,1.33
mwi,2010,1.33
mwi,2011,1.32
mwi,2012,1.29
mwi,2013,1.25
mwi,2014,1.22
mwi,2015,1.2
mwi,2016,1.17
mwi,2017,1.15
mwi,2018,1.14
mwi,2019,1.12
mys,1990,5.75
mys,1991,5.62
mys,1992,5.53
mys,1993,5.45
mys,1994,5.56
mys,1995,5.97
mys,1996,5.95
mys,1997,5.92
mys,1998,5.59
mys,1999,6.03
mys,2000,5.24
mys,2001,4.88
mys,2002,4.7
mys,2003,4.9
mys,2004,4.79
mys,2005,4.62
mys,2006,4.5
mys,2007,4.4
mys,2008,4.56
mys,2009,4.75
mys,2010,4.67
mys,2011,4.59
mys,2012,4.47
mys,2013,4.19
mys,2014,4.27
mys,2015,4.29
mys,2016,4.38
mys,2017,4.39
mys,2018,4.38
mys,2019,4.53
nam,1990,0.81
nam,1991,0.8
nam,1992,0.81
nam,1993,0.8
nam,1994,0.83
nam,1995,0.87
nam,1996,0.94
nam,1997,1
nam,1998,1.1
nam,1999,1.2
nam,2000,1.32
nam,2001,1.33
nam,2002,1.4
nam,2003,1.4
nam,2004,1.36
nam,2005,1.3
nam,2006,1.19
nam,2007,1.09
nam,2008,1.02
nam,2009,0.97
nam,2010,0.94
nam,2011,0.87
nam,2012,0.84
nam,2013,0.84
nam,2014,0.85
nam,2015,0.87
nam,2016,0.88
nam,2017,0.88
nam,2018,0.88
nam,2019,0.87
ner,1990,2.23
ner,1991,2.17
ner,1992,2.17
ner,1993,2.16
ner,1994,2.09
ner,1995,2.07
ner,1996,1.97
ner,1997,1.97
ner,1998,1.94
ner,1999,1.93
ner,2000,1.9
ner,2001,1.87
ner,2002,1.81
ner,2003,1.79
ner,2004,1.69
ner,2005,1.7
ner,2006,1.63
ner,2007,1.58
ner,2008,1.47
ner,2009,1.45
ner,2010,1.43
ner,2011,1.43
ner,2012,1.42
ner,2013,1.43
ner,2014,1.45
ner,2015,1.43
ner,2016,1.44
ner,2017,1.43
ner,2018,1.39
ner,2019,1.35
nga,1990,1.17
nga,1991,1.18
nga,1992,1.2
nga,1993,1.21
nga,1994,1.21
nga,1995,1.21
nga,1996,1.2
nga,1997,1.2
nga,1998,1.21
nga,1999,1.21
nga,2000,1.21
nga,2001,1.21
nga,2002,1.22
nga,2003,1.23
nga,2004,1.22
nga,2005,1.21
nga,2006,1.2
nga,2007,1.19
nga,2008,1.13
nga,2009,1.1
nga,2010,1.08
nga,2011,1.06
nga,2012,1.04
nga,2013,1.03
nga,2014,0.99
nga,2015,0.94
nga,2016,0.93
nga,2017,0.9
nga,2018,0.9
nga,2019,0.88
nic,1990,0.97
nic,1991,1.08
nic,1992,1.01
nic,1993,0.97
nic,1994,0.95
nic,1995,0.93
nic,1996,0.91
nic,1997,0.81
nic,1998,0.75
nic,1999,0.75
nic,2000,0.7
nic,2001,0.7
nic,2002,0.73
nic,2003,0.76
nic,2004,0.78
nic,2005,0.89
nic,2006,0.83
nic,2007,0.96
nic,2008,1.12
nic,2009,1.22
nic,2010,1.23
nic,2011,1.46
nic,2012,1.65
nic,2013,1.76
nic,2014,1.92
nic,2015,1.8
nic,2016,2.03
nic,2017,1.89
nic,2018,1.81
nic,2019,1.78
niu,1990,2.79
niu,1991,2.85
niu,1992,2.96
niu,1993,2.93
niu,1994,2.96
niu,1995,3.05
niu,1996,3.11
niu,1997,3.15
niu,1998,3.1
niu,1999,3.08
niu,2000,3.07
niu,2001,3.12
niu,2002,3.18
niu,2003,3.23
niu,2004,3.19
niu,2005,3.18
niu,2006,3.16
niu,2007,3.09
niu,2008,3
niu,2009,2.83
niu,2010,2.72
niu,2011,2.71
niu,2012,2.69
niu,2013,2.67
niu,2014,2.64
niu,2015,2.62
niu,2016,2.59
niu,2017,2.57
niu,2018,2.54
niu,2019,2.52
nld,1990,2.2
nld,1991,2.16
nld,1992,2.09
nld,1993,2.07
nld,1994,1.94
nld,1995,1.83
nld,1996,1.69
nld,1997,1.55
nld,1998,1.48
nld,1999,1.45
nld,2000,1.42
nld,2001,1.34
nld,2002,1.31
nld,2003,1.24
nld,2004,1.1
nld,2005,0.99
nld,2006,0.92
nld,2007,0.87
nld,2008,0.82
nld,2009,0.76
nld,2010,0.72
nld,2011,0.68
nld,2012,0.65
nld,2013,0.64
nld,2014,0.6
nld,2015,0.59
nld,2016,0.58
nld,2017,0.59
nld,2018,0.59
nld,2019,0.6
nor,1990,2.32
nor,1991,1.92
nor,1992,1.77
nor,1993,1.57
nor,1994,1.43
nor,1995,1.33
nor,1996,1.12
nor,1997,1.13
nor,1998,1.15
nor,1999,1.12
nor,2000,1.12
nor,2001,1.07
nor,2002,1.04
nor,2003,0.98
nor,2004,0.92
nor,2005,0.89
nor,2006,0.85
nor,2007,0.79
nor,2008,0.79
nor,2009,0.75
nor,2010,0.67
nor,2011,0.63
nor,2012,0.58
nor,2013,0.55
nor,2014,0.53
nor,2015,0.5
nor,2016,0.48
nor,2017,0.47
nor,2018,0.47
nor,2019,0.48
npl,1990,2.89
npl,1991,2.84
npl,1992,2.76
npl,1993,2.76
npl,1994,2.72
npl,1995,2.68
npl,1996,2.61
npl,1997,2.57
npl,1998,2.52
npl,1999,2.44
npl,2000,2.39
npl,2001,2.3
npl,2002,2.22
npl,2003,2.16
npl,2004,2.14
npl,2005,2.14
npl,2006,2.15
npl,2007,2.16
npl,2008,2.19
npl,2009,2.22
npl,2010,2.24
npl,2011,2.3
npl,2012,2.33
npl,2013,2.34
npl,2014,2.33
npl,2015,2.32
npl,2016,2.31
npl,2017,2.28
npl,2018,2.26
npl,2019,2.24
nru,1990,4.75
nru,1991,4.84
nru,1992,4.9
nru,1993,5.01
nru,1994,5.1
nru,1995,5.33
nru,1996,5.52
nru,1997,5.73
nru,1998,5.92
nru,1999,6.14
nru,2000,6.35
nru,2001,6.73
nru,2002,6.94
nru,2003,7.03
nru,2004,7.09
nru,2005,7.12
nru,2006,7.1
nru,2007,6.99
nru,2008,6.91
nru,2009,6.82
nru,2010,6.65
nru,2011,6.46
nru,2012,6.35
nru,2013,6.18
nru,2014,5.97
nru,2015,5.82
nru,2016,5.7
nru,2017,5.59
nru,2018,5.49
nru,2019,5.43
nzl,1990,3.26
nzl,1991,2.8
nzl,1992,2.61
nzl,1993,2.4
nzl,1994,2.1
nzl,1995,2
nzl,1996,1.8
nzl,1997,1.65
nzl,1998,1.44
nzl,1999,1.31
nzl,2000,1.16
nzl,2001,1.09
nzl,2002,1.04
nzl,2003,1.02
nzl,2004,0.99
nzl,2005,0.99
nzl,2006,0.97
nzl,2007,0.99
nzl,2008,1.01
nzl,2009,0.99
nzl,2010,0.95
nzl,2011,0.9
nzl,2012,0.88
nzl,2013,0.84
nzl,2014,0.86
nzl,2015,0.84
nzl,2016,0.83
nzl,2017,0.82
nzl,2018,0.82
nzl,2019,0.81
omn,1990,2.74
omn,1991,2.71
omn,1992,2.75
omn,1993,2.69
omn,1994,2.74
omn,1995,2.75
omn,1996,2.72
omn,1997,2.71
omn,1998,2.68
omn,1999,2.61
omn,2000,2.49
omn,2001,2.36
omn,2002,2.29
omn,2003,2.21
omn,2004,2.04
omn,2005,1.99
omn,2006,2.05
omn,2007,2.12
omn,2008,2
omn,2009,1.77
omn,2010,1.68
omn,2011,1.64
omn,2012,1.48
omn,2013,1.32
omn,2014,1.23
omn,2015,1.26
omn,2016,1.25
omn,2017,1.22
omn,2018,1.12
omn,2019,1.09
pak,1990,1.6
pak,1991,1.65
pak,1992,1.7
pak,1993,1.76
pak,1994,1.84
pak,1995,1.95
pak,1996,2.02
pak,1997,2.08
pak,1998,2.12
pak,1999,2.17
pak,2000,2.24
pak,2001,2.31
pak,2002,2.36
pak,2003,2.39
pak,2004,2.42
pak,2005,2.43
pak,2006,2.42
pak,2007,2.41
pak,2008,2.44
pak,2009,2.46
pak,2010,2.47
pak,2011,2.45
pak,2012,2.44
pak,2013,2.47
pak,2014,2.49
pak,2015,2.46
pak,2016,2.45
pak,2017,2.42
pak,2018,2.38
pak,2019,2.34
pan,1990,0.49
pan,1991,0.49
pan,1992,0.48
pan,1993,0.51
pan,1994,0.51
pan,1995,0.52
pan,1996,0.48
pan,1997,0.48
pan,1998,0.45
pan,1999,0.42
pan,2000,0.41
pan,2001,0.46
pan,2002,0.43
pan,2003,0.47
pan,2004,0.49
pan,2005,0.5
pan,2006,0.56
pan,2007,0.57
pan,2008,0.64
pan,2009,0.64
pan,2010,0.62
pan,2011,0.63
pan,2012,0.67
pan,2013,0.7
pan,2014,0.71
pan,2015,0.66
pan,2016,0.67
pan,2017,0.65
pan,2018,0.63
pan,2019,0.62
per,1990,0.77
per,1991,0.68
per,1992,0.74
per,1993,0.75
per,1994,0.72
per,1995,0.72
per,1996,0.7
per,1997,0.71
per,1998,0.7
per,1999,0.65
per,2000,0.68
per,2001,0.66
per,2002,0.65
per,2003,0.66
per,2004,0.67
per,2005,0.68
per,2006,0.7
per,2007,0.72
per,2008,0.78
per,2009,0.9
per,2010,0.93
per,2011,0.92
per,2012,0.9
per,2013,0.85
per,2014,0.79
per,2015,0.75
per,2016,0.73
per,2017,0.73
per,2018,0.72
per,2019,0.72
phl,1990,2.74
phl,1991,2.65
phl,1992,2.58
phl,1993,2.52
phl,1994,2.43
phl,1995,2.36
phl,1996,2.38
phl,1997,2.34
phl,1998,2.32
phl,1999,2.23
phl,2000,2.25
phl,2001,2.29
phl,2002,2.31
phl,2003,2.29
phl,2004,2.28
phl,2005,2.33
phl,2006,2.32
phl,2007,2.31
phl,2008,2.35
phl,2009,2.36
phl,2010,2.36
phl,2011,2.36
phl,2012,2.38
phl,2013,2.37
phl,2014,2.39
phl,2015,2.46
phl,2016,2.43
phl,2017,2.41
phl,2018,2.38
phl,2019,2.33
plw,1990,4.19
plw,1991,4.14
plw,1992,4.1
plw,1993,4.1
plw,1994,3.96
plw,1995,3.92
plw,1996,3.92
plw,1997,3.93
plw,1998,3.95
plw,1999,3.99
plw,2000,3.97
plw,2001,3.93
plw,2002,3.87
plw,2003,3.81
plw,2004,3.8
plw,2005,3.9
plw,2006,3.9
plw,2007,3.9
plw,2008,3.9
plw,2009,3.92
plw,2010,3.93
plw,2011,3.94
plw,2012,3.95
plw,2013,3.69
plw,2014,3.69
plw,2015,3.68
plw,2016,3.68
plw,2017,3.68
plw,2018,3.69
plw,2019,3.69
png,1990,3.78
png,1991,3.77
png,1992,3.74
png,1993,3.64
png,1994,3.56
png,1995,3.53
png,1996,3.55
png,1997,3.55
png,1998,3.64
png,1999,3.69
png,2000,3.7
png,2001,3.76
png,2002,3.84
png,2003,3.86
png,2004,3.91
png,2005,3.98
png,2006,4.01
png,2007,4.04
png,2008,3.98
png,2009,3.86
png,2010,3.92
png,2011,3.9
png,2012,3.84
png,2013,3.75
png,2014,3.71
png,2015,3.74
png,2016,3.68
png,2017,3.67
png,2018,3.71
png,2019,3.7
pol,1990,1.68
pol,1991,1.81
pol,1992,1.7
pol,1993,1.58
pol,1994,1.59
pol,1995,1.61
pol,1996,1.54
pol,1997,1.45
pol,1998,1.34
pol,1999,1.24
pol,2000,1.09
pol,2001,1.01
pol,2002,0.97
pol,2003,0.94
pol,2004,0.95
pol,2005,0.96
pol,2006,0.97
pol,2007,1.02
pol,2008,1.06
pol,2009,1.05
pol,2010,1.04
pol,2011,1.05
pol,2012,1.04
pol,2013,1.02
pol,2014,0.96
pol,2015,0.96
pol,2016,0.94
pol,2017,0.9
pol,2018,0.89
pol,2019,0.87
pri,1990,1.05
pri,1991,1.05
pri,1992,1.05
pri,1993,1.08
pri,1994,0.97
pri,1995,1.03
pri,1996,0.96
pri,1997,0.96
pri,1998,1.08
pri,1999,1.17
pri,2000,1.33
pri,2001,1.58
pri,2002,1.6
pri,2003,1.71
pri,2004,1.88
pri,2005,2.16
pri,2006,2.31
pri,2007,2.28
pri,2008,2.26
pri,2009,2.36
pri,2010,2.19
pri,2011,2.31
pri,2012,2.18
pri,2013,2.09
pri,2014,1.93
pri,2015,1.8
pri,2016,1.81
pri,2017,1.84
pri,2018,1.88
pri,2019,1.9
prk,1990,5.56
prk,1991,5.59
prk,1992,5.63
prk,1993,5.73
prk,1994,5.86
prk,1995,5.99
prk,1996,6.17
prk,1997,6.34
prk,1998,6.47
prk,1999,6.62
prk,2000,6.81
prk,2001,6.98
prk,2002,7.08
prk,2003,7.11
prk,2004,7.14
prk,2005,7.16
prk,2006,7.21
prk,2007,7.23
prk,2008,7.3
prk,2009,7.3
prk,2010,7.29
prk,2011,7.28
prk,2012,7.24
prk,2013,7.18
prk,2014,7.13
prk,2015,7.05
prk,2016,6.99
prk,2017,6.95
prk,2018,6.78
prk,2019,6.77
prt,1990,0.86
prt,1991,0.84
prt,1992,0.77
prt,1993,0.73
prt,1994,0.7
prt,1995,0.69
prt,1996,0.74
prt,1997,0.72
prt,1998,0.79
prt,1999,0.79
prt,2000,0.91
prt,2001,1.05
prt,2002,1.52
prt,2003,1.69
prt,2004,1.77
prt,2005,1.83
prt,2006,1.74
prt,2007,1.66
prt,2008,1.55
prt,2009,1.44
prt,2010,1.32
prt,2011,1.22
prt,2012,1.1
prt,2013,1.09
prt,2014,1.04
prt,2015,0.95
prt,2016,0.92
prt,2017,0.93
prt,2018,1.02
prt,2019,1.06
pry,1990,4.4
pry,1991,4.29
pry,1992,4.8
pry,1993,5.29
pry,1994,5.51
pry,1995,5.78
pry,1996,5.87
pry,1997,5.47
pry,1998,5.3
pry,1999,5.44
pry,2000,5.49
pry,2001,5.47
pry,2002,5.62
pry,2003,6.09
pry,2004,6.52
pry,2005,6.62
pry,2006,7.03
pry,2007,7.44
pry,2008,8.29
pry,2009,9.26
pry,2010,9.43
pry,2011,9.36
pry,2012,9.33
pry,2013,9.51
pry,2014,9.5
pry,2015,9.79
pry,2016,10.21
pry,2017,10.03
pry,2018,9.87
pry,2019,9.77
pse,1990,0.65
pse,1991,0.64
pse,1992,0.62
pse,1993,0.6
pse,1994,0.59
pse,1995,0.57
pse,1996,0.55
pse,1997,0.54
pse,1998,0.52
pse,1999,0.49
pse,2000,0.47
pse,2001,0.49
pse,2002,0.5
pse,2003,0.49
pse,2004,0.47
pse,2005,0.44
pse,2006,0.42
pse,2007,0.39
pse,2008,0.33
pse,2009,0.29
pse,2010,0.28
pse,2011,0.29
pse,2012,0.33
pse,2013,0.37
pse,2014,0.37
pse,2015,0.36
pse,2016,0.36
pse,2017,0.36
pse,2018,0.36
pse,2019,0.37
qat,1990,1.69
qat,1991,1.72
qat,1992,1.7
qat,1993,1.65
qat,1994,1.64
qat,1995,1.72
qat,1996,1.84
qat,1997,1.94
qat,1998,1.94
qat,1999,1.92
qat,2000,1.85
qat,2001,1.89
qat,2002,1.93
qat,2003,1.84
qat,2004,1.86
qat,2005,1.86
qat,2006,1.82
qat,2007,1.7
qat,2008,1.62
qat,2009,1.57
qat,2010,1.47
qat,2011,1.32
qat,2012,1.22
qat,2013,1.11
qat,2014,1.05
qat,2015,0.94
qat,2016,0.89
qat,2017,0.84
qat,2018,0.87
qat,2019,0.86
reu,2001,3.717
reu,2002,8.877
reu,2003,10.8
reu,2004,6.679
reu,2005,5.573
reu,2006,5.923
rou,1990,1.31
rou,1991,1.26
rou,1992,1.3
rou,1993,1.31
rou,1994,1.33
rou,1995,1.38
rou,1996,1.37
rou,1997,1.28
rou,1998,1.13
rou,1999,0.99
rou,2000,0.93
rou,2001,0.94
rou,2002,0.95
rou,2003,0.97
rou,2004,0.98
rou,2005,1
rou,2006,1.04
rou,2007,1.08
rou,2008,1.15
rou,2009,1.14
rou,2010,1.09
rou,2011,0.98
rou,2012,0.95
rou,2013,0.87
rou,2014,0.87
rou,2015,0.93
rou,2016,0.93
rou,2017,0.95
rou,2018,0.95
rou,2019,0.97
rus,1990,1.36
rus,1991,1.36
rus,1992,1.42
rus,1993,1.59
rus,1994,1.62
rus,1995,1.48
rus,1996,1.31
rus,1997,1.16
rus,1998,1.14
rus,1999,1.24
rus,2000,1.32
rus,2001,1.37
rus,2002,1.4
rus,2003,1.46
rus,2004,1.47
rus,2005,1.57
rus,2006,1.49
rus,2007,1.44
rus,2008,1.42
rus,2009,1.32
rus,2010,1.33
rus,2011,1.25
rus,2012,1.25
rus,2013,1.27
rus,2014,1.27
rus,2015,1.1
rus,2016,0.98
rus,2017,0.9
rus,2018,0.95
rus,2019,0.95
rwa,1990,8.5
rwa,1991,8.89
rwa,1992,9.28
rwa,1993,9.6
rwa,1994,10.09
rwa,1995,10.5
rwa,1996,10.53
rwa,1997,10.42
rwa,1998,10.27
rwa,1999,9.87
rwa,2000,9.36
rwa,2001,8.71
rwa,2002,8.34
rwa,2003,7.98
rwa,2004,7.8
rwa,2005,7.41
rwa,2006,7.02
rwa,2007,6.8
rwa,2008,6.63
rwa,2009,6.33
rwa,2010,6.23
rwa,2011,6.12
rwa,2012,6.09
rwa,2013,5.93
rwa,2014,5.95
rwa,2015,5.9
rwa,2016,5.81
rwa,2017,5.73
rwa,2018,5.73
rwa,2019,5.68
sau,1990,2.82
sau,1991,2.87
sau,1992,2.87
sau,1993,2.87
sau,1994,2.88
sau,1995,2.91
sau,1996,2.94
sau,1997,2.84
sau,1998,2.85
sau,1999,2.88
sau,2000,2.91
sau,2001,2.9
sau,2002,2.97
sau,2003,3.05
sau,2004,3.04
sau,2005,3.2
sau,2006,3.25
sau,2007,3.29
sau,2008,3.39
sau,2009,3.34
sau,2010,3.31
sau,2011,3.3
sau,2012,3.27
sau,2013,3.27
sau,2014,3.22
sau,2015,3.18
sau,2016,3.16
sau,2017,3.14
sau,2018,3.12
sau,2019,3.11
sdn,1990,3.27
sdn,1991,3.25
sdn,1992,3.22
sdn,1993,3.19
sdn,1994,3.16
sdn,1995,3.12
sdn,1996,3.09
sdn,1997,3.04
sdn,1998,2.99
sdn,1999,2.93
sdn,2000,2.94
sdn,2001,3
sdn,2002,3.06
sdn,2003,3.04
sdn,2004,3.03
sdn,2005,3.04
sdn,2006,3.01
sdn,2007,2.96
sdn,2008,2.93
sdn,2009,2.91
sdn,2010,2.88
sdn,2011,2.83
sdn,2012,2.79
sdn,2013,2.74
sdn,2014,2.71
sdn,2015,2.64
sdn,2016,2.59
sdn,2017,2.54
sdn,2018,2.52
sdn,2019,2.48
sen,1990,1.21
sen,1991,1.19
sen,1992,1.17
sen,1993,1.15
sen,1994,1.15
sen,1995,1.1
sen,1996,1.05
sen,1997,1.02
sen,1998,1.01
sen,1999,0.99
sen,2000,0.92
sen,2001,1.12
sen,2002,1.1
sen,2003,1.02
sen,2004,1.07
sen,2005,1.05
sen,2006,1.01
sen,2007,1.01
sen,2008,1
sen,2009,1.02
sen,2010,0.92
sen,2011,0.93
sen,2012,0.9
sen,2013,0.92
sen,2014,0.96
sen,2015,0.98
sen,2016,0.99
sen,2017,0.97
sen,2018,0.91
sen,2019,0.9
sgp,1990,2.9
sgp,1991,2.96
sgp,1992,2.95
sgp,1993,2.96
sgp,1994,2.91
sgp,1995,2.78
sgp,1996,2.69
sgp,1997,2.57
sgp,1998,2.36
sgp,1999,2.15
sgp,2000,2.11
sgp,2001,2.02
sgp,2002,1.94
sgp,2003,1.85
sgp,2004,1.77
sgp,2005,1.66
sgp,2006,1.62
sgp,2007,1.63
sgp,2008,1.59
sgp,2009,1.48
sgp,2010,1.34
sgp,2011,1.27
sgp,2012,1.2
sgp,2013,1.14
sgp,2014,1.1
sgp,2015,1.03
sgp,2016,0.97
sgp,2017,0.9
sgp,2018,0.9
sgp,2019,0.87
slb,1990,4.5
slb,1991,4.47
slb,1992,4.41
slb,1993,4.35
slb,1994,4.3
slb,1995,4.25
slb,1996,4.23
slb,1997,4.24
slb,1998,4.27
slb,1999,4.31
slb,2000,4.42
slb,2001,4.54
slb,2002,4.64
slb,2003,4.72
slb,2004,4.78
slb,2005,4.81
slb,2006,4.88
slb,2007,4.9
slb,2008,4.76
slb,2009,4.84
slb,2010,4.8
slb,2011,4.88
slb,2012,4.89
slb,2013,4.88
slb,2014,4.88
slb,2015,4.85
slb,2016,4.8
slb,2017,4.75
slb,2018,4.88
slb,2019,4.86
sle,1990,5.19
sle,1991,5.17
sle,1992,5.13
sle,1993,5
sle,1994,4.87
sle,1995,4.82
sle,1996,4.8
sle,1997,4.9
sle,1998,4.88
sle,1999,4.8
sle,2000,4.74
sle,2001,4.77
sle,2002,4.82
sle,2003,4.93
sle,2004,5.07
sle,2005,5.18
sle,2006,5.18
sle,2007,5.17
sle,2008,4.95
sle,2009,4.85
sle,2010,4.86
sle,2011,4.74
sle,2012,4.69
sle,2013,4.59
sle,2014,4.5
sle,2015,4.38
sle,2016,4.32
sle,2017,4.3
sle,2018,4.29
sle,2019,4.22
slv,1990,1.27
slv,1991,1.21
slv,1992,1.17
slv,1993,1.25
slv,1994,1.28
slv,1995,1.23
slv,1996,1.11
slv,1997,1.16
slv,1998,1.32
slv,1999,1.17
slv,2000,1.22
slv,2001,1.15
slv,2002,1.03
slv,2003,1.07
slv,2004,1.11
slv,2005,1.1
slv,2006,1.06
slv,2007,0.95
slv,2008,0.84
slv,2009,0.85
slv,2010,0.73
slv,2011,0.73
slv,2012,0.59
slv,2013,0.62
slv,2014,0.78
slv,2015,0.83
slv,2016,0.81
slv,2017,0.81
slv,2018,0.83
slv,2019,0.81
smr,1990,4.21
smr,1991,4.16
smr,1992,4.1
smr,1993,4.05
smr,1994,4.02
smr,1995,3.89
smr,1996,3.8
smr,1997,3.72
smr,1998,3.64
smr,1999,3.57
smr,2000,3.5
smr,2001,3.31
smr,2002,3.15
smr,2003,2.97
smr,2004,2.88
smr,2005,2.78
smr,2006,2.69
smr,2007,2.61
smr,2008,2.53
smr,2009,2.48
smr,2010,2.44
smr,2011,2.41
smr,2012,2.41
smr,2013,2.4
smr,2014,2.42
smr,2015,2.44
smr,2016,2.46
smr,2017,2.48
smr,2018,2.48
smr,2019,2.46
som,1990,2.08
som,1991,2.05
som,1992,2.04
som,1993,2.02
som,1994,2.05
som,1995,2.1
som,1996,2.14
som,1997,2.19
som,1998,2.24
som,1999,2.27
som,2000,2.29
som,2001,2.3
som,2002,2.35
som,2003,2.4
som,2004,2.46
som,2005,2.5
som,2006,2.53
som,2007,2.61
som,2008,2.71
som,2009,2.8
som,2010,2.85
som,2011,2.88
som,2012,2.89
som,2013,2.89
som,2014,2.88
som,2015,2.85
som,2016,2.82
som,2017,2.78
som,2018,2.97
som,2019,2.93
srb,1990,1.74
srb,1991,1.63
srb,1992,1.61
srb,1993,1.56
srb,1994,1.57
srb,1995,1.57
srb,1996,1.57
srb,1997,1.62
srb,1998,1.45
srb,1999,1.35
srb,2000,1.36
srb,2001,1.28
srb,2002,1.19
srb,2003,1.17
srb,2004,1.17
srb,2005,1.15
srb,2006,1.11
srb,2007,1.07
srb,2008,1.12
srb,2009,1.11
srb,2010,1.03
srb,2011,1
srb,2012,0.93
srb,2013,0.89
srb,2014,0.85
srb,2015,0.83
srb,2016,0.78
srb,2017,0.78
srb,2018,0.79
srb,2019,0.8
ssd,1990,1.1
ssd,1991,1.09
ssd,1992,1.09
ssd,1993,1.09
ssd,1994,1.08
ssd,1995,1.13
ssd,1996,1.11
ssd,1997,1.06
ssd,1998,1.05
ssd,1999,1.04
ssd,2000,1.02
ssd,2001,0.98
ssd,2002,0.96
ssd,2003,0.96
ssd,2004,0.97
ssd,2005,0.98
ssd,2006,0.99
ssd,2007,0.99
ssd,2008,0.98
ssd,2009,0.97
ssd,2010,0.95
ssd,2011,0.94
ssd,2012,0.94
ssd,2013,0.94
ssd,2014,0.94
ssd,2015,0.95
ssd,2016,0.96
ssd,2017,0.94
ssd,2018,0.92
ssd,2019,0.9
stp,1990,0.87
stp,1991,0.87
stp,1992,0.88
stp,1993,0.88
stp,1994,0.88
stp,1995,0.89
stp,1996,0.93
stp,1997,0.96
stp,1998,1
stp,1999,1.01
stp,2000,0.94
stp,2001,0.96
stp,2002,1.01
stp,2003,0.93
stp,2004,1.01
stp,2005,0.9
stp,2006,0.99
stp,2007,1
stp,2008,0.95
stp,2009,0.93
stp,2010,0.94
stp,2011,0.89
stp,2012,0.89
stp,2013,0.91
stp,2014,0.96
stp,2015,0.95
stp,2016,0.93
stp,2017,0.92
stp,2018,0.91
stp,2019,0.9
sur,1990,2.78
sur,1991,3.01
sur,1992,3.22
sur,1993,3.56
sur,1994,3.24
sur,1995,2.5
sur,1996,2.18
sur,1997,2.21
sur,1998,2.48
sur,1999,2.66
sur,2000,2.54
sur,2001,2.5
sur,2002,2.66
sur,2003,2.92
sur,2004,3.05
sur,2005,3.05
sur,2006,3.16
sur,2007,3.31
sur,2008,3.43
sur,2009,3.48
sur,2010,3.55
sur,2011,3.43
sur,2012,3.2
sur,2013,3.2
sur,2014,3.02
sur,2015,3.19
sur,2016,3.27
sur,2017,3.28
sur,2018,3.29
sur,2019,3.33
svk,1990,1.18
svk,1991,1.14
svk,1992,1.09
svk,1993,1
svk,1994,0.93
svk,1995,0.92
svk,1996,0.88
svk,1997,0.94
svk,1998,0.99
svk,1999,0.94
svk,2000,0.93
svk,2001,0.9
svk,2002,0.94
svk,2003,0.95
svk,2004,0.89
svk,2005,0.91
svk,2006,0.86
svk,2007,0.86
svk,2008,0.87
svk,2009,0.78
svk,2010,0.7
svk,2011,0.69
svk,2012,0.66
svk,2013,0.59
svk,2014,0.58
svk,2015,0.61
svk,2016,0.55
svk,2017,0.54
svk,2018,0.56
svk,2019,0.57
svn,1985,2.46033
svn,1986,2.29267
svn,1987,1.083
svn,1988,1.76833
svn,1989,0.74767
svn,1990,2.08
svn,1991,2.08
svn,1992,1.97
svn,1993,1.93
svn,1994,1.93
svn,1995,1.95
svn,1996,1.97
svn,1997,2.1
svn,1998,2.13
svn,1999,2.16
svn,2000,2.19
svn,2001,2.3
svn,2002,2.08
svn,2003,2.14
svn,2004,2.08
svn,2005,2.07
svn,2006,2.26
svn,2007,2.14
svn,2008,1.97
svn,2009,1.69
svn,2010,1.52
svn,2011,1.4
svn,2012,1.31
svn,2013,1.29
svn,2014,1.12
svn,2015,1.26
svn,2016,1.26
svn,2017,1.26
svn,2018,1.22
svn,2019,1.22
swe,1990,1.09
swe,1991,1
swe,1992,0.91
swe,1993,0.87
swe,1994,0.8
swe,1995,0.77
swe,1996,0.75
swe,1997,0.73
swe,1998,0.74
swe,1999,0.72
swe,2000,0.73
swe,2001,0.74
swe,2002,0.74
swe,2003,0.76
swe,2004,0.8
swe,2005,0.75
swe,2006,0.75
swe,2007,0.75
swe,2008,0.72
swe,2009,0.68
swe,2010,0.64
swe,2011,0.61
swe,2012,0.58
swe,2013,0.58
swe,2014,0.55
swe,2015,0.54
swe,2016,0.52
swe,2017,0.5
swe,2018,0.49
swe,2019,0.48
swz,1990,1.02
swz,1991,1.02
swz,1992,1.01
swz,1993,0.99
swz,1994,1.03
swz,1995,1.11
swz,1996,1.25
swz,1997,1.32
swz,1998,1.48
swz,1999,1.63
swz,2000,1.86
swz,2001,2.08
swz,2002,2.24
swz,2003,2.36
swz,2004,2.44
swz,2005,2.44
swz,2006,2.4
swz,2007,2.39
swz,2008,2.39
swz,2009,2.36
swz,2010,2.27
swz,2011,2.15
swz,2012,2.09
swz,2013,2.04
swz,2014,1.98
swz,2015,1.96
swz,2016,1.89
swz,2017,1.84
swz,2018,1.75
swz,2019,1.72
syc,1990,1.67
syc,1991,1.69
syc,1992,1.78
syc,1993,1.89
syc,1994,2.21
syc,1995,2.32
syc,1996,2.4
syc,1997,2.43
syc,1998,2.45
syc,1999,2.44
syc,2000,2.45
syc,2001,2.45
syc,2002,2.48
syc,2003,2.5
syc,2004,2.45
syc,2005,2.23
syc,2006,2.23
syc,2007,2.2
syc,2008,2.03
syc,2009,2.02
syc,2010,2.23
syc,2011,2.3
syc,2012,2.15
syc,2013,2.26
syc,2014,2.49
syc,2015,2.51
syc,2016,2.52
syc,2017,2.52
syc,2018,2.54
syc,2019,2.49
syr,1990,1.59
syr,1991,1.57
syr,1992,1.58
syr,1993,1.47
syr,1994,1.41
syr,1995,1.36
syr,1996,1.31
syr,1997,1.26
syr,1998,1.25
syr,1999,1.19
syr,2000,1.15
syr,2001,1.1
syr,2002,1.07
syr,2003,0.96
syr,2004,0.95
syr,2005,0.94
syr,2006,0.94
syr,2007,0.94
syr,2008,0.97
syr,2009,0.95
syr,2010,0.99
syr,2011,1.02
syr,2012,1.03
syr,2013,1.07
syr,2014,1.09
syr,2015,1.08
syr,2016,1.08
syr,2017,1.07
syr,2018,1.02
syr,2019,0.99
tcd,1990,1.38
tcd,1991,1.35
tcd,1992,1.38
tcd,1993,1.43
tcd,1994,1.44
tcd,1995,1.48
tcd,1996,1.58
tcd,1997,1.65
tcd,1998,1.7
tcd,1999,1.75
tcd,2000,1.78
tcd,2001,1.81
tcd,2002,1.83
tcd,2003,1.87
tcd,2004,1.86
tcd,2005,1.85
tcd,2006,1.86
tcd,2007,1.88
tcd,2008,1.86
tcd,2009,1.84
tcd,2010,1.84
tcd,2011,1.81
tcd,2012,1.78
tcd,2013,1.72
tcd,2014,1.68
tcd,2015,1.66
tcd,2016,1.63
tcd,2017,1.61
tcd,2018,1.6
tcd,2019,1.57
tgo,1990,2.24
tgo,1991,2.3
tgo,1992,2.38
tgo,1993,2.47
tgo,1994,2.56
tgo,1995,2.64
tgo,1996,2.73
tgo,1997,2.77
tgo,1998,2.84
tgo,1999,2.81
tgo,2000,2.81
tgo,2001,2.84
tgo,2002,2.88
tgo,2003,2.94
tgo,2004,2.92
tgo,2005,2.93
tgo,2006,2.94
tgo,2007,2.98
tgo,2008,3.04
tgo,2009,3.05
tgo,2010,3.02
tgo,2011,2.95
tgo,2012,2.86
tgo,2013,2.77
tgo,2014,2.73
tgo,2015,2.67
tgo,2016,2.64
tgo,2017,2.59
tgo,2018,2.51
tgo,2019,2.43
tha,1990,16.69
tha,1991,17.6
tha,1992,18.45
tha,1993,19.98
tha,1994,22.04
tha,1995,24.43
tha,1996,26.05
tha,1997,23.3
tha,1998,21.17
tha,1999,21.8
tha,2000,20.94
tha,2001,19.98
tha,2002,20.21
tha,2003,19.69
tha,2004,19.27
tha,2005,18.3
tha,2006,17.23
tha,2007,16.22
tha,2008,15.26
tha,2009,14.79
tha,2010,14.51
tha,2011,13.81
tha,2012,13.23
tha,2013,12.66
tha,2014,12.49
tha,2015,12.5
tha,2016,12.74
tha,2017,12.53
tha,2018,12.55
tha,2019,12.45
tjk,1990,1.37
tjk,1991,1.4
tjk,1992,1.68
tjk,1993,1.76
tjk,1994,1.81
tjk,1995,1.51
tjk,1996,1.36
tjk,1997,1.21
tjk,1998,1.04
tjk,1999,0.91
tjk,2000,0.83
tjk,2001,0.73
tjk,2002,0.66
tjk,2003,0.61
tjk,2004,0.59
tjk,2005,0.59
tjk,2006,0.57
tjk,2007,0.56
tjk,2008,0.55
tjk,2009,0.54
tjk,2010,0.54
tjk,2011,0.54
tjk,2012,0.53
tjk,2013,0.51
tjk,2014,0.51
tjk,2015,0.52
tjk,2016,0.53
tjk,2017,0.52
tjk,2018,0.53
tjk,2019,0.53
tkl,1990,1.8
tkl,1991,1.81
tkl,1992,1.81
tkl,1993,1.81
tkl,1994,1.81
tkl,1995,1.8
tkl,1996,1.79
tkl,1997,1.78
tkl,1998,1.77
tkl,1999,1.78
tkl,2000,1.8
tkl,2001,1.83
tkl,2002,1.87
tkl,2003,1.9
tkl,2004,1.93
tkl,2005,1.94
tkl,2006,1.93
tkl,2007,1.91
tkl,2008,1.88
tkl,2009,1.85
tkl,2010,1.82
tkl,2011,1.79
tkl,2012,1.77
tkl,2013,1.76
tkl,2014,1.74
tkl,2015,1.72
tkl,2016,1.71
tkl,2017,1.7
tkl,2018,1.68
tkl,2019,1.67
tkm,1990,1.18
tkm,1991,1.15
tkm,1992,1.05
tkm,1993,1.12
tkm,1994,1.04
tkm,1995,0.93
tkm,1996,0.91
tkm,1997,0.88
tkm,1998,0.88
tkm,1999,0.84
tkm,2000,0.75
tkm,2001,0.72
tkm,2002,0.76
tkm,2003,0.76
tkm,2004,0.81
tkm,2005,0.86
tkm,2006,0.85
tkm,2007,0.81
tkm,2008,0.73
tkm,2009,0.62
tkm,2010,0.55
tkm,2011,0.51
tkm,2012,0.48
tkm,2013,0.45
tkm,2014,0.43
tkm,2015,0.39
tkm,2016,0.39
tkm,2017,0.38
tkm,2018,0.41
tkm,2019,0.41
tls,1990,1.95
tls,1991,1.94
tls,1992,2.06
tls,1993,2.2
tls,1994,2.32
tls,1995,2.46
tls,1996,2.56
tls,1997,2.56
tls,1998,2.76
tls,1999,2.91
tls,2000,3.16
tls,2001,3.11
tls,2002,3
tls,2003,3.14
tls,2004,2.64
tls,2005,2.68
tls,2006,2.42
tls,2007,2.38
tls,2008,2.14
tls,2009,2.3
tls,2010,2.31
tls,2011,2.61
tls,2012,2.8
tls,2013,2.84
tls,2014,2.93
tls,2015,2.99
tls,2016,3.02
tls,2017,3.04
tls,2018,3.07
tls,2019,3.09
ton,1990,1.16
ton,1991,1.14
ton,1992,1.12
ton,1993,1.13
ton,1994,1.13
ton,1995,1.13
ton,1996,1.14
ton,1997,1.16
ton,1998,1.22
ton,1999,1.31
ton,2000,1.34
ton,2001,1.34
ton,2002,1.37
ton,2003,1.4
ton,2004,1.39
ton,2005,1.37
ton,2006,1.38
ton,2007,1.4
ton,2008,1.41
ton,2009,1.41
ton,2010,1.42
ton,2011,1.42
ton,2012,1.43
ton,2013,1.46
ton,2014,1.45
ton,2015,1.45
ton,2016,1.45
ton,2017,1.44
ton,2018,1.44
ton,2019,1.44
tto,1990,0.58
tto,1991,0.55
tto,1992,0.54
tto,1993,0.57
tto,1994,0.53
tto,1995,0.51
tto,1996,0.56
tto,1997,0.51
tto,1998,0.55
tto,1999,0.58
tto,2000,0.61
tto,2001,0.57
tto,2002,0.59
tto,2003,0.64
tto,2004,0.76
tto,2005,0.88
tto,2006,0.98
tto,2007,1.07
tto,2008,1.2
tto,2009,1.15
tto,2010,1.1
tto,2011,1
tto,2012,0.89
tto,2013,0.91
tto,2014,0.88
tto,2015,0.85
tto,2016,0.83
tto,2017,0.82
tto,2018,0.81
tto,2019,0.8
tun,1990,4.28
tun,1991,4.36
tun,1992,4.41
tun,1993,4.46
tun,1994,4.38
tun,1995,4.4
tun,1996,4.3
tun,1997,4.27
tun,1998,4.24
tun,1999,4.21
tun,2000,4.17
tun,2001,4.14
tun,2002,4.1
tun,2003,4.07
tun,2004,4
tun,2005,3.95
tun,2006,3.9
tun,2007,3.84
tun,2008,3.79
tun,2009,3.75
tun,2010,3.74
tun,2011,3.7
tun,2012,3.66
tun,2013,3.7
tun,2014,3.68
tun,2015,3.59
tun,2016,3.57
tun,2017,3.56
tun,2018,3.58
tun,2019,3.54
tur,1990,0.75
tur,1991,0.74
tur,1992,0.73
tur,1993,0.72
tur,1994,0.71
tur,1995,0.68
tur,1996,0.64
tur,1997,0.59
tur,1998,0.57
tur,1999,0.57
tur,2000,0.51
tur,2001,0.44
tur,2002,0.38
tur,2003,0.37
tur,2004,0.37
tur,2005,0.36
tur,2006,0.36
tur,2007,0.36
tur,2008,0.36
tur,2009,0.4
tur,2010,0.44
tur,2011,0.46
tur,2012,0.5
tur,2013,0.57
tur,2014,0.62
tur,2015,0.63
tur,2016,0.64
tur,2017,0.63
tur,2018,0.58
tur,2019,0.56
tuv,1990,3.38
tuv,1991,3.31
tuv,1992,3.25
tuv,1993,3.17
tuv,1994,3.06
tuv,1995,3.04
tuv,1996,3.02
tuv,1997,3.08
tuv,1998,3.06
tuv,1999,3.11
tuv,2000,3.18
tuv,2001,3.25
tuv,2002,3.28
tuv,2003,3.31
tuv,2004,3.33
tuv,2005,3.36
tuv,2006,3.41
tuv,2007,3.45
tuv,2008,3.45
tuv,2009,3.45
tuv,2010,3.45
tuv,2011,3.44
tuv,2012,3.43
tuv,2013,3.41
tuv,2014,3.37
tuv,2015,3.34
tuv,2016,3.32
tuv,2017,3.3
tuv,2018,3.27
tuv,2019,3.25
twn,1990,0.41
twn,1991,0.39
twn,1992,0.39
twn,1993,0.39
twn,1994,0.39
twn,1995,0.38
twn,1996,0.38
twn,1997,0.38
twn,1998,0.41
twn,1999,0.45
twn,2000,0.62
twn,2001,0.72
twn,2002,0.78
twn,2003,0.9
twn,2004,1.13
twn,2005,1.46
twn,2006,1.85
twn,2007,2.3
twn,2008,3.13
twn,2009,3.66
twn,2010,4.08
twn,2011,4.58
twn,2012,4.75
twn,2013,4.76
twn,2014,4.8
twn,2015,4.6
twn,2016,4.58
twn,2017,4.24
twn,2018,4.03
twn,2019,3.85
tza,1990,1.4
tza,1991,1.38
tza,1992,1.37
tza,1993,1.36
tza,1994,1.36
tza,1995,1.35
tza,1996,1.34
tza,1997,1.34
tza,1998,1.36
tza,1999,1.34
tza,2000,1.31
tza,2001,1.27
tza,2002,1.25
tza,2003,1.25
tza,2004,1.23
tza,2005,1.21
tza,2006,1.19
tza,2007,1.18
tza,2008,1.16
tza,2009,1.16
tza,2010,1.14
tza,2011,1.12
tza,2012,1.12
tza,2013,1.11
tza,2014,1.07
tza,2015,1.06
tza,2016,1.05
tza,2017,1.04
tza,2018,1.04
tza,2019,1.03
uga,1990,1.57
uga,1991,1.66
uga,1992,1.71
uga,1993,1.79
uga,1994,1.87
uga,1995,1.96
uga,1996,2.03
uga,1997,2.08
uga,1998,2.14
uga,1999,2.16
uga,2000,2.19
uga,2001,2.21
uga,2002,2.18
uga,2003,2.16
uga,2004,2.17
uga,2005,2.15
uga,2006,2.11
uga,2007,2.07
uga,2008,1.99
uga,2009,1.94
uga,2010,1.89
uga,2011,1.85
uga,2012,1.82
uga,2013,1.83
uga,2014,1.81
uga,2015,1.76
uga,2016,1.75
uga,2017,1.68
uga,2018,1.67
uga,2019,1.64
ukr,1990,1.62
ukr,1991,1.66
ukr,1992,1.67
ukr,1993,1.62
ukr,1994,1.63
ukr,1995,1.66
ukr,1996,1.5
ukr,1997,1.32
ukr,1998,1.21
ukr,1999,1.23
ukr,2000,1.29
ukr,2001,1.33
ukr,2002,1.38
ukr,2003,1.36
ukr,2004,1.37
ukr,2005,1.31
ukr,2006,1.24
ukr,2007,1.28
ukr,2008,1.18
ukr,2009,0.91
ukr,2010,0.8
ukr,2011,0.73
ukr,2012,0.71
ukr,2013,0.73
ukr,2014,0.8
ukr,2015,1.35
ukr,2016,1.36
ukr,2017,1.3
ukr,2018,1.19
ukr,2019,1.17
ury,1990,1.24
ury,1991,1.18
ury,1992,1.36
ury,1993,1.51
ury,1994,1.63
ury,1995,1.73
ury,1996,1.78
ury,1997,1.89
ury,1998,1.97
ury,1999,1.96
ury,2000,1.84
ury,2001,1.71
ury,2002,1.7
ury,2003,1.7
ury,2004,1.75
ury,2005,1.85
ury,2006,2.05
ury,2007,2.38
ury,2008,2.51
ury,2009,2.71
ury,2010,2.86
ury,2011,3.26
ury,2012,3.46
ury,2013,3.46
ury,2014,3.51
ury,2015,3.43
ury,2016,3.25
ury,2017,3.06
ury,2018,2.91
ury,2019,2.76
usa,1990,1.27
usa,1991,1.18
usa,1992,1.09
usa,1993,1.06
usa,1994,1.03
usa,1995,1
usa,1996,0.97
usa,1997,0.96
usa,1998,0.96
usa,1999,0.99
usa,2000,1.07
usa,2001,1.15
usa,2002,1.24
usa,2003,1.32
usa,2004,1.38
usa,2005,1.46
usa,2006,1.52
usa,2007,1.53
usa,2008,1.5
usa,2009,1.44
usa,2010,1.38
usa,2011,1.37
usa,2012,1.34
usa,2013,1.32
usa,2014,1.32
usa,2015,1.35
usa,2016,1.41
usa,2017,1.36
usa,2018,1.29
usa,2019,1.25
uzb,1990,0.43
uzb,1991,0.41
uzb,1992,0.38
uzb,1993,0.36
uzb,1994,0.35
uzb,1995,0.35
uzb,1996,0.35
uzb,1997,0.34
uzb,1998,0.36
uzb,1999,0.36
uzb,2000,0.37
uzb,2001,0.38
uzb,2002,0.39
uzb,2003,0.4
uzb,2004,0.43
uzb,2005,0.46
uzb,2006,0.45
uzb,2007,0.45
uzb,2008,0.44
uzb,2009,0.43
uzb,2010,0.42
uzb,2011,0.41
uzb,2012,0.41
uzb,2013,0.42
uzb,2014,0.41
uzb,2015,0.49
uzb,2016,0.5
uzb,2017,0.48
uzb,2018,0.47
uzb,2019,0.47
vct,1990,0.73
vct,1991,0.86
vct,1992,0.94
vct,1993,1.01
vct,1994,1.1
vct,1995,1.17
vct,1996,1.19
vct,1997,1.17
vct,1998,1.16
vct,1999,1.16
vct,2000,1.07
vct,2001,1.13
vct,2002,1.09
vct,2003,1.11
vct,2004,1.07
vct,2005,1.18
vct,2006,1.23
vct,2007,1.15
vct,2008,1.2
vct,2009,1.19
vct,2010,1.1
vct,2011,1.02
vct,2012,1.08
vct,2013,1.14
vct,2014,1.1
vct,2015,1.09
vct,2016,1.13
vct,2017,1.14
vct,2018,1.14
vct,2019,1.13
ven,1990,1.64
ven,1991,1.69
ven,1992,1.74
ven,1993,1.81
ven,1994,1.86
ven,1995,1.79
ven,1996,1.56
ven,1997,1.46
ven,1998,1.54
ven,1999,1.6
ven,2000,1.71
ven,2001,1.81
ven,2002,1.75
ven,2003,1.81
ven,2004,1.71
ven,2005,1.67
ven,2006,1.83
ven,2007,2.11
ven,2008,2.3
ven,2009,2.34
ven,2010,2.45
ven,2011,2.59
ven,2012,2.93
ven,2013,3.09
ven,2014,2.97
ven,2015,2.85
ven,2016,2.71
ven,2017,2.7
ven,2018,2.8
ven,2019,2.71
vir,1990,1.77
vir,1991,1.8
vir,1992,1.8
vir,1993,1.79
vir,1994,1.82
vir,1995,2.09
vir,1996,2.24
vir,1997,2.36
vir,1998,2.47
vir,1999,2.61
vir,2000,2.8
vir,2001,2.83
vir,2002,2.78
vir,2003,2.71
vir,2004,2.66
vir,2005,2.62
vir,2006,2.45
vir,2007,1.69
vir,2008,1.68
vir,2009,1.69
vir,2010,1.68
vir,2011,1.7
vir,2012,1.73
vir,2013,1.74
vir,2014,1.75
vir,2015,1.77
vir,2016,1.75
vir,2017,1.75
vir,2018,1.75
vir,2019,1.74
vnm,1990,7.05
vnm,1991,6.97
vnm,1992,6.86
vnm,1993,6.76
vnm,1994,6.66
vnm,1995,6.6
vnm,1996,6.52
vnm,1997,6.45
vnm,1998,6.42
vnm,1999,6.4
vnm,2000,6.46
vnm,2001,6.71
vnm,2002,7.02
vnm,2003,7.35
vnm,2004,7.68
vnm,2005,7.96
vnm,2006,8.1
vnm,2007,8.68
vnm,2008,9.39
vnm,2009,9.53
vnm,2010,9.54
vnm,2011,9.42
vnm,2012,9.27
vnm,2013,9.18
vnm,2014,9.01
vnm,2015,8.78
vnm,2016,8.56
vnm,2017,8.34
vnm,2018,8.15
vnm,2019,7.95
vut,1990,2.52
vut,1991,2.7
vut,1992,2.84
vut,1993,2.91
vut,1994,2.99
vut,1995,3.01
vut,1996,3.06
vut,1997,3.1
vut,1998,3.15
vut,1999,3.23
vut,2000,3.24
vut,2001,3.33
vut,2002,3.28
vut,2003,3.22
vut,2004,3.24
vut,2005,3.36
vut,2006,3.4
vut,2007,3.47
vut,2008,3.5
vut,2009,3.52
vut,2010,3.52
vut,2011,3.58
vut,2012,3.58
vut,2013,3.6
vut,2014,3.6
vut,2015,3.59
vut,2016,3.6
vut,2017,3.59
vut,2018,3.6
vut,2019,3.6
wsm,1990,1.71
wsm,1991,1.73
wsm,1992,1.77
wsm,1993,1.78
wsm,1994,1.79
wsm,1995,1.8
wsm,1996,1.81
wsm,1997,1.84
wsm,1998,1.87
wsm,1999,1.91
wsm,2000,1.95
wsm,2001,2
wsm,2002,2.04
wsm,2003,2.07
wsm,2004,2.09
wsm,2005,2.1
wsm,2006,2.11
wsm,2007,2.1
wsm,2008,2.1
wsm,2009,2.09
wsm,2010,2.08
wsm,2011,2.07
wsm,2012,2.07
wsm,2013,2.05
wsm,2014,2.04
wsm,2015,2.03
wsm,2016,2.03
wsm,2017,2.02
wsm,2018,2
wsm,2019,1.98
yem,1990,4.03
yem,1991,3.89
yem,1992,3.8
yem,1993,3.72
yem,1994,3.65
yem,1995,3.59
yem,1996,3.54
yem,1997,3.49
yem,1998,3.43
yem,1999,3.42
yem,2000,3.41
yem,2001,3.36
yem,2002,3.39
yem,2003,3.34
yem,2004,3.3
yem,2005,3.25
yem,2006,3.22
yem,2007,3.21
yem,2008,3.26
yem,2009,3.14
yem,2010,2.94
yem,2011,2.93
yem,2012,2.86
yem,2013,2.87
yem,2014,2.8
yem,2015,2.84
yem,2016,2.88
yem,2017,2.93
yem,2018,3.01
yem,2019,3.01
zaf,1990,1.56
zaf,1991,1.58
zaf,1992,1.66
zaf,1993,1.5
zaf,1994,1.49
zaf,1995,1.54
zaf,1996,1.47
zaf,1997,1.68
zaf,1998,1.73
zaf,1999,1.62
zaf,2000,1.71
zaf,2001,1.65
zaf,2002,1.69
zaf,2003,1.75
zaf,2004,1.73
zaf,2005,1.68
zaf,2006,1.68
zaf,2007,1.59
zaf,2008,1.53
zaf,2009,1.41
zaf,2010,1.24
zaf,2011,1.07
zaf,2012,1.01
zaf,2013,0.97
zaf,2014,0.97
zaf,2015,0.96
zaf,2016,0.92
zaf,2017,0.94
zaf,2018,0.97
zaf,2019,1.01
zmb,1990,1.12
zmb,1991,1.14
zmb,1992,1.17
zmb,1993,1.19
zmb,1994,1.22
zmb,1995,1.25
zmb,1996,1.28
zmb,1997,1.3
zmb,1998,1.31
zmb,1999,1.32
zmb,2000,1.33
zmb,2001,1.32
zmb,2002,1.32
zmb,2003,1.32
zmb,2004,1.32
zmb,2005,1.31
zmb,2006,1.29
zmb,2007,1.26
zmb,2008,1.18
zmb,2009,1.12
zmb,2010,1.11
zmb,2011,1.09
zmb,2012,1.04
zmb,2013,1.01
zmb,2014,0.99
zmb,2015,0.94
zmb,2016,0.93
zmb,2017,0.92
zmb,2018,0.9
zmb,2019,0.89
zwe,1990,0.55
zwe,1991,0.56
zwe,1992,0.59
zwe,1993,0.61
zwe,1994,0.67
zwe,1995,0.72
zwe,1996,0.7
zwe,1997,0.7
zwe,1998,0.73
zwe,1999,0.76
zwe,2000,0.81
zwe,2001,0.8
zwe,2002,0.8
zwe,2003,0.78
zwe,2004,0.78
zwe,2005,0.77
zwe,2006,0.77
zwe,2007,0.78
zwe,2008,0.83
zwe,2009,0.83
zwe,2010,0.82
zwe,2011,0.78
zwe,2012,0.74
zwe,2013,0.7
zwe,2014,0.68
zwe,2015,0.69
zwe,2016,0.68
zwe,2017,0.67
zwe,2018,0.66
zwe,2019,0.65
